number,value,datetime_start,datetime_complete,duration,params_colsample_bytree,params_learning_rate,params_max_depth,params_min_child_weight,params_reg_alpha,params_reg_lambda,params_subsample,state
0,0.7510495626822158,2026-08-24 20:54:42.696881,2026-08-24 20:54:42.861045,0 days 00:00:00.164164,0.7993292420985183,0.2536999076681771,4,4,0.000602521573620386,0.00019517224641449495,0.8659969709057025,COMPLETE
1,0.752463556851312,2026-08-24 20:54:42.861116,2026-08-24 20:54:43.077485,0 days 00:00:00.216369,0.5102922471479012,0.07725378389307355,8,20,1.452824663751602,0.0011526449540315614,0.8540362888980227,COMPLETE
2,0.7370481049562683,2026-08-24 20:54:43.077551,2026-08-24 20:54:43.183032,0 days 00:00:00.105481,0.762378215816119,0.018659959624904923,3,9,0.0028585493941961923,0.11462107403425029,0.6521211214797689,COMPLETE
3,0.7390816326530613,2026-08-24 20:54:43.183096,2026-08-24 20:54:43.274828,0 days 00:00:00.091732,0.728034992108518,0.027010527749605478,2,16,0.0009962513222055117,0.03725393839578886,0.6831809216468459,COMPLETE
4,0.7367565597667639,2026-08-24 20:54:43.274887,2026-08-24 20:54:43.493158,0 days 00:00:00.218271,0.5852620618436457,0.011711509955524094,6,2,5.55172168524472,6.732248920775334,0.8037724259507192,COMPLETE
5,0.755932944606414,2026-08-24 20:54:43.493220,2026-08-24 20:54:44.441984,0 days 00:00:00.948764,0.8421165132560784,0.028180680291847244,7,9,0.00040755964400728694,0.02991469302130215,0.5488360570031919,COMPLETE
6,0.749533527696793,2026-08-24 20:54:44.442044,2026-08-24 20:54:44.532357,0 days 00:00:00.090313,0.831261142176991,0.2203821893928988,2,7,0.039841905944346875,0.05414413211338523,0.6293899908000085,COMPLETE
7,0.7429591836734694,2026-08-24 20:54:44.532422,2026-08-24 20:54:44.656022,0 days 00:00:00.123600,0.9697494707820946,0.2705166881899928,3,18,0.09761125443110452,4.067908494359543,0.8875664116805573,COMPLETE
8,0.7472448979591837,2026-08-24 20:54:44.656082,2026-08-24 20:54:44.701507,0 days 00:00:00.045425,0.6626651653816322,0.01947558230629543,2,8,0.002273762810253686,1.3921548533046488,0.522613644455269,COMPLETE
9,0.7463119533527698,2026-08-24 20:54:44.701571,2026-08-24 20:54:44.846823,0 days 00:00:00.145252,0.5704621124873813,0.026000059117302653,4,17,0.0002359137306347715,8.59873733921227,0.7713480415791243,COMPLETE
10,0.74567055393586,2026-08-24 20:54:44.846879,2026-08-24 20:54:45.087722,0 days 00:00:00.240843,0.9352468198873466,0.06690992453172917,7,13,0.01076822941610914,0.004520957335374952,0.984768555393933,COMPLETE
11,0.74865889212828,2026-08-24 20:54:45.087789,2026-08-24 20:54:45.251004,0 days 00:00:00.163215,0.8786594745277075,0.06962550818742679,8,13,0.9802989335982001,0.0019303990443151628,0.5034331983772904,COMPLETE
12,0.7579008746355685,2026-08-24 20:54:45.251064,2026-08-24 20:54:45.621303,0 days 00:00:00.370239,0.5109089606097476,0.1302280528485088,8,12,0.31828312631349026,0.002185769100162308,0.9689478251869063,COMPLETE
13,0.7494970845481049,2026-08-24 20:54:45.621360,2026-08-24 20:54:45.708932,0 days 00:00:00.087572,0.6888292996838146,0.1320639950556449,6,11,0.2099569708816774,0.3629852778670363,0.960544136650653,COMPLETE
14,0.7393586005830904,2026-08-24 20:54:45.709000,2026-08-24 20:54:45.868156,0 days 00:00:00.159156,0.8678954872002884,0.04354739383874702,7,5,0.011984096456372396,0.007453740021648722,0.5634924220005434,COMPLETE
15,0.750131195335277,2026-08-24 20:54:45.868221,2026-08-24 20:54:46.084079,0 days 00:00:00.215858,0.5926298696920422,0.12216355925806084,7,12,0.37017194142773086,0.00015177087592234314,0.7074385279224897,COMPLETE
16,0.7512973760932945,2026-08-24 20:54:46.084145,2026-08-24 20:54:46.326418,0 days 00:00:00.242273,0.5125413310426077,0.03897803960375353,6,15,0.00010397182740860142,0.011444165719773282,0.5710921036558219,COMPLETE
17,0.7580320699708455,2026-08-24 20:54:46.326484,2026-08-24 20:54:46.715938,0 days 00:00:00.389454,0.6531221286499026,0.11978626972309993,8,10,0.01781294732928646,0.0005354846836147949,0.9290446488998967,COMPLETE
18,0.7508746355685132,2026-08-24 20:54:46.716003,2026-08-24 20:54:46.872794,0 days 00:00:00.156791,0.652446661063429,0.15145270343269096,8,14,0.06281732889582836,0.0004874206153890443,0.9318053345561489,COMPLETE
19,0.7573615160349855,2026-08-24 20:54:46.872864,2026-08-24 20:54:47.097885,0 days 00:00:00.225021,0.6240956419513559,0.1713576149281431,8,6,0.0151530190027151,0.0006611160182967714,0.903636560260076,COMPLETE
20,0.752667638483965,2026-08-24 20:54:47.097944,2026-08-24 20:54:47.345143,0 days 00:00:00.247199,0.5400049628174017,0.09806146822400062,5,10,3.2605115544335193,0.0021803195227655166,0.9991349065669801,COMPLETE
21,0.7647813411078718,2026-08-24 20:54:47.345203,2026-08-24 20:54:47.620142,0 days 00:00:00.274939,0.6141831052110287,0.19002817728709245,8,6,0.013968169831582692,0.000565768328776363,0.905109924132299,COMPLETE
22,0.7474927113702624,2026-08-24 20:54:47.620201,2026-08-24 20:54:47.842985,0 days 00:00:00.222784,0.7149516835019795,0.19297584945442403,8,3,0.23082773786697378,0.0003115012061067322,0.814726113344182,COMPLETE
23,0.7471282798833819,2026-08-24 20:54:47.843047,2026-08-24 20:54:47.930940,0 days 00:00:00.087893,0.6044000049913592,0.10121012361588448,7,11,0.003956155119016376,0.00011431541785080443,0.9340933208051525,COMPLETE
24,0.7596209912536442,2026-08-24 20:54:47.931000,2026-08-24 20:54:48.375762,0 days 00:00:00.444762,0.5489867275811653,0.0919314853302482,8,7,0.02212233808715624,0.003418087963577316,0.9439933848716875,COMPLETE
25,0.7543877551020408,2026-08-24 20:54:48.375823,2026-08-24 20:54:48.511239,0 days 00:00:00.135416,0.6523796701790242,0.09581200245531701,6,6,0.017788016828777033,0.0008015132198148469,0.8359286278799217,COMPLETE
26,0.7608600583090379,2026-08-24 20:54:48.511300,2026-08-24 20:54:48.767456,0 days 00:00:00.256156,0.5473338952718988,0.05251569611852853,7,8,0.007636971410894283,0.005829638955101996,0.914167439888165,COMPLETE
27,0.760058309037901,2026-08-24 20:54:48.767518,2026-08-24 20:54:49.088947,0 days 00:00:00.321429,0.5666393758052286,0.052868529212974864,7,1,0.0020473227821171574,0.01309285452265256,0.8937714647226439,COMPLETE
28,0.7666909620991254,2026-08-24 20:54:49.089009,2026-08-24 20:54:49.415606,0 days 00:00:00.326597,0.5510425024755335,0.05003335574498735,5,1,0.0068902772056440836,0.01704234601226918,0.753273328148085,COMPLETE
29,0.751268221574344,2026-08-24 20:54:49.415667,2026-08-24 20:54:49.672392,0 days 00:00:00.256725,0.6262510486791795,0.03861526689711333,5,4,0.0059848994577032235,0.016355509078897403,0.7531544702794251,COMPLETE
30,0.7438483965014577,2026-08-24 20:54:49.672455,2026-08-24 20:54:49.858867,0 days 00:00:00.186412,0.7640611800723452,0.05504521004428527,4,1,0.0009475621076576635,0.18897400219563393,0.7254426108920369,COMPLETE
31,0.7578134110787171,2026-08-24 20:54:49.858937,2026-08-24 20:54:50.031563,0 days 00:00:00.172626,0.5621979631283099,0.04970214666737383,5,1,0.0017798440371459574,0.015111535627975108,0.8812829080304145,COMPLETE
32,0.7558309037900874,2026-08-24 20:54:50.031624,2026-08-24 20:54:50.222515,0 days 00:00:00.190891,0.533359537902492,0.06190736747871961,6,3,0.006383462522076668,0.004289382544287833,0.8558512823757618,COMPLETE
33,0.7582798833819242,2026-08-24 20:54:50.222577,2026-08-24 20:54:50.496709,0 days 00:00:00.274132,0.5009049785519785,0.03400043138030734,7,4,0.005961081310600636,0.08516741890027377,0.797670387703147,COMPLETE
34,0.7484256559766763,2026-08-24 20:54:50.496769,2026-08-24 20:54:50.705504,0 days 00:00:00.208735,0.6109881842422002,0.07980140687004718,5,2,0.001726830020965367,0.022157914021963224,0.9028866696483816,COMPLETE
35,0.7646209912536444,2026-08-24 20:54:50.705567,2026-08-24 20:54:50.906307,0 days 00:00:00.200740,0.5696224236522215,0.05025543543834014,6,5,0.04127058589178096,0.007730349126993934,0.8339925541362461,COMPLETE
36,0.760393586005831,2026-08-24 20:54:50.906368,2026-08-24 20:54:51.256613,0 days 00:00:00.350245,0.5336042036453681,0.03134532625064441,6,8,0.03860488291795307,0.0071985304919475615,0.831024505309566,COMPLETE
37,0.7584693877551021,2026-08-24 20:54:51.256673,2026-08-24 20:54:51.513715,0 days 00:00:00.257042,0.5780719220524798,0.04614568362849158,4,5,0.07867515620561442,0.05449277296559169,0.77413741468649,COMPLETE
38,0.7499854227405247,2026-08-24 20:54:51.513776,2026-08-24 20:54:51.704773,0 days 00:00:00.190997,0.7004328722584814,0.021326361802296228,6,8,0.03466493100323342,0.0011539001767612376,0.8664642560127676,COMPLETE
39,0.7403790087463558,2026-08-24 20:54:51.704834,2026-08-24 20:54:51.831224,0 days 00:00:00.126390,0.6299864461097264,0.010566289050279001,3,6,0.10040843050029044,0.21188518203725015,0.6465923608200838,COMPLETE
40,0.7588338192419826,2026-08-24 20:54:51.831284,2026-08-24 20:54:52.217172,0 days 00:00:00.385888,0.7922287095621835,0.05944283231724078,7,3,0.0007167270792538404,0.00025464344005010766,0.6848529328250124,COMPLETE
41,0.7416326530612245,2026-08-24 20:54:52.217233,2026-08-24 20:54:52.309871,0 days 00:00:00.092638,0.5268410837664294,0.032633814768061896,6,8,0.03784311615302749,0.007611750402084285,0.8314743500024385,COMPLETE
42,0.7588338192419826,2026-08-24 20:54:52.309933,2026-08-24 20:54:52.541631,0 days 00:00:00.231698,0.5460037778670265,0.01667171797884941,6,9,0.007474403969138444,0.008301072942836666,0.7909451022606109,COMPLETE
43,0.7536880466472304,2026-08-24 20:54:52.541692,2026-08-24 20:54:52.738736,0 days 00:00:00.197044,0.589398712974537,0.02486865857491328,5,7,0.003700993770163927,0.0013205084602955907,0.824153249916053,COMPLETE
44,0.758002915451895,2026-08-24 20:54:52.738801,2026-08-24 20:54:53.142652,0 days 00:00:00.403851,0.5671901410901685,0.031044436860460344,7,20,0.05172647669302283,0.031370763026716215,0.8544681819748869,COMPLETE
45,0.7594169096209913,2026-08-24 20:54:53.142712,2026-08-24 20:54:53.385056,0 days 00:00:00.242344,0.5303041394936022,0.014349343728018745,6,5,0.023487601839679326,0.003823561344443587,0.7510192492964348,COMPLETE
46,0.7505102040816326,2026-08-24 20:54:53.385118,2026-08-24 20:54:53.687331,0 days 00:00:00.302213,0.6804670288706806,0.07429831690116942,5,9,0.008122264050627166,0.03784438092969963,0.722370069691597,COMPLETE
47,0.7571574344023324,2026-08-24 20:54:53.687405,2026-08-24 20:54:53.786734,0 days 00:00:00.099329,0.5989385918236495,0.293470448463706,7,7,0.11970039472114738,0.007649606710779464,0.9168145321447896,COMPLETE
48,0.7624198250728863,2026-08-24 20:54:53.786800,2026-08-24 20:54:54.016734,0 days 00:00:00.229934,0.5141039596883591,0.04064769074897155,6,8,0.1538929448679944,0.6789353969133088,0.7852617995539742,COMPLETE
49,0.7510641399416911,2026-08-24 20:54:54.016796,2026-08-24 20:54:54.190721,0 days 00:00:00.173925,0.5007250058963767,0.04055990110519038,4,5,0.8996250149401811,1.7387492444524728,0.7816221331820395,COMPLETE
50,0.7603352769679299,2026-08-24 20:54:54.190785,2026-08-24 20:54:54.476288,0 days 00:00:00.285503,0.5577885291791164,0.04770053873744944,7,2,0.00038229969212019135,1.768979616880392,0.964457233040088,COMPLETE
51,0.7624344023323615,2026-08-24 20:54:54.476352,2026-08-24 20:54:54.715470,0 days 00:00:00.239118,0.5188498188567277,0.028467413964935392,6,9,0.12891833510039777,0.4605349377436114,0.8089759935875197,COMPLETE
52,0.7605102040816326,2026-08-24 20:54:54.715532,2026-08-24 20:54:54.947742,0 days 00:00:00.232210,0.5154665260621023,0.025470847591050123,6,10,0.5252103382994051,0.4918088870118397,0.8713153086512966,COMPLETE
53,0.7520553935860058,2026-08-24 20:54:54.947804,2026-08-24 20:54:55.133967,0 days 00:00:00.186163,0.5811346006260988,0.0356012705237209,5,8,0.1452018721119844,4.038699432349145,0.8123064836473866,COMPLETE
54,0.7451020408163267,2026-08-24 20:54:55.134036,2026-08-24 20:54:55.356151,0 days 00:00:00.222115,0.9970987946146201,0.06374976619661063,6,6,0.2103912402748703,0.31152148887305053,0.7587789562070723,COMPLETE
55,0.7562244897959184,2026-08-24 20:54:55.356216,2026-08-24 20:54:55.537046,0 days 00:00:00.180830,0.5214600227014768,0.08184401482389503,4,11,0.05789840686484239,0.8098649360337273,0.845397317881854,COMPLETE
56,0.7578862973760934,2026-08-24 20:54:55.537125,2026-08-24 20:54:55.795011,0 days 00:00:00.257886,0.5509960569778699,0.021416729398732556,7,9,0.013401433653379553,0.10376419607663874,0.7329878040227603,COMPLETE
57,0.74067055393586,2026-08-24 20:54:55.795075,2026-08-24 20:54:55.989294,0 days 00:00:00.194219,0.6129993134418343,0.23189088872381258,8,6,0.5559397252743702,0.8987784652875117,0.6926570680533426,COMPLETE
58,0.7577696793002916,2026-08-24 20:54:55.989357,2026-08-24 20:54:56.204323,0 days 00:00:00.214966,0.5800047599864983,0.0414904405478236,6,12,0.010305516569009585,0.05637561802800775,0.8035242123917344,COMPLETE
59,0.7555247813411079,2026-08-24 20:54:56.204385,2026-08-24 20:54:56.544118,0 days 00:00:00.339733,0.5476716071070389,0.029081780684039236,5,7,0.022237103910976247,3.2832572592287192,0.5940628175743564,COMPLETE
60,0.7516472303206997,2026-08-24 20:54:56.544182,2026-08-24 20:54:57.019438,0 days 00:00:00.475256,0.9216365873811325,0.05359937732638227,8,9,0.15403099735941553,0.002598701752441006,0.7648146699297499,COMPLETE
61,0.7567711370262391,2026-08-24 20:54:57.019501,2026-08-24 20:54:57.247345,0 days 00:00:00.227844,0.5096457633108955,0.024555686134039356,6,10,2.921617205127355,0.5766325183269443,0.8737975462401575,COMPLETE
62,0.758338192419825,2026-08-24 20:54:57.247409,2026-08-24 20:54:57.475701,0 days 00:00:00.228292,0.5182633396413479,0.0281596400236941,6,10,0.5628489768098099,0.43642466084851017,0.9121107664213615,COMPLETE
63,0.7508163265306123,2026-08-24 20:54:57.475764,2026-08-24 20:54:57.706843,0 days 00:00:00.231079,0.5253945671850632,0.03640303975398407,6,18,0.3597135132761329,0.2088995681255458,0.887695801985116,COMPLETE
64,0.7574562682215744,2026-08-24 20:54:57.706909,2026-08-24 20:54:57.935980,0 days 00:00:00.229071,0.5599189120114075,0.022520246370192502,7,13,1.4952398882639883,0.13822387189572471,0.9489509362324846,COMPLETE
65,0.7525072886297375,2026-08-24 20:54:57.936042,2026-08-24 20:54:58.121929,0 days 00:00:00.185887,0.6358460477166584,0.017699250752118447,5,11,0.003835717794868273,0.943229434229484,0.785145646397873,COMPLETE
66,0.7505685131195337,2026-08-24 20:54:58.121994,2026-08-24 20:54:58.306340,0 days 00:00:00.184346,0.5386127420791592,0.04336026701741475,5,7,0.30796665210800694,2.621280562618537,0.8585700348580348,COMPLETE
67,0.7588775510204081,2026-08-24 20:54:58.306403,2026-08-24 20:54:58.744781,0 days 00:00:00.438378,0.7424458957849316,0.06822317404912587,7,8,0.08682951802065507,6.207377994744257,0.7403263020054255,COMPLETE
68,0.7642565597667638,2026-08-24 20:54:58.744845,2026-08-24 20:54:58.983290,0 days 00:00:00.238445,0.5009095895399837,0.057292712909495926,6,4,0.5898955073733713,0.02036732317233389,0.839860779929589,COMPLETE
69,0.7608600583090379,2026-08-24 20:54:58.983355,2026-08-24 20:54:59.155345,0 days 00:00:00.171990,0.5023182662053843,0.05689249047799163,2,4,0.05192073208795026,0.024656969277019585,0.8120315928802923,COMPLETE
70,0.7603935860058308,2026-08-24 20:54:59.155410,2026-08-24 20:54:59.401431,0 days 00:00:00.246021,0.5936793391241422,0.14370880585801704,5,3,0.025618575132552182,0.01128880417168104,0.8364541239035774,COMPLETE
71,0.7538192419825074,2026-08-24 20:54:59.401496,2026-08-24 20:54:59.523982,0 days 00:00:00.122486,0.5025781477570667,0.05014574743956722,2,4,0.05620458066676406,0.019107392846686267,0.8217088772922748,COMPLETE
72,0.7560714285714285,2026-08-24 20:54:59.524045,2026-08-24 20:54:59.698283,0 days 00:00:00.174238,0.5414271202361164,0.056711362748291035,2,4,0.011025863614197731,0.02872118469436153,0.8068250148001701,COMPLETE
73,0.7562026239067057,2026-08-24 20:54:59.698350,2026-08-24 20:54:59.896820,0 days 00:00:00.198470,0.5705132126853044,0.046388196059765525,3,2,0.16344186399839364,0.0051817549945105314,0.9841040815102478,COMPLETE
74,0.7514723032069971,2026-08-24 20:54:59.896883,2026-08-24 20:55:00.022558,0 days 00:00:00.125675,0.5154582200865045,0.08675653811394228,3,5,0.029735729706960146,0.0397787725207119,0.7714093270900597,COMPLETE
75,0.7555393586005832,2026-08-24 20:55:00.022621,2026-08-24 20:55:00.262179,0 days 00:00:00.239558,0.5334883857808571,0.10536798754917856,8,3,0.016640272004383432,0.018931025030414644,0.7932294536309883,COMPLETE
76,0.7556997084548105,2026-08-24 20:55:00.262244,2026-08-24 20:55:00.457318,0 days 00:00:00.195074,0.5574691528134793,0.07274763742093053,6,4,0.044030125549578226,0.01100791487660317,0.8428458906482872,COMPLETE
77,0.7591836734693878,2026-08-24 20:55:00.457383,2026-08-24 20:55:00.773611,0 days 00:00:00.316228,0.5226582293385654,0.06005748688391898,7,6,0.0027172344253137376,0.06620804311080272,0.9242688021301261,COMPLETE
78,0.7647667638483965,2026-08-24 20:55:00.773679,2026-08-24 20:55:01.093661,0 days 00:00:00.319982,0.5003996464536615,0.038875787034304186,8,1,0.06771540039559083,0.022154796689056618,0.894225120418674,COMPLETE
79,0.7591690962099126,2026-08-24 20:55:01.093727,2026-08-24 20:55:01.307007,0 days 00:00:00.213280,0.5705347040930607,0.19033545346882483,8,2,0.07569620171924211,0.005262525687053397,0.8922240324699385,COMPLETE
80,0.7544314868804665,2026-08-24 20:55:01.307069,2026-08-24 20:55:01.609034,0 days 00:00:00.301965,0.6099327556216978,0.03722377042739604,8,1,1.5157216900196862,0.013339181088197196,0.9073150799767886,COMPLETE
81,0.7616326530612245,2026-08-24 20:55:01.609108,2026-08-24 20:55:01.930178,0 days 00:00:00.321070,0.503654291623473,0.0443410999677965,8,2,0.07521042822350142,0.0261346039196088,0.8210971714118656,COMPLETE
82,0.7607580174927113,2026-08-24 20:55:01.930245,2026-08-24 20:55:02.256715,0 days 00:00:00.326470,0.5431630117904742,0.040070470882335826,8,1,0.2657268748487546,0.0421172740428346,0.8765730763075467,COMPLETE
83,0.7600000000000001,2026-08-24 20:55:02.256781,2026-08-24 20:55:02.646346,0 days 00:00:00.389565,0.5101053360417708,0.04407159026896026,8,2,0.0046658732237138895,0.0028446772119652777,0.9398109328861516,COMPLETE
84,0.7642128279883382,2026-08-24 20:55:02.646410,2026-08-24 20:55:02.927405,0 days 00:00:00.280995,0.5288803039057551,0.034316983588857125,8,3,0.11423745271218871,0.001498552484043501,0.848532307272642,COMPLETE
85,0.7588921282798835,2026-08-24 20:55:02.927474,2026-08-24 20:55:03.327068,0 days 00:00:00.399594,0.5285421533233416,0.029930485570650884,8,2,0.11608257453586619,0.0004497958794002802,0.8473318927112939,COMPLETE
86,0.7599562682215744,2026-08-24 20:55:03.327134,2026-08-24 20:55:03.627459,0 days 00:00:00.300325,0.512215936543758,0.033352093088802416,8,3,0.07262402568917362,0.0017405520909051612,0.861899761966886,COMPLETE
87,0.7622157434402332,2026-08-24 20:55:03.627528,2026-08-24 20:55:03.939841,0 days 00:00:00.312313,0.5545852216823497,0.034803300687924144,8,1,0.1908892430016274,0.0002260614526540183,0.8234428891346094,COMPLETE
88,0.7597886297376093,2026-08-24 20:55:03.939909,2026-08-24 20:55:04.206487,0 days 00:00:00.266578,0.5881259831811017,0.026782389095531944,8,1,0.16645011863346498,0.00014529176071338164,0.7064025123573499,COMPLETE
89,0.7518221574344024,2026-08-24 20:55:04.206553,2026-08-24 20:55:04.525058,0 days 00:00:00.318505,0.5559593476845013,0.03598782101124737,8,1,0.11929552152748456,0.0008308233140919034,0.7777668574612409,COMPLETE
90,0.7574489795918368,2026-08-24 20:55:04.525123,2026-08-24 20:55:04.776523,0 days 00:00:00.251400,0.5718432518634872,0.03233838420765905,7,5,0.8404085957289552,0.00030402639666798193,0.7998804613271069,COMPLETE
91,0.7634548104956269,2026-08-24 20:55:04.776593,2026-08-24 20:55:05.077698,0 days 00:00:00.301105,0.532456983064412,0.04958189616107562,8,2,0.23270800411713508,0.00019642919111030485,0.833260591009115,COMPLETE
92,0.7633819241982507,2026-08-24 20:55:05.077763,2026-08-24 20:55:05.378352,0 days 00:00:00.300589,0.5364948925194443,0.04023841912455057,8,3,0.4394331063325053,0.00019945324982381505,0.8315683987641658,COMPLETE
93,0.7624781341107872,2026-08-24 20:55:05.378418,2026-08-24 20:55:05.674466,0 days 00:00:00.296048,0.5356882738698064,0.050605454953980236,8,3,0.3892339587550073,0.00017593590359207053,0.8367224525210781,COMPLETE
94,0.7702040816326531,2026-08-24 20:55:05.674532,2026-08-24 20:55:05.970749,0 days 00:00:00.296217,0.5260457420048207,0.05018873966986882,8,3,0.45958990672763833,0.00011517610676222888,0.8479535078252696,COMPLETE
95,0.7708600583090379,2026-08-24 20:55:05.970815,2026-08-24 20:55:06.278674,0 days 00:00:00.307859,0.5370247087629659,0.04865317592449445,8,3,0.45470065609114557,0.00011317814679247683,0.8485622514356259,COMPLETE
96,0.7638629737609328,2026-08-24 20:55:06.278740,2026-08-24 20:55:06.548823,0 days 00:00:00.270083,0.5421072283006713,0.062854783845022,8,3,2.1414926870991384,0.00010034062682127993,0.8799850771180938,COMPLETE
97,0.7477915451895045,2026-08-24 20:55:06.548888,2026-08-24 20:55:06.795867,0 days 00:00:00.246979,0.8090437355645552,0.06384026540492899,8,4,2.2008235661181588,0.00011428747550378476,0.8969542745801607,COMPLETE
98,0.755932944606414,2026-08-24 20:55:06.795931,2026-08-24 20:55:07.094836,0 days 00:00:00.298905,0.5497303693983426,0.04924182867635305,8,3,0.6978711541026381,0.00034656821634698157,0.8643144589525654,COMPLETE
99,0.7612973760932945,2026-08-24 20:55:07.094903,2026-08-24 20:55:07.373799,0 days 00:00:00.278896,0.5785956801194574,0.05336224238046146,8,2,1.1747305840939086,0.0001412131961963372,0.8783923550279986,COMPLETE
100,0.7517492711370263,2026-08-24 20:55:07.373865,2026-08-24 20:55:07.690307,0 days 00:00:00.316442,0.5253946933582868,0.07263528936792193,8,2,0.25949947297125664,0.00010094927015093538,0.8506570974455633,COMPLETE
101,0.7700874635568515,2026-08-24 20:55:07.690375,2026-08-24 20:55:07.987447,0 days 00:00:00.297072,0.5421002583447259,0.04687687936917173,8,3,0.4115356216841721,0.00020589591891756863,0.8672082904788022,COMPLETE
102,0.7428206997084549,2026-08-24 20:55:07.987516,2026-08-24 20:55:08.247734,0 days 00:00:00.260218,0.5670492905323621,0.04726830113076667,8,3,5.850267243103572,0.0004544768106994212,0.8830715031656051,COMPLETE
103,0.7659183673469387,2026-08-24 20:55:08.247805,2026-08-24 20:55:08.541301,0 days 00:00:00.293496,0.5411588974548214,0.06595567639544733,8,4,0.7136437164796962,0.00028170564825750745,0.8946634951631205,COMPLETE
104,0.7450291545189505,2026-08-24 20:55:08.541368,2026-08-24 20:55:08.825456,0 days 00:00:00.284088,0.5432515430711958,0.057720126897412335,8,5,4.571072007309766,0.0006639520148189369,0.9234017301453378,COMPLETE
105,0.7612973760932944,2026-08-24 20:55:08.825523,2026-08-24 20:55:09.099382,0 days 00:00:00.273859,0.5992047007954443,0.06485156566401967,8,4,1.7330282557166132,0.0001309954256931287,0.9026592526928415,COMPLETE
106,0.7477696793002917,2026-08-24 20:55:09.099449,2026-08-24 20:55:09.513955,0 days 00:00:00.414506,0.5226073137514872,0.11395838120840764,8,4,7.803686653263055,0.0002905518420570503,0.8669231703564649,COMPLETE
107,0.7646355685131195,2026-08-24 20:55:09.514023,2026-08-24 20:55:09.770733,0 days 00:00:00.256710,0.5607520426844604,0.06853692952103199,7,5,0.6559018174638629,0.0002509118001113033,0.8849592634637781,COMPLETE
108,0.754868804664723,2026-08-24 20:55:09.770801,2026-08-24 20:55:10.228931,0 days 00:00:00.458130,0.6430717001640283,0.042946411554707936,7,5,0.6580620856886737,0.0008594233996713134,0.8929799488151308,COMPLETE
109,0.757463556851312,2026-08-24 20:55:10.228999,2026-08-24 20:55:10.506171,0 days 00:00:00.277172,0.5836778856618781,0.05270020525963198,7,6,0.4759238125596352,0.00037480767897238093,0.9188714006768315,COMPLETE
110,0.7638338192419826,2026-08-24 20:55:10.506238,2026-08-24 20:55:10.719485,0 days 00:00:00.213247,0.558021783912872,0.0667905503278226,7,5,0.6391846853531237,0.000580536248150366,0.9018250136071156,COMPLETE
111,0.7633819241982507,2026-08-24 20:55:10.719551,2026-08-24 20:55:10.993225,0 days 00:00:00.273674,0.5478003889666538,0.07885263075453268,8,3,1.0758959604404525,0.0002530375095405274,0.8846313528892897,COMPLETE
112,0.7632215743440234,2026-08-24 20:55:10.993294,2026-08-24 20:55:11.285290,0 days 00:00:00.291996,0.5101223597409769,0.05974350342056637,8,4,0.7672532808260407,0.0001714025360550182,0.8558321944271092,COMPLETE
113,0.7509912536443148,2026-08-24 20:55:11.285359,2026-08-24 20:55:11.522613,0 days 00:00:00.237254,0.6729214241519366,0.03790438846936265,8,4,2.5453853799570445,0.0001281972827588781,0.8736235052178368,COMPLETE
114,0.7630830903790086,2026-08-24 20:55:11.522688,2026-08-24 20:55:11.795106,0 days 00:00:00.272418,0.5623104253033395,0.05535054598715955,8,3,1.081511513083951,0.00010112602244604801,0.8481469200528376,COMPLETE
115,0.7564431486880465,2026-08-24 20:55:11.795179,2026-08-24 20:55:12.151360,0 days 00:00:00.356181,0.5397550216825968,0.08927170757134777,8,4,0.29553051412526654,0.0002363600553689852,0.9109973242776508,COMPLETE
116,0.7587026239067056,2026-08-24 20:55:12.151430,2026-08-24 20:55:12.412288,0 days 00:00:00.260858,0.5235124935818847,0.04589556788608494,7,5,1.987123172770281,0.00037688498610996904,0.6506474177427815,COMPLETE
117,0.767798833819242,2026-08-24 20:55:12.412356,2026-08-24 20:55:12.684811,0 days 00:00:00.272455,0.530245200017839,0.07082969726601127,8,3,1.3021849777342722,0.0001596736572549166,0.9572910980969138,COMPLETE
118,0.7593002915451895,2026-08-24 20:55:12.684881,2026-08-24 20:55:12.950305,0 days 00:00:00.265424,0.5768468688216994,0.07457677483314623,8,6,1.2076164848551085,0.00016791520290426645,0.9981346111725191,COMPLETE
119,0.7582653061224489,2026-08-24 20:55:12.950384,2026-08-24 20:55:13.238443,0 days 00:00:00.288059,0.5007201572237845,0.1684172169079089,7,2,0.8856387728009734,0.00027805537774522587,0.6314594521486525,COMPLETE
120,0.7601166180758018,2026-08-24 20:55:13.238526,2026-08-24 20:55:13.575113,0 days 00:00:00.336587,0.8677894521128848,0.08192046677567168,5,1,0.42635946876394254,0.0012660806393273891,0.9399735918058048,COMPLETE
121,0.7594314868804666,2026-08-24 20:55:13.575188,2026-08-24 20:55:13.847363,0 days 00:00:00.272175,0.5318372558090808,0.06962947517222812,8,3,1.4161909106195578,0.0001974737525394791,0.9479225089613308,COMPLETE
122,0.7525655976676384,2026-08-24 20:55:13.847432,2026-08-24 20:55:14.117807,0 days 00:00:00.270375,0.5496242079963956,0.06217945631796319,8,4,3.359455228066346,0.00014153547544113444,0.6663066403758704,COMPLETE
123,0.7607142857142857,2026-08-24 20:55:14.117878,2026-08-24 20:55:14.395264,0 days 00:00:00.277386,0.518537703007187,0.05782885603985795,8,3,0.3754840331827817,0.020927467480502185,0.9765814372885774,COMPLETE
124,0.7609037900874637,2026-08-24 20:55:14.395334,2026-08-24 20:55:14.687307,0 days 00:00:00.291973,0.6188066209479166,0.05165817232201148,8,5,0.008820186783548694,0.0004397440410982093,0.8673988850405162,COMPLETE
125,0.7518804664723032,2026-08-24 20:55:14.687375,2026-08-24 20:55:14.988507,0 days 00:00:00.301132,0.566753745403341,0.2584027956631747,8,2,0.5307605490227206,0.0006501759329134264,0.8856416221006191,COMPLETE
126,0.7650145772594752,2026-08-24 20:55:14.988576,2026-08-24 20:55:15.274588,0 days 00:00:00.286012,0.5393664622067215,0.06941013922912519,8,3,0.8231844830593713,0.00021732416499083856,0.9539261279291738,COMPLETE
127,0.7569679300291545,2026-08-24 20:55:15.274660,2026-08-24 20:55:15.528722,0 days 00:00:00.254062,0.5159341464145585,0.06973811208856727,8,1,0.8363628504506284,0.009720888257249637,0.9339884046068136,COMPLETE
128,0.7587900874635569,2026-08-24 20:55:15.528795,2026-08-24 20:55:15.750833,0 days 00:00:00.222038,0.5274930523362644,0.046576097764242014,5,4,0.019410452519645113,0.0145926419582721,0.9583182032712357,COMPLETE
129,0.7631632653061224,2026-08-24 20:55:15.750906,2026-08-24 20:55:16.051421,0 days 00:00:00.300515,0.5097221449546788,0.04292160479945536,8,3,0.33969882986004457,0.00022534821043711478,0.9520389766876406,COMPLETE
130,0.7575801749271137,2026-08-24 20:55:16.051491,2026-08-24 20:55:16.269808,0 days 00:00:00.218317,0.5903678240708682,0.0552156092502266,7,15,0.032395927759539755,0.0015726947081168435,0.8574615806886665,COMPLETE
131,0.7708163265306123,2026-08-24 20:55:16.269878,2026-08-24 20:55:16.555468,0 days 00:00:00.285590,0.5398677305481113,0.06349799077966502,8,3,0.5668512602670329,0.0001164959488176132,0.8422922719113921,COMPLETE
132,0.7641107871720116,2026-08-24 20:55:16.555539,2026-08-24 20:55:16.868277,0 days 00:00:00.312738,0.5552717556760866,0.06781769556669984,8,4,0.6161434480635017,0.00017202718100661586,0.8431652679211871,COMPLETE
133,0.7616909620991253,2026-08-24 20:55:16.868344,2026-08-24 20:55:17.158834,0 days 00:00:00.290490,0.5363869093948633,0.08315803164234672,8,2,0.4919501562153793,0.0003318800963271029,0.9707395734350357,COMPLETE
134,0.7712536443148688,2026-08-24 20:55:17.158904,2026-08-24 20:55:17.433071,0 days 00:00:00.274167,0.5284333276789802,0.06025917462659235,8,3,0.013326211510884653,0.00012196823327465955,0.8214573995698241,COMPLETE
135,0.7681049562682216,2026-08-24 20:55:17.433142,2026-08-24 20:55:17.746375,0 days 00:00:00.313233,0.5475192920717018,0.07666371493010675,8,2,1.3436190541425708,0.00012960018288375868,0.8176364680220897,COMPLETE
136,0.7684402332361515,2026-08-24 20:55:17.746445,2026-08-24 20:55:18.261385,0 days 00:00:00.514940,0.5487558019484896,0.07588994005092897,8,2,0.013983669162517256,0.00012789124657388846,0.8189369841072495,COMPLETE
137,0.7679446064139943,2026-08-24 20:55:18.261457,2026-08-24 20:55:18.738318,0 days 00:00:00.476861,0.5478666792696458,0.09838596142931669,8,2,0.005648638920568668,0.0001305301750092592,0.8152592947491101,COMPLETE
138,0.7551020408163266,2026-08-24 20:55:18.738390,2026-08-24 20:55:18.977901,0 days 00:00:00.239511,0.721349382597509,0.09329832882110967,8,2,0.004771845744578319,0.00012033586002034383,0.8155571879318644,COMPLETE
139,0.7457871720116618,2026-08-24 20:55:18.977975,2026-08-24 20:55:19.274566,0 days 00:00:00.296591,0.5459270704369956,0.10603063567725125,8,1,0.012507100038247057,0.00014570372655857842,0.7972499620691784,COMPLETE
140,0.770262390670554,2026-08-24 20:55:19.274634,2026-08-24 20:55:19.567017,0 days 00:00:00.292383,0.5373568360228808,0.07608190317577473,8,2,0.01408678689130299,0.00020085165776051705,0.8230586390828138,COMPLETE
141,0.7707871720116618,2026-08-24 20:55:19.567088,2026-08-24 20:55:19.993390,0 days 00:00:00.426302,0.5359731899782744,0.07642764733466284,8,2,0.015533699241210336,0.00018389797741683416,0.8276295494179449,COMPLETE
142,0.7631778425655976,2026-08-24 20:55:19.993461,2026-08-24 20:55:20.266733,0 days 00:00:00.273272,0.5513852061029056,0.07679878305938025,8,2,0.006803246917082192,0.0001633431924197562,0.8237232684865754,COMPLETE
143,0.7620991253644316,2026-08-24 20:55:20.266801,2026-08-24 20:55:20.542307,0 days 00:00:00.275506,0.5394280837630026,0.093771799625273,8,2,0.009566887750599313,0.0002114520873899085,0.8083515485377869,COMPLETE
144,0.7799125364431486,2026-08-24 20:55:20.542377,2026-08-24 20:55:20.886293,0 days 00:00:00.343916,0.5651600310142777,0.08449079660848761,8,3,0.012937374993977086,0.0001198187972881247,0.825039768640443,COMPLETE
145,0.7729883381924199,2026-08-24 20:55:20.886367,2026-08-24 20:55:21.163536,0 days 00:00:00.277169,0.5645281291626059,0.08722378488857246,8,3,0.014909386565200643,0.00011550267561447785,0.8266787127352195,COMPLETE
146,0.7608746355685132,2026-08-24 20:55:21.163614,2026-08-24 20:55:21.459388,0 days 00:00:00.295774,0.5655120729332458,0.10182647571491557,8,2,0.01449475194875498,0.00011521392946541252,0.8275839674674569,COMPLETE
147,0.7652332361516037,2026-08-24 20:55:21.459457,2026-08-24 20:55:21.719119,0 days 00:00:00.259662,0.5752431014821364,0.07701283282679673,8,3,0.014571717835461271,0.00013364818494698122,0.8163162425954517,COMPLETE
148,0.7549125364431486,2026-08-24 20:55:21.719190,2026-08-24 20:55:22.134297,0 days 00:00:00.415107,0.5279789432908553,0.09529580169113402,8,2,0.005156331100037681,0.00015927388663513963,0.7850768883747721,COMPLETE
149,0.7591399416909621,2026-08-24 20:55:22.134366,2026-08-24 20:55:22.403775,0 days 00:00:00.269409,0.5551314953629287,0.08604043883733747,8,1,0.020221135912756618,0.00010812395035561097,0.805510471259626,COMPLETE
150,0.7752769679300292,2026-08-24 20:55:22.403867,2026-08-24 20:55:22.836567,0 days 00:00:00.432700,0.5470292529665245,0.07863893387973063,8,3,0.012483211055524024,0.0001329677857294941,0.8356570840859128,COMPLETE
151,0.7716909620991254,2026-08-24 20:55:22.836652,2026-08-24 20:55:23.253685,0 days 00:00:00.417033,0.5424247434317472,0.08139196421581472,8,3,0.010400732213661558,0.00012917564030163992,0.8353055790137471,COMPLETE
152,0.7651895043731779,2026-08-24 20:55:23.253759,2026-08-24 20:55:23.595946,0 days 00:00:00.342187,0.563949412506547,0.08763137973615745,8,3,0.011133097946057978,0.00012731154868333636,0.8390086154685676,COMPLETE
153,0.7511661807580174,2026-08-24 20:55:23.596015,2026-08-24 20:55:23.875616,0 days 00:00:00.279601,0.5494094220509751,0.10974761564434256,8,2,0.008438941429253808,0.00010132093058359698,0.823586757507561,COMPLETE
154,0.7614868804664723,2026-08-24 20:55:23.875688,2026-08-24 20:55:24.199740,0 days 00:00:00.324052,0.5207641598076918,0.0804085498739127,8,3,0.02722138357687913,0.00018000334598022814,0.7922593591260777,COMPLETE
155,0.7639795918367347,2026-08-24 20:55:24.199828,2026-08-24 20:55:24.634691,0 days 00:00:00.434863,0.5366005625082743,0.0742825913999767,8,2,0.0030926063923169427,0.00015118748056319132,0.8332012017418491,COMPLETE
156,0.7683381924198252,2026-08-24 20:55:24.634763,2026-08-24 20:55:24.885142,0 days 00:00:00.250379,0.5740944166514891,0.08616026679394173,8,3,0.01648096074170987,0.00012391503653636104,0.8148861088038136,COMPLETE
157,0.7512827988338191,2026-08-24 20:55:24.885217,2026-08-24 20:55:25.079274,0 days 00:00:00.194057,0.584775238074668,0.11949111106387011,8,3,0.015988638933916357,0.00012802101773175606,0.8139323695394922,COMPLETE
158,0.7619679300291545,2026-08-24 20:55:25.079344,2026-08-24 20:55:25.336387,0 days 00:00:00.257043,0.5572490722154015,0.10063614841841682,8,3,0.011461422640852415,0.00018881949934989337,0.8019623982176052,COMPLETE
159,0.7645626822157435,2026-08-24 20:55:25.336459,2026-08-24 20:55:25.559628,0 days 00:00:00.223169,0.5718366517298807,0.08524134046004994,8,3,0.02366980014192814,0.00010288925356600147,0.8303407340805374,COMPLETE
160,0.7616180758017492,2026-08-24 20:55:25.559703,2026-08-24 20:55:25.806968,0 days 00:00:00.247265,0.5308722274983885,0.09056266074705764,8,2,0.01789911102575985,0.00015998999850648033,0.8421843700523922,COMPLETE
161,0.7734548104956268,2026-08-24 20:55:25.807038,2026-08-24 20:55:26.114151,0 days 00:00:00.307113,0.5475718542976354,0.07818887878532081,8,1,0.006358998243090764,0.00013296891917665156,0.8208060572606398,COMPLETE
162,0.7623760932944607,2026-08-24 20:55:26.114224,2026-08-24 20:55:26.406045,0 days 00:00:00.291821,0.5492916811644598,0.08046146778309043,8,2,0.006383888474978938,0.00013032876342549977,0.8194507982247773,COMPLETE
163,0.7692419825072886,2026-08-24 20:55:26.406116,2026-08-24 20:55:27.048391,0 days 00:00:00.642275,0.5447441197106431,0.07507701839869378,8,1,0.00924367517018375,0.00020224348022275583,0.8137186365175144,COMPLETE
164,0.7640524781341108,2026-08-24 20:55:27.048463,2026-08-24 20:55:27.374076,0 days 00:00:00.325613,0.563790822951096,0.07898204606001012,8,1,0.008194742369562608,0.00022644228376799357,0.8543606313783577,COMPLETE
165,0.7623032069970845,2026-08-24 20:55:27.374149,2026-08-24 20:55:27.683072,0 days 00:00:00.308923,0.5446516918321651,0.07510693528455206,8,1,0.01294302631567822,0.00019799213295560505,0.8120430965703131,COMPLETE
166,0.7698396501457726,2026-08-24 20:55:27.683145,2026-08-24 20:55:28.217768,0 days 00:00:00.534623,0.5792851005906708,0.09857260390977528,8,1,0.010779010027700283,0.0002875053498182757,0.8275196608806257,COMPLETE
167,0.7590087463556852,2026-08-24 20:55:28.217842,2026-08-24 20:55:28.513616,0 days 00:00:00.295774,0.5832975609170656,0.08652246400229142,8,1,0.010401661130457476,0.0002856047084210567,0.8292696083028466,COMPLETE
168,0.7364285714285714,2026-08-24 20:55:28.513688,2026-08-24 20:55:28.644831,0 days 00:00:00.131143,0.6005920730259967,0.09174187396224648,8,1,0.019004592596908548,0.00010216399344942215,0.8459101186738499,COMPLETE
169,0.7579446064139942,2026-08-24 20:55:28.644906,2026-08-24 20:55:28.896739,0 days 00:00:00.251833,0.5706571836680043,0.0749785086121434,8,2,0.015448284046234375,0.00018811983276959706,0.7992664015881651,COMPLETE
170,0.7676384839650146,2026-08-24 20:55:28.896816,2026-08-24 20:55:29.520514,0 days 00:00:00.623698,0.5552260178152216,0.06380276140204137,8,1,0.00742239523008729,0.00035125811123165135,0.8372365521338728,COMPLETE
171,0.7613848396501457,2026-08-24 20:55:29.520596,2026-08-24 20:55:30.032508,0 days 00:00:00.511912,0.5438172962319311,0.09920428175035985,8,2,0.006217070650819546,0.00013109353410841362,0.8214740318220202,COMPLETE
172,0.7624635568513121,2026-08-24 20:55:30.032583,2026-08-24 20:55:30.337243,0 days 00:00:00.304660,0.522253140909516,0.08293815643754363,8,2,0.01019886806851595,0.00014895539691060216,0.809872788826347,COMPLETE
173,0.7546647230320699,2026-08-24 20:55:30.337327,2026-08-24 20:55:30.604538,0 days 00:00:00.267211,0.5599465418097465,0.0982951958276859,8,2,0.012786440337254793,0.00024202263281120342,0.8517498856850279,COMPLETE
174,0.7553498542274053,2026-08-24 20:55:30.604612,2026-08-24 20:55:31.087218,0 days 00:00:00.482606,0.7777257485734201,0.08939961637809563,8,3,0.00491764172843155,0.00011803147227118407,0.8251312046297498,COMPLETE
175,0.757259475218659,2026-08-24 20:55:31.087299,2026-08-24 20:55:31.384609,0 days 00:00:00.297310,0.5757248074797338,0.0790092375705294,8,1,0.00822216423877845,0.00010099862505450129,0.8409176326958239,COMPLETE
176,0.7558163265306123,2026-08-24 20:55:31.384684,2026-08-24 20:55:31.631014,0 days 00:00:00.246330,0.535445560249599,0.11500325788674232,8,3,0.02582717243933103,0.0001789956848148655,0.8616387135969734,COMPLETE
177,0.7653790087463557,2026-08-24 20:55:31.631088,2026-08-24 20:55:31.988544,0 days 00:00:00.357456,0.551173507002553,0.13018153358078918,8,19,0.0037828369827584397,0.00013686439403335428,0.7905828998822992,COMPLETE
178,0.7670116618075802,2026-08-24 20:55:31.988619,2026-08-24 20:55:32.283309,0 days 00:00:00.294690,0.5156482645755314,0.07161155832416342,8,2,0.016323783009529698,0.00024202165416476788,0.8320712584638487,COMPLETE
179,0.762667638483965,2026-08-24 20:55:32.283387,2026-08-24 20:55:32.561529,0 days 00:00:00.278142,0.5445885356644842,0.061461535673894625,8,3,0.0001153266137166871,0.00015519890629837413,0.815425864407714,COMPLETE
180,0.7663702623906705,2026-08-24 20:55:32.561605,2026-08-24 20:55:33.034787,0 days 00:00:00.473182,0.5344327965576072,0.08402242332562705,8,1,0.009382198516603688,0.0002058486589788668,0.8069901345996058,COMPLETE
181,0.7660787172011662,2026-08-24 20:55:33.034862,2026-08-24 20:55:33.313263,0 days 00:00:00.278401,0.525329855684375,0.07131967916351038,8,3,0.012339369614274185,0.00016113906682226818,0.8210641145584678,COMPLETE
182,0.77033527696793,2026-08-24 20:55:33.313338,2026-08-24 20:55:33.780184,0 days 00:00:00.466846,0.5301434697340126,0.07608637286775966,8,3,0.020875665823493216,0.0001255646162747927,0.833874010316913,COMPLETE
183,0.7575655976676385,2026-08-24 20:55:33.780258,2026-08-24 20:55:33.959217,0 days 00:00:00.178959,0.7007646802993892,0.07785113993589562,8,4,0.019035903314296554,0.00012421579693529413,0.8482958416714348,COMPLETE
184,0.7550000000000001,2026-08-24 20:55:33.959288,2026-08-24 20:55:34.238775,0 days 00:00:00.279487,0.5665693409404593,0.09511050312012344,8,2,0.02129225924756821,0.00012158237599272071,0.8352504470632268,COMPLETE
185,0.765728862973761,2026-08-24 20:55:34.238849,2026-08-24 20:55:34.594135,0 days 00:00:00.355286,0.5405683345228128,0.08498616415716681,8,3,0.01436061105479129,0.00029172791651669834,0.8282041958831727,COMPLETE
186,0.766399416909621,2026-08-24 20:55:34.594211,2026-08-24 20:55:34.890826,0 days 00:00:00.296615,0.5575831021887984,0.06549328727971195,8,2,0.0059681494739499946,0.00019506781489867357,0.8027662886497147,COMPLETE
187,0.7622448979591838,2026-08-24 20:55:34.890900,2026-08-24 20:55:35.350559,0 days 00:00:00.459659,0.5333777818727734,0.10503271979354194,8,3,0.009944861258735541,0.00014103838221923804,0.8612220457496221,COMPLETE
188,0.7497667638483965,2026-08-24 20:55:35.350635,2026-08-24 20:55:35.636552,0 days 00:00:00.285917,0.5472169786273856,0.07463140852969403,8,2,0.02420770841026643,0.00010536694414109755,0.5224037182030821,COMPLETE
189,0.7626093294460642,2026-08-24 20:55:35.636626,2026-08-24 20:55:35.974486,0 days 00:00:00.337860,0.5134243690321718,0.08824169613045771,8,4,0.039807693143505164,0.0002407145699717077,0.8417299446706573,COMPLETE
190,0.7665451895043731,2026-08-24 20:55:35.974561,2026-08-24 20:55:36.249542,0 days 00:00:00.274981,0.5248700549461252,0.08086715591211607,8,3,0.031455412384589175,0.00017070553318604103,0.8155806106473098,COMPLETE
191,0.7685568513119534,2026-08-24 20:55:36.249639,2026-08-24 20:55:36.509992,0 days 00:00:00.260353,0.5294072494388401,0.07087686769520916,8,3,0.012511240960553432,0.00016516993813681338,0.8245236665200829,COMPLETE
192,0.7651311953352768,2026-08-24 20:55:36.510069,2026-08-24 20:55:36.761897,0 days 00:00:00.251828,0.5520077681361737,0.07129703910975392,8,3,0.011667438718870875,0.00013716328078065135,0.8268625542030474,COMPLETE
193,0.7696501457725946,2026-08-24 20:55:36.761971,2026-08-24 20:55:37.048695,0 days 00:00:00.286724,0.5340784433387114,0.06655191165722414,8,2,0.0159762439081458,0.00019406053642459574,0.8371874907734725,COMPLETE
194,0.7672594752186588,2026-08-24 20:55:37.048769,2026-08-24 20:55:37.385059,0 days 00:00:00.336290,0.5306935525328244,0.06660986404616753,8,1,0.017376923730002485,0.00019939932818831784,0.8524436293683488,COMPLETE
195,0.7682215743440233,2026-08-24 20:55:37.385136,2026-08-24 20:55:37.667831,0 days 00:00:00.282695,0.517316186848466,0.05923857203118537,8,4,0.013423838918480561,0.0002662919935993673,0.8387318467835588,COMPLETE
196,0.7720991253644314,2026-08-24 20:55:37.667910,2026-08-24 20:55:37.975554,0 days 00:00:00.307644,0.5113387687553758,0.05884007169717731,8,4,0.014035158249021339,0.0003919279450491943,0.8383573054245661,COMPLETE
197,0.7606997084548104,2026-08-24 20:55:37.975631,2026-08-24 20:55:38.273494,0 days 00:00:00.297863,0.5105951973749528,0.06117577857746774,8,4,0.015421223676692896,0.0003516391051961976,0.869908885629917,COMPLETE
198,0.7593586005830903,2026-08-24 20:55:38.273572,2026-08-24 20:55:38.722560,0 days 00:00:00.448988,0.5207799583824769,0.06560921369921917,8,3,0.021903279915716493,0.00017937730034842917,0.8481941205751973,COMPLETE
199,0.7717201166180757,2026-08-24 20:55:38.722641,2026-08-24 20:55:39.022949,0 days 00:00:00.300308,0.534271033879387,0.05564255743896893,8,3,0.007941410487719638,0.00010301455335945612,0.8336098617775306,COMPLETE
200,0.7607580174927113,2026-08-24 20:55:39.023024,2026-08-24 20:55:39.281438,0 days 00:00:00.258414,0.5343946089192887,0.05540495945812436,8,4,0.007648547089357771,0.00040733491665699963,0.8340199740272455,COMPLETE
201,0.7569679300291545,2026-08-24 20:55:39.281517,2026-08-24 20:55:40.078402,0 days 00:00:00.796885,0.9138378454167961,0.05232496061351579,8,3,0.010073608627275115,0.00010206885169840631,0.8276610295132797,COMPLETE
202,0.7696501457725948,2026-08-24 20:55:40.078481,2026-08-24 20:55:40.379283,0 days 00:00:00.300802,0.526451817020003,0.06009326894904599,8,3,0.012286033960525574,0.00010036943527043105,0.8551689067929144,COMPLETE
203,0.7643294460641399,2026-08-24 20:55:40.379357,2026-08-24 20:55:40.688456,0 days 00:00:00.309099,0.5101028581223748,0.06009641681151912,8,3,0.012073468601040001,0.0001611999665210598,0.8529552864915243,COMPLETE
204,0.7708892128279884,2026-08-24 20:55:40.688534,2026-08-24 20:55:40.979508,0 days 00:00:00.290974,0.5280574709672055,0.0683748852534476,8,3,0.00852307915683536,0.00010248699156276348,0.8435163792708029,COMPLETE
205,0.7595189504373178,2026-08-24 20:55:40.979582,2026-08-24 20:55:41.220729,0 days 00:00:00.241147,0.5250312258855708,0.05725987420349076,8,4,0.008247764894595624,0.00010445923097257198,0.8592541316080843,COMPLETE
206,0.7679154518950437,2026-08-24 20:55:41.220805,2026-08-24 20:55:41.526246,0 days 00:00:00.305441,0.5363524281923989,0.048804374449544316,8,3,0.007096903538877388,0.0002172373348415417,0.8390950014570928,COMPLETE
207,0.7695918367346939,2026-08-24 20:55:41.526326,2026-08-24 20:55:42.003991,0 days 00:00:00.477665,0.5207755859740902,0.06372730878156926,8,3,0.00982737853975967,0.00015383259342856308,0.8450884713714024,COMPLETE
208,0.7640816326530613,2026-08-24 20:55:42.004075,2026-08-24 20:55:42.333783,0 days 00:00:00.329708,0.5087394211943544,0.05426556183439542,8,4,0.009092253142625436,0.00010206911715472563,0.8660832992250189,COMPLETE
209,0.7685860058309039,2026-08-24 20:55:42.333858,2026-08-24 20:55:42.650860,0 days 00:00:00.317002,0.5180342054328462,0.06544382551874592,8,3,0.010700660431470449,0.00028717041157251766,0.8461891628357734,COMPLETE
210,0.7675072886297376,2026-08-24 20:55:42.650943,2026-08-24 20:55:43.149530,0 days 00:00:00.498587,0.5227101337769409,0.06206670485631615,8,3,0.007134183175020711,0.00014351061767433566,0.8572872505971032,COMPLETE
211,0.7691399416909621,2026-08-24 20:55:43.149605,2026-08-24 20:55:43.448527,0 days 00:00:00.298922,0.5211685378463141,0.06850331841361845,8,3,0.009578363825022938,0.0002933457760554415,0.843775783833076,COMPLETE
212,0.766326530612245,2026-08-24 20:55:43.448613,2026-08-24 20:55:43.734875,0 days 00:00:00.286262,0.5401722630392543,0.06760094086244832,8,3,0.009451183666268504,0.00020580859703372888,0.8447157519984658,COMPLETE
213,0.7659912536443149,2026-08-24 20:55:43.734962,2026-08-24 20:55:44.068270,0 days 00:00:00.333308,0.5012645760811273,0.06116838245814063,8,2,0.015090261464143996,0.00015572498645655862,0.8358907063560107,COMPLETE
214,0.775262390670554,2026-08-24 20:55:44.068349,2026-08-24 20:55:44.368464,0 days 00:00:00.300115,0.5188005254792637,0.05260436068378922,8,3,0.011875244387485029,0.0002548279862491039,0.8699172442174171,COMPLETE
215,0.7649999999999999,2026-08-24 20:55:44.368550,2026-08-24 20:55:44.649503,0 days 00:00:00.280953,0.5313823220183149,0.05282934507387323,8,4,0.018598403409911698,0.00010059583743868736,0.8684888554585344,COMPLETE
216,0.7559475218658893,2026-08-24 20:55:44.649582,2026-08-24 20:55:44.978100,0 days 00:00:00.328518,0.512428877907303,0.04718731997151729,8,2,0.012532245013965406,0.0002235695481506675,0.8740860926339826,COMPLETE
217,0.7654373177842566,2026-08-24 20:55:44.978184,2026-08-24 20:55:45.271529,0 days 00:00:00.293345,0.5393371187815804,0.056717678052144824,8,3,0.006207165306698324,0.00012939946951041903,0.8510403435860582,COMPLETE
218,0.7655976676384839,2026-08-24 20:55:45.271610,2026-08-24 20:55:45.596430,0 days 00:00:00.324820,0.5278055140122818,0.05185039962304328,8,2,0.0204466022713478,0.00017149033414663205,0.8582312468018087,COMPLETE
219,0.7663848396501458,2026-08-24 20:55:45.596513,2026-08-24 20:55:45.897194,0 days 00:00:00.300681,0.5411573337150761,0.057291394422396814,8,4,0.011054825199676443,0.00012934755398254732,0.8319734405883542,COMPLETE
220,0.7627551020408162,2026-08-24 20:55:45.897277,2026-08-24 20:55:46.156810,0 days 00:00:00.259533,0.5149358150415839,0.06285999096366442,8,3,0.004639543863758336,0.00019386489726355133,0.8379819016469753,COMPLETE
221,0.7575655976676383,2026-08-24 20:55:46.156894,2026-08-24 20:55:46.402893,0 days 00:00:00.245999,0.5265629043736727,0.07023711526297384,8,3,0.008863740627606564,0.00024804958014072287,0.8507238594640761,COMPLETE
222,0.7742857142857145,2026-08-24 20:55:46.402973,2026-08-24 20:55:46.871261,0 days 00:00:00.468288,0.520339500179492,0.07327768807980486,8,3,0.015514558763396245,0.0002946862899351892,0.8418586126351231,COMPLETE
223,0.7737026239067055,2026-08-24 20:55:46.871338,2026-08-24 20:55:47.375143,0 days 00:00:00.503805,0.5369110503689418,0.07374568593346642,8,3,0.015886763035256803,0.00015214890467435852,0.8297653813230697,COMPLETE
224,0.7667711370262391,2026-08-24 20:55:47.375221,2026-08-24 20:55:47.691994,0 days 00:00:00.316773,0.5074418567989623,0.050167616652703056,8,3,0.016780554996301378,0.00015047436842032557,0.831881776182521,COMPLETE
225,0.7597376093294461,2026-08-24 20:55:47.692071,2026-08-24 20:55:47.988283,0 days 00:00:00.296212,0.5332657211543534,0.08137753218639165,8,3,0.024705194494468778,0.00010001315591510696,0.8592157311643575,COMPLETE
226,0.7607142857142857,2026-08-24 20:55:47.988374,2026-08-24 20:55:48.354617,0 days 00:00:00.366243,0.5184325599158336,0.07361451768398437,8,4,0.013810870194389474,0.00012912627277545134,0.8438091903200452,COMPLETE
227,0.7693731778425656,2026-08-24 20:55:48.354724,2026-08-24 20:55:48.604471,0 days 00:00:00.249747,0.5300684329147562,0.06478717510249597,8,3,0.018295563069463155,0.00048583119793111956,0.8243765663694802,COMPLETE
228,0.763061224489796,2026-08-24 20:55:48.604549,2026-08-24 20:55:48.891691,0 days 00:00:00.287142,0.556841216296772,0.05939743789509066,8,2,0.014449672125743197,0.00015414980157939576,0.834056913843063,COMPLETE
229,0.7677259475218661,2026-08-24 20:55:48.891782,2026-08-24 20:55:49.219222,0 days 00:00:00.327440,0.5399925878314703,0.04553346625411538,8,3,0.011416282094164698,0.00032942588994003404,0.8743848210670568,COMPLETE
230,0.7664431486880467,2026-08-24 20:55:49.219301,2026-08-24 20:55:49.665962,0 days 00:00:00.446661,0.527208855232074,0.07932672228287374,8,4,0.03029258501786304,0.00012295985469398238,0.8425849678410244,COMPLETE
231,0.7692711370262392,2026-08-24 20:55:49.666059,2026-08-24 20:55:50.117285,0 days 00:00:00.451226,0.5329431248498654,0.06466689387901979,8,3,0.01950251932177931,0.0005047911209847828,0.8264137026158052,COMPLETE
232,0.7693002915451895,2026-08-24 20:55:50.117366,2026-08-24 20:55:50.398948,0 days 00:00:00.281582,0.5201795697467494,0.06763951098189194,8,3,0.01759801084265094,0.0001639323794925251,0.8242793279883521,COMPLETE
233,0.7656705539358601,2026-08-24 20:55:50.399031,2026-08-24 20:55:50.696595,0 days 00:00:00.297564,0.5396996276046908,0.0717795130929889,8,3,0.023208277890344322,0.00042360776738591534,0.8549238513186511,COMPLETE
234,0.7666180758017493,2026-08-24 20:55:50.696675,2026-08-24 20:55:51.001200,0 days 00:00:00.304525,0.5115600180983857,0.05439110032047659,8,3,0.015135765976747614,0.00024129855066461678,0.8351553631598176,COMPLETE
235,0.7550291545189505,2026-08-24 20:55:51.001279,2026-08-24 20:55:51.320011,0 days 00:00:00.318732,0.5270186077675388,0.06359743459771704,8,2,0.012378757070555654,0.00011978800139115021,0.8254063549703139,COMPLETE
236,0.7477696793002915,2026-08-24 20:55:51.320092,2026-08-24 20:55:51.480701,0 days 00:00:00.160609,0.8314018668716764,0.0769297974497914,8,3,0.01694642951074963,0.00034676238576470276,0.8461472782237253,COMPLETE
237,0.7655830903790087,2026-08-24 20:55:51.480781,2026-08-24 20:55:51.997604,0 days 00:00:00.516823,0.5499639855444659,0.060582577984361084,8,4,0.007710759836796678,0.00010090707398222792,0.8655317785903242,COMPLETE
238,0.7622886297376094,2026-08-24 20:55:51.997686,2026-08-24 20:55:52.340930,0 days 00:00:00.343244,0.5373976141974128,0.012876095973739515,8,2,0.011339942196471338,0.00017933358612248244,0.8371519309368924,COMPLETE
239,0.7631632653061224,2026-08-24 20:55:52.341012,2026-08-24 20:55:52.648472,0 days 00:00:00.307460,0.519575474661744,0.04874071841602501,8,3,0.014069969313052407,0.00014282192489667564,0.8202949000456092,COMPLETE
240,0.7666909620991252,2026-08-24 20:55:52.648554,2026-08-24 20:55:52.899407,0 days 00:00:00.250853,0.5573385522717769,0.07337690532495332,8,2,0.4487081994108041,0.0002378104824924543,0.8083198255806019,COMPLETE
241,0.7652915451895044,2026-08-24 20:55:52.899488,2026-08-24 20:55:53.232042,0 days 00:00:00.332554,0.523229780758944,0.06926734743541582,8,3,0.018805480508247475,0.00017402254609190994,0.8265963885037284,COMPLETE
242,0.7643731778425655,2026-08-24 20:55:53.232123,2026-08-24 20:55:53.482100,0 days 00:00:00.249977,0.5091282068325402,0.06721429094639966,8,3,0.02658935287010918,0.00014726912598106057,0.8228395305818158,COMPLETE
243,0.7611953352769678,2026-08-24 20:55:53.482182,2026-08-24 20:55:53.792324,0 days 00:00:00.310142,0.530337718152032,0.057658939602462544,8,4,0.0170694079544539,0.0001220965875230857,0.8477831460321803,COMPLETE
244,0.7787317784256559,2026-08-24 20:55:53.792406,2026-08-24 20:55:54.074210,0 days 00:00:00.281804,0.5196565238734364,0.06576129665868273,8,3,0.020415021313946454,0.00018711725141558615,0.8331492892956557,COMPLETE
245,0.7635860058309039,2026-08-24 20:55:54.074292,2026-08-24 20:55:54.373089,0 days 00:00:00.298797,0.5002916011619388,0.08255522951314925,8,3,0.021648549192870147,0.00020379205046123735,0.8338230851866675,COMPLETE
246,0.7536443148688046,2026-08-24 20:55:54.373171,2026-08-24 20:55:54.602832,0 days 00:00:00.229661,0.542799221937216,0.06408153405686928,8,17,0.010852894416967254,0.00027957306313802766,0.8428042974568694,COMPLETE
247,0.7598104956268221,2026-08-24 20:55:54.602922,2026-08-24 20:55:54.909779,0 days 00:00:00.306857,0.53284361107336,0.05465235104773714,8,4,0.013471755280081994,0.00012171555233714249,0.8537310641845917,COMPLETE
248,0.7671282798833818,2026-08-24 20:55:54.909866,2026-08-24 20:55:55.615901,0 days 00:00:00.706035,0.5166391720898584,0.07554452672761738,8,2,0.008994010347071054,0.0001847108750781256,0.8353811630351254,COMPLETE
249,0.7679446064139942,2026-08-24 20:55:55.615982,2026-08-24 20:55:55.911063,0 days 00:00:00.295081,0.5434089222073774,0.05804861018021759,8,3,0.021155574471293487,0.00010147444411531169,0.8165051798740548,COMPLETE
250,0.7568075801749271,2026-08-24 20:55:55.911144,2026-08-24 20:55:56.169454,0 days 00:00:00.258310,0.7370195925268971,0.06265122852739112,8,3,0.032951824436937525,0.00015075095447119306,0.8636862335349482,COMPLETE
251,0.7578571428571429,2026-08-24 20:55:56.169538,2026-08-24 20:55:56.474771,0 days 00:00:00.305233,0.5227143833065223,0.09187721473713062,8,2,0.014699635749986329,0.00030259811948787793,0.8404957410305607,COMPLETE
252,0.7645043731778426,2026-08-24 20:55:56.474850,2026-08-24 20:55:56.753451,0 days 00:00:00.278601,0.5508109586871232,0.07070516300727864,8,3,0.01143387414892179,0.0005245294821085823,0.5941864526737103,COMPLETE
253,0.7505102040816326,2026-08-24 20:55:56.753532,2026-08-24 20:55:56.908562,0 days 00:00:00.155030,0.5331122915239767,0.07837984130039101,4,4,0.0076329135221643,0.00012930029299639692,0.8296511957590417,COMPLETE
254,0.7582069970845482,2026-08-24 20:55:56.908649,2026-08-24 20:55:57.213824,0 days 00:00:00.305175,0.513747270632035,0.05030030659491065,8,3,0.01708701437306479,0.00021911034039129345,0.8525474928300735,COMPLETE
255,0.7626530612244897,2026-08-24 20:55:57.213908,2026-08-24 20:55:57.504405,0 days 00:00:00.290497,0.5632966484303805,0.06689749738774516,8,2,0.3407812598554286,0.00015955477619879375,0.8443774861793025,COMPLETE
256,0.7588775510204082,2026-08-24 20:55:57.504483,2026-08-24 20:55:57.820533,0 days 00:00:00.316050,0.5273183561171365,0.08326627962458867,8,4,0.02715710591553967,0.00010032436640335492,0.8058578568239027,COMPLETE
257,0.7678717201166181,2026-08-24 20:55:57.820621,2026-08-24 20:55:58.478885,0 days 00:00:00.658264,0.5431567837941931,0.07329208138925962,8,3,0.006312766884669308,0.00038055700556726785,0.8285689492345284,COMPLETE
258,0.7620845481049563,2026-08-24 20:55:58.478971,2026-08-24 20:55:58.787089,0 days 00:00:00.308118,0.5347849523038751,0.06067063457554444,8,2,0.010204130843253495,0.00019510002476200568,0.862464368352273,COMPLETE
259,0.7630612244897959,2026-08-24 20:55:58.787237,2026-08-24 20:55:59.106696,0 days 00:00:00.319459,0.5541344972224965,0.0543657814564756,8,3,0.012885543088639071,0.00013946374653566718,0.8224694874122311,COMPLETE
260,0.7654518950437317,2026-08-24 20:55:59.106782,2026-08-24 20:55:59.435339,0 days 00:00:00.328557,0.5074573523830842,0.04359054377456131,8,3,0.020782944615844862,0.00025336147771036553,0.8373504897537809,COMPLETE
261,0.7592128279883381,2026-08-24 20:55:59.435420,2026-08-24 20:55:59.706064,0 days 00:00:00.270644,0.5208914339015044,0.08884542979878861,8,2,0.008256700874122164,0.00012063338832422279,0.8508211382602776,COMPLETE
262,0.7717784256559767,2026-08-24 20:55:59.706144,2026-08-24 20:56:00.138078,0 days 00:00:00.431934,0.545164815870049,0.06545350600716832,8,3,0.49690698588042803,0.00016530631446232358,0.8122832405410195,COMPLETE
263,0.7640087463556853,2026-08-24 20:56:00.138178,2026-08-24 20:56:00.583865,0 days 00:00:00.445687,0.5446478531506174,0.07878295635208021,8,4,0.5269416807455081,0.00017539785932112943,0.8132362801918229,COMPLETE
264,0.7464941690962099,2026-08-24 20:56:00.583946,2026-08-24 20:56:00.720820,0 days 00:00:00.136874,0.5574357133923987,0.0694568131962118,8,2,0.3871678096048836,0.00014511412663744937,0.8778059736997883,COMPLETE
265,0.768600583090379,2026-08-24 20:56:00.720902,2026-08-24 20:56:01.021090,0 days 00:00:00.300188,0.5483690507341976,0.05696418360890099,8,3,0.2691905625846251,0.00010028442086796559,0.8410310368432165,COMPLETE
266,0.7594460641399418,2026-08-24 20:56:01.021181,2026-08-24 20:56:01.337149,0 days 00:00:00.315968,0.537379456328509,0.07268385040840772,8,1,0.4272276411563175,0.00020393677776693947,0.8560649131777794,COMPLETE
267,0.7588775510204082,2026-08-24 20:56:01.337230,2026-08-24 20:56:01.632070,0 days 00:00:00.294840,0.5631798589906687,0.08528501933537194,8,14,0.6506703303237026,0.00012859519215187293,0.8332497321336515,COMPLETE
268,0.765058309037901,2026-08-24 20:56:01.632165,2026-08-24 20:56:02.093017,0 days 00:00:00.460852,0.5187834106154938,0.051733395993516014,8,3,0.005273329293677219,0.00016507965300575447,0.8006246679568116,COMPLETE
269,0.7651020408163265,2026-08-24 20:56:02.093102,2026-08-24 20:56:02.350338,0 days 00:00:00.257236,0.5350463506215062,0.06071587419766155,8,4,0.013417810670049804,0.0002455938843275703,0.8153033084019085,COMPLETE
270,0.7599708454810495,2026-08-24 20:56:02.350424,2026-08-24 20:56:02.679257,0 days 00:00:00.328833,0.526848236325172,0.07783499523874454,8,3,0.010806585546419287,0.0001270224972001396,0.8469542288023266,COMPLETE
271,0.7597376093294462,2026-08-24 20:56:02.679341,2026-08-24 20:56:02.991033,0 days 00:00:00.311692,0.5471630112501867,0.06663943370084789,8,2,0.5507351858588005,0.00017120443167066104,0.8300794110669808,COMPLETE
272,0.7607142857142858,2026-08-24 20:56:02.991116,2026-08-24 20:56:03.346394,0 days 00:00:00.355278,0.5056824816758917,0.045372413367958324,8,1,0.009163797509193505,0.00010031031405832497,0.8705290730708833,COMPLETE
273,0.7617638483965015,2026-08-24 20:56:03.346480,2026-08-24 20:56:03.814963,0 days 00:00:00.468483,0.5175205856490502,0.07328759652863875,8,2,0.007153027341918648,0.00019843645472624052,0.8570072020725152,COMPLETE
274,0.7702915451895043,2026-08-24 20:56:03.815045,2026-08-24 20:56:04.102002,0 days 00:00:00.286957,0.5373467282524587,0.048817761447140694,8,3,0.01588918599466181,0.00014282462082705556,0.8196930761724319,COMPLETE
275,0.7626239067055396,2026-08-24 20:56:04.102087,2026-08-24 20:56:04.388896,0 days 00:00:00.286809,0.5527928370162334,0.04724203228452604,8,4,0.01519390676230047,0.00012530763966165005,0.8082020016752027,COMPLETE
276,0.7588775510204081,2026-08-24 20:56:04.388980,2026-08-24 20:56:04.667705,0 days 00:00:00.278725,0.5649321673625709,0.0425225732265653,8,3,0.022297911861211987,0.0002836409181379301,0.8180776978389858,COMPLETE
277,0.7662682215743439,2026-08-24 20:56:04.667787,2026-08-24 20:56:04.988302,0 days 00:00:00.320515,0.5422728461366838,0.04922422962477433,8,2,0.014507404047510943,0.00014683065019415478,0.7951192057161036,COMPLETE
278,0.7633236151603499,2026-08-24 20:56:04.988387,2026-08-24 20:56:05.313275,0 days 00:00:00.324888,0.5372733920687975,0.0530208242442107,8,4,0.012061298385944427,0.00022280539912245437,0.8228702659119757,COMPLETE
279,0.7582507288629737,2026-08-24 20:56:05.313378,2026-08-24 20:56:05.742997,0 days 00:00:00.429619,0.9941111570064938,0.08407777745178824,8,3,0.0157850513955475,0.00012278159500966396,0.8335584445561415,COMPLETE
280,0.7737463556851313,2026-08-24 20:56:05.743086,2026-08-24 20:56:06.067230,0 days 00:00:00.324144,0.5541107371423418,0.09266506849295357,8,2,0.018593164336467263,0.00017347430491936096,0.8152127862011728,COMPLETE
281,0.7690087463556852,2026-08-24 20:56:06.067318,2026-08-24 20:56:06.310793,0 days 00:00:00.243475,0.5728134271487664,0.0926752800066962,8,3,0.024020748886480713,0.0001454383370669462,0.8073140755127889,COMPLETE
282,0.7625510204081634,2026-08-24 20:56:06.310881,2026-08-24 20:56:06.553767,0 days 00:00:00.242886,0.5566389225934338,0.09797042734814504,8,3,0.03699403314098133,0.00010080744817719692,0.8143279333030374,COMPLETE
283,0.7640524781341109,2026-08-24 20:56:06.553864,2026-08-24 20:56:07.118206,0 days 00:00:00.564342,0.5489024841072597,0.08891613659388885,8,1,0.3176355984439153,0.00017287505372416183,0.7981101928572556,COMPLETE
284,0.7701603498542273,2026-08-24 20:56:07.118304,2026-08-24 20:56:07.552595,0 days 00:00:00.434291,0.5653038085652679,0.10877893381401744,8,3,0.019279770482335416,0.00012593781738114376,0.8254994396250842,COMPLETE
285,0.757521865889213,2026-08-24 20:56:07.552777,2026-08-24 20:56:07.854717,0 days 00:00:00.301940,0.5608907526930131,0.10205610286877413,8,2,0.02896861448240951,0.0002460469917495189,0.8242760793319658,COMPLETE
286,0.7624489795918368,2026-08-24 20:56:07.854822,2026-08-24 20:56:08.048314,0 days 00:00:00.193492,0.5760718910638732,0.11816735070751187,8,4,0.018876537379877274,0.00015384270645767747,0.8088964668149164,COMPLETE
287,0.7580174927113703,2026-08-24 20:56:08.048406,2026-08-24 20:56:08.474336,0 days 00:00:00.425930,0.5662177506061044,0.10717361920293389,8,2,0.48463748557866915,0.00018574493694484848,0.8164628700432994,COMPLETE
288,0.756530612244898,2026-08-24 20:56:08.474450,2026-08-24 20:56:08.705970,0 days 00:00:00.231520,0.5853695580212583,0.09478549852048851,8,12,0.0013461007164205418,0.00031137690234761827,0.7853137135203865,COMPLETE
289,0.7656268221574343,2026-08-24 20:56:08.706060,2026-08-24 20:56:09.156154,0 days 00:00:00.450094,0.5540939447675997,0.12577885389795088,8,3,0.024732424469791358,0.0001298915045810076,0.8278684572303459,COMPLETE
290,0.7596647230320699,2026-08-24 20:56:09.156247,2026-08-24 20:56:09.468534,0 days 00:00:00.312287,0.5456614660279798,0.10888268834109162,8,3,0.018411277595381335,0.00021689263943430474,0.8205209642673865,COMPLETE
291,0.7626384839650145,2026-08-24 20:56:09.468686,2026-08-24 20:56:09.716729,0 days 00:00:00.248043,0.5627147961796944,0.07832129301481744,8,4,0.02131556533899085,0.0001249305970663966,0.8357952776980522,COMPLETE
292,0.7677988338192421,2026-08-24 20:56:09.716819,2026-08-24 20:56:10.227561,0 days 00:00:00.510742,0.5445760362599774,0.08110628020982627,8,3,0.7501147918861546,0.00016708208682940013,0.8013176120111458,COMPLETE
293,0.7601166180758017,2026-08-24 20:56:10.227650,2026-08-24 20:56:10.831934,0 days 00:00:00.604284,0.7628331143165508,0.08766476380065043,8,2,0.01429452174335378,0.00012639891892153598,0.83166599948895,COMPLETE
294,0.7609037900874636,2026-08-24 20:56:10.832052,2026-08-24 20:56:11.397285,0 days 00:00:00.565233,0.5708843711141464,0.04726711184499206,8,1,0.02888304658254423,0.00019266761581129198,0.8214412798184016,COMPLETE
295,0.7511516034985422,2026-08-24 20:56:11.397388,2026-08-24 20:56:11.654530,0 days 00:00:00.257142,0.536088034538941,0.1425023049296632,8,3,0.010550728200741802,0.0002654333015018468,0.8413391696554219,COMPLETE
296,0.7661661807580175,2026-08-24 20:56:11.654635,2026-08-24 20:56:12.008774,0 days 00:00:00.354139,0.5532608669492783,0.08315714931317761,8,3,0.01747904366227924,0.00014644151602813594,0.8090901250245399,COMPLETE
297,0.7423177842565598,2026-08-24 20:56:12.008901,2026-08-24 20:56:12.253165,0 days 00:00:00.244264,0.5297099258285226,0.09939971499829586,8,4,0.007080736329579934,8.676748483752371,0.8287321717027808,COMPLETE
298,0.7539358600583089,2026-08-24 20:56:12.253277,2026-08-24 20:56:12.383754,0 days 00:00:00.130477,0.5428711786097179,0.0755887181991946,3,2,0.04947867717560272,0.00010010726921596146,0.8423373817867191,COMPLETE
299,0.7545772594752187,2026-08-24 20:56:12.383856,2026-08-24 20:56:12.710384,0 days 00:00:00.326528,0.5098357994594497,0.05109211572777848,8,2,0.011831249178094125,0.00015654834105490885,0.8178500474956979,COMPLETE
300,0.7641545189504374,2026-08-24 20:56:12.710495,2026-08-24 20:56:13.310394,0 days 00:00:00.599899,0.5572970122085056,0.09339776659611825,8,3,0.008490806753313967,0.0002137824747644505,0.8290005333474668,COMPLETE
301,0.7611078717201167,2026-08-24 20:56:13.310506,2026-08-24 20:56:13.602046,0 days 00:00:00.291540,0.5276767201693521,0.054763014705443425,8,4,0.020808200825606027,0.00012226332228515937,0.8482812167163991,COMPLETE
302,0.7703498542274052,2026-08-24 20:56:13.602163,2026-08-24 20:56:14.218159,0 days 00:00:00.615996,0.5000063275326525,0.07079829943244699,8,3,0.013197915932588795,0.00037420158755446635,0.8395836328626679,COMPLETE
303,0.7603206997084548,2026-08-24 20:56:14.218272,2026-08-24 20:56:14.748489,0 days 00:00:00.530217,0.5148824988200343,0.07358946115145944,8,3,0.015671998745553507,0.00012449003227711931,0.7652484499875357,COMPLETE
304,0.7613848396501459,2026-08-24 20:56:14.748606,2026-08-24 20:56:15.019227,0 days 00:00:00.270621,0.502405327082879,0.0705696295992148,8,4,0.012940587314683036,0.0004087607999692406,0.8399981575886858,COMPLETE
305,0.7656559766763849,2026-08-24 20:56:15.019341,2026-08-24 20:56:15.360511,0 days 00:00:00.341170,0.5015323408646798,0.08144828902032873,8,3,0.44225733895270064,0.0009077726441122047,0.8635202442505406,COMPLETE
306,0.7618221574344023,2026-08-24 20:56:15.360640,2026-08-24 20:56:15.637025,0 days 00:00:00.276385,0.5144049354103564,0.07517782553120556,8,3,0.0042110348826658395,0.00017084286248414328,0.8506348535297334,COMPLETE
307,0.757930029154519,2026-08-24 20:56:15.637140,2026-08-24 20:56:15.936281,0 days 00:00:00.299141,0.5240754859557056,0.0694956407126207,8,3,0.00039801282947999277,0.00014786589375063007,0.8821351433299707,COMPLETE
308,0.7732215743440234,2026-08-24 20:56:15.936388,2026-08-24 20:56:16.249313,0 days 00:00:00.312925,0.533417820119857,0.05732391459869685,8,3,0.9209131820369181,0.00034155101360140044,0.8352311559602967,COMPLETE
309,0.763862973760933,2026-08-24 20:56:16.249422,2026-08-24 20:56:16.566368,0 days 00:00:00.316946,0.5325125909007742,0.05560221347839635,8,4,0.8553927881310758,0.0006536427286132052,0.8366905931938752,COMPLETE
310,0.7636151603498542,2026-08-24 20:56:16.566486,2026-08-24 20:56:16.842701,0 days 00:00:00.276215,0.510857210989389,0.058981767721465905,8,2,0.9333696826271315,0.0004059335511828464,0.8177050107769731,COMPLETE
311,0.7650291545189505,2026-08-24 20:56:16.842820,2026-08-24 20:56:17.141169,0 days 00:00:00.298349,0.520962031692443,0.065909581909019,8,3,0.02425408169114229,0.00029449012014420243,0.8290187346569614,COMPLETE
312,0.7659475218658893,2026-08-24 20:56:17.141260,2026-08-24 20:56:17.417753,0 days 00:00:00.276493,0.5356044463366234,0.06406252399640591,8,3,0.017334626277127372,0.00034878327724633274,0.8082019914521714,COMPLETE
313,0.760131195335277,2026-08-24 20:56:17.417871,2026-08-24 20:56:17.901827,0 days 00:00:00.483956,0.5248814068264956,0.07832099921928312,7,2,1.0756974102120933,0.15059871490151192,0.7926547782307384,COMPLETE
314,0.7570262390670554,2026-08-24 20:56:17.902006,2026-08-24 20:56:18.323424,0 days 00:00:00.421418,0.5407940769855961,0.07030733125940165,8,4,0.014034612687297771,0.00010022857053680044,0.7156486506431522,COMPLETE
315,0.7530466472303208,2026-08-24 20:56:18.323537,2026-08-24 20:56:18.619497,0 days 00:00:00.295960,0.7971142204047501,0.05866836565597247,8,3,0.00595687007305635,0.00012534588198584134,0.8408570018062121,COMPLETE
316,0.7572303206997084,2026-08-24 20:56:18.619606,2026-08-24 20:56:18.886805,0 days 00:00:00.267199,0.5095917200157658,0.08735492921154703,8,2,0.03267541233533416,0.0002236959429329312,0.820010478218764,COMPLETE
317,0.7411807580174927,2026-08-24 20:56:18.886920,2026-08-24 20:56:19.064181,0 days 00:00:00.177261,0.8680690174751489,0.05218049893335261,8,3,0.009649569976317334,0.0001706684273845538,0.8335389345735087,COMPLETE
318,0.7572303206997085,2026-08-24 20:56:19.064305,2026-08-24 20:56:19.354663,0 days 00:00:00.290358,0.5477923197125348,0.07846896667584424,8,4,0.020320877460793446,0.0001213832423216921,0.846903984710663,COMPLETE
319,0.7709912536443149,2026-08-24 20:56:19.354777,2026-08-24 20:56:19.656803,0 days 00:00:00.302026,0.5005410678554058,0.06098810783694238,8,3,0.012822134488431166,0.00014848684847702245,0.8259073499814444,COMPLETE
320,0.7535131195335276,2026-08-24 20:56:19.656916,2026-08-24 20:56:19.940632,0 days 00:00:00.283716,0.5008661241328216,0.06091170447828411,8,2,0.008166318454903185,0.00022294564593684793,0.8132865147291145,COMPLETE
321,0.7703498542274053,2026-08-24 20:56:19.940745,2026-08-24 20:56:20.208271,0 days 00:00:00.267526,0.5119503216775396,0.06346130604127666,8,3,0.011685750342123593,0.33078341342829126,0.8370242905079178,COMPLETE
322,0.7634110787172012,2026-08-24 20:56:20.208399,2026-08-24 20:56:20.460163,0 days 00:00:00.251764,0.5066691650792562,0.06480912767967896,8,3,0.011703847984549615,0.797109170532974,0.8032458438466343,COMPLETE
323,0.7635568513119533,2026-08-24 20:56:20.460259,2026-08-24 20:56:20.769068,0 days 00:00:00.308809,0.5013868790775996,0.06818490968495503,8,2,0.009553175140402437,0.00032822963631374115,0.834530266190542,COMPLETE
324,0.7703935860058309,2026-08-24 20:56:20.769178,2026-08-24 20:56:21.069904,0 days 00:00:00.300726,0.5149143106949353,0.06138756632631926,8,4,0.01338373185601531,0.000489235928559541,0.823801564676086,COMPLETE
325,0.7642711370262391,2026-08-24 20:56:21.070020,2026-08-24 20:56:21.375542,0 days 00:00:00.305522,0.5145880745586622,0.061927337317478064,8,4,0.01393240256169155,0.00044661173229491505,0.8397109850146397,COMPLETE
326,0.76932944606414,2026-08-24 20:56:21.375664,2026-08-24 20:56:21.678758,0 days 00:00:00.303094,0.5142928427137086,0.06027269847067019,8,5,0.011149852550856404,0.06773338535852239,0.8252316418363612,COMPLETE
327,0.7616180758017492,2026-08-24 20:56:21.678870,2026-08-24 20:56:21.984277,0 days 00:00:00.305407,0.5155780423946159,0.05810991509040538,8,4,0.007091308213552964,1.1373133926206402,0.8504328061540738,COMPLETE
328,0.761603498542274,2026-08-24 20:56:21.984396,2026-08-24 20:56:22.282138,0 days 00:00:00.297742,0.5024393996492197,0.05635694256230271,8,5,0.0030719183708764926,0.0004935816809045207,0.7390891917998342,COMPLETE
329,0.7600437317784257,2026-08-24 20:56:22.282251,2026-08-24 20:56:22.540901,0 days 00:00:00.258650,0.5241950535399421,0.06452523380276635,8,3,0.01599149674721426,0.0005798159628541309,0.8094693943258743,COMPLETE
330,0.7666180758017492,2026-08-24 20:56:22.541014,2026-08-24 20:56:22.799556,0 days 00:00:00.258542,0.5006760034628776,0.07087891149975764,8,4,0.0054103382565149445,0.002852788271649,0.8323729224677501,COMPLETE
331,0.7718075801749272,2026-08-24 20:56:22.799663,2026-08-24 20:56:23.078996,0 days 00:00:00.279333,0.5130911817347394,0.05466630483527844,7,3,0.0090067783727868,0.1060002833152296,0.8182980718838129,COMPLETE
332,0.7632361516034986,2026-08-24 20:56:23.079132,2026-08-24 20:56:23.344167,0 days 00:00:00.265035,0.5111574353271576,0.062021970218821235,7,4,0.007985295688311132,0.5932219163803283,0.856595467794572,COMPLETE
333,0.7689650145772594,2026-08-24 20:56:23.344301,2026-08-24 20:56:23.618413,0 days 00:00:00.274112,0.5180819240442593,0.05449629706068768,7,3,0.009636313294123193,0.3235565817964985,0.842145132796902,COMPLETE
334,0.7731195335276968,2026-08-24 20:56:23.618523,2026-08-24 20:56:23.927943,0 days 00:00:00.309420,0.5114305797197058,0.05732579662214511,8,3,0.006643117896661379,0.0003673264950268055,0.8295879420164556,COMPLETE
335,0.7685860058309038,2026-08-24 20:56:23.928063,2026-08-24 20:56:24.217137,0 days 00:00:00.289074,0.5096130974530655,0.05587908018884679,7,3,0.005789228735530647,0.1890850980488789,0.815255414229307,COMPLETE
336,0.7670553935860059,2026-08-24 20:56:24.217254,2026-08-24 20:56:24.468864,0 days 00:00:00.251610,0.5094788401041433,0.05879036922139984,8,4,0.007486490634529748,0.0004125538512368142,0.8251173895014422,COMPLETE
337,0.7595626822157435,2026-08-24 20:56:24.468979,2026-08-24 20:56:24.776662,0 days 00:00:00.307683,0.500713057216423,0.06244837272025812,8,3,0.0043532630686361614,0.033900556849141554,0.7970455781031032,COMPLETE
338,0.7615014577259476,2026-08-24 20:56:24.776782,2026-08-24 20:56:25.028361,0 days 00:00:00.251579,0.518582846103885,0.0570219089661956,8,13,0.008764385804772575,0.0007624913065475762,0.8297883275377181,COMPLETE
339,0.7475218658892129,2026-08-24 20:56:25.028478,2026-08-24 20:56:25.327498,0 days 00:00:00.299020,0.9495350075642237,0.0665415055183075,8,3,0.006430068851598974,0.09173871463633218,0.8436120808639533,COMPLETE
340,0.762740524781341,2026-08-24 20:56:25.327614,2026-08-24 20:56:25.653212,0 days 00:00:00.325598,0.5001702897754053,0.053127252039417025,8,4,0.012279617226307197,0.00034306395317505755,0.8120200317650222,COMPLETE
341,0.7706268221574344,2026-08-24 20:56:25.653327,2026-08-24 20:56:25.965611,0 days 00:00:00.312284,0.5197061729540681,0.06403631679029108,8,3,0.010090597468174669,0.00034631899079484333,0.8357269851588637,COMPLETE
342,0.7644606413994169,2026-08-24 20:56:25.965723,2026-08-24 20:56:26.256709,0 days 00:00:00.290986,0.5236195096219326,0.059342455420629235,8,5,0.005175232955562222,0.0002723526290132115,0.8226083463445951,COMPLETE
343,0.7581486880466473,2026-08-24 20:56:26.256828,2026-08-24 20:56:26.560302,0 days 00:00:00.303474,0.5239682368766261,0.06266173869356413,8,3,0.00927074902706243,0.23084732995388815,0.8041506655861353,COMPLETE
344,0.7584110787172013,2026-08-24 20:56:26.560420,2026-08-24 20:56:26.831093,0 days 00:00:00.270673,0.5291552507436315,0.055219904198452366,7,7,0.00791465414244193,0.0003137557702959292,0.8527258378907625,COMPLETE
345,0.7597376093294461,2026-08-24 20:56:26.831188,2026-08-24 20:56:27.110569,0 days 00:00:00.279381,0.5163518809218441,0.06585780280660322,8,2,0.01063322350774896,0.27683260894163475,0.8316956021192682,COMPLETE
346,0.74533527696793,2026-08-24 20:56:27.110688,2026-08-24 20:56:27.237090,0 days 00:00:00.126402,0.5295026193805513,0.05200667037226685,8,4,0.010699026770686836,1.9287284217234413,0.81657693561624,COMPLETE
347,0.7667784256559766,2026-08-24 20:56:27.237207,2026-08-24 20:56:27.531652,0 days 00:00:00.294445,0.5189266573525765,0.05796454799525212,8,3,0.006352306287693313,0.0005501779280859316,0.8362413319112582,COMPLETE
348,0.7572594752186589,2026-08-24 20:56:27.531771,2026-08-24 20:56:27.821939,0 days 00:00:00.290168,0.5342424547141019,0.06314193511193565,8,2,0.007515736993488852,0.00025323310527408834,0.7833463623762078,COMPLETE
349,0.7696938775510205,2026-08-24 20:56:27.822061,2026-08-24 20:56:28.131823,0 days 00:00:00.309762,0.5112743618847411,0.06681944623237464,8,3,0.01100738113724275,0.0004475053341759589,0.8224115715654451,COMPLETE
350,0.7650000000000001,2026-08-24 20:56:28.131947,2026-08-24 20:56:28.551427,0 days 00:00:00.419480,0.5252162489871516,0.0597028416737851,8,4,0.003951064464787046,0.00027988203622151094,0.8583359285131562,COMPLETE
351,0.7623032069970845,2026-08-24 20:56:28.551532,2026-08-24 20:56:28.842717,0 days 00:00:00.291185,0.5372681075222174,0.05575848214743246,8,3,0.009012757891487365,0.06072294931588797,0.8493323231448282,COMPLETE
352,0.757405247813411,2026-08-24 20:56:28.842819,2026-08-24 20:56:28.968193,0 days 00:00:00.125374,0.5174912014609216,0.06908747554167746,3,2,0.013473576649244237,0.1408513749374194,0.828803335624925,COMPLETE
353,0.7735422740524781,2026-08-24 20:56:28.968291,2026-08-24 20:56:29.445390,0 days 00:00:00.477099,0.5483363664478322,0.050412089589655554,8,3,0.005708815152162139,0.11046644854870277,0.8419082547932168,COMPLETE
354,0.7731778425655977,2026-08-24 20:56:29.445489,2026-08-24 20:56:29.912468,0 days 00:00:00.466979,0.5512614753785519,0.049669601462631004,8,3,0.005372968901476525,0.15781430819418482,0.808157594975374,COMPLETE
355,0.7569533527696792,2026-08-24 20:56:29.912566,2026-08-24 20:56:30.206153,0 days 00:00:00.293587,0.5504726009735182,0.04821967543636419,8,11,0.005548470327763858,0.10821463312028229,0.7940190685044067,COMPLETE
356,0.763396501457726,2026-08-24 20:56:30.206248,2026-08-24 20:56:30.485237,0 days 00:00:00.278989,0.5551452875653837,0.05090331333109029,8,3,0.0036639689991641252,0.13370554070680615,0.8061291404442662,COMPLETE
357,0.7640087463556853,2026-08-24 20:56:30.485356,2026-08-24 20:56:30.771058,0 days 00:00:00.285702,0.5476464256295617,0.04965398231971217,8,2,0.005536188407860769,0.1729804269915388,0.8644760854592178,COMPLETE
358,0.7557288629737611,2026-08-24 20:56:30.771179,2026-08-24 20:56:31.099958,0 days 00:00:00.328779,0.5443602528984323,0.010284068860837426,8,2,0.004508584831380063,0.12426948413620811,0.7758830724073452,COMPLETE
359,0.7672448979591837,2026-08-24 20:56:31.100083,2026-08-24 20:56:31.427732,0 days 00:00:00.327649,0.5544999301638003,0.052801626663977634,8,3,0.003341084074399821,0.00020351642143352883,0.8133761424226706,COMPLETE
360,0.7669533527696792,2026-08-24 20:56:31.427844,2026-08-24 20:56:31.757568,0 days 00:00:00.329724,0.5429081000519246,0.043461486724427414,8,3,0.006496754138764047,0.050984371402843356,0.8464839822203646,COMPLETE
361,0.7599125364431487,2026-08-24 20:56:31.757704,2026-08-24 20:56:31.997913,0 days 00:00:00.240209,0.5682758879833697,0.04659785401380935,8,16,0.0048799233978419265,0.0794991780762973,0.8031418037887429,COMPLETE
362,0.7516909620991253,2026-08-24 20:56:31.998031,2026-08-24 20:56:32.313888,0 days 00:00:00.315857,0.5390342758845099,0.05223883838326897,8,2,1.5740747513047673,0.18543018314061732,0.8412152943509408,COMPLETE
363,0.7480029154518951,2026-08-24 20:56:32.314018,2026-08-24 20:56:32.567294,0 days 00:00:00.253276,0.6645736460825272,0.08177250176454842,8,3,0.006772393348286879,0.1156343399147443,0.8197631171092081,COMPLETE
364,0.7325437317784258,2026-08-24 20:56:32.567413,2026-08-24 20:56:32.706385,0 days 00:00:00.138972,0.7007176818579626,0.2312533910725741,8,3,0.008188544673682852,0.07693505707638125,0.8282147456258261,COMPLETE
365,0.7620991253644316,2026-08-24 20:56:32.706505,2026-08-24 20:56:33.313318,0 days 00:00:00.606813,0.55807611603448,0.05539775313605978,8,2,0.005009735190997401,0.10812189129274563,0.8581560172590792,COMPLETE
366,0.7635568513119535,2026-08-24 20:56:33.313463,2026-08-24 20:56:33.579857,0 days 00:00:00.266394,0.5318447586868337,0.04494121323581934,6,3,0.002828649475147398,0.00017227820923933714,0.8352428492016989,COMPLETE
367,0.7574344023323616,2026-08-24 20:56:33.579969,2026-08-24 20:56:33.781685,0 days 00:00:00.201716,0.5493176311361337,0.08792124151755269,7,20,0.007231660255443793,0.08944452720295237,0.8141445397488957,COMPLETE
368,0.7649125364431487,2026-08-24 20:56:33.781801,2026-08-24 20:56:34.086446,0 days 00:00:00.304645,0.5365305033078602,0.049506511950587466,8,4,0.6845173210562812,0.16533732986452915,0.8501184453579249,COMPLETE
369,0.7571865889212827,2026-08-24 20:56:34.086577,2026-08-24 20:56:34.346763,0 days 00:00:00.260186,0.5287004501642598,0.07440807574744938,8,3,0.002216145303496222,0.00016303001562637245,0.8723578320115505,COMPLETE
370,0.7539504373177843,2026-08-24 20:56:34.346892,2026-08-24 20:56:34.752005,0 days 00:00:00.405113,0.6447395085846066,0.0528167226714697,8,2,0.004018061007015762,0.000195159082720458,0.8430967103730083,COMPLETE
371,0.7531778425655977,2026-08-24 20:56:34.752125,2026-08-24 20:56:35.138687,0 days 00:00:00.386562,0.7803488021126702,0.08396539381838768,8,3,0.006195562488644169,0.23755609779871,0.8311613884225895,COMPLETE
372,0.7679446064139942,2026-08-24 20:56:35.138816,2026-08-24 20:56:35.439455,0 days 00:00:00.300639,0.5630415959564663,0.05836943855575537,8,4,0.009267006693247572,0.00014754022617205595,0.7930502250706648,COMPLETE
373,0.7690524781341108,2026-08-24 20:56:35.439571,2026-08-24 20:56:35.937257,0 days 00:00:00.497686,0.5438599735222496,0.0562992980221014,8,3,0.016509252268796605,0.00010012206936256448,0.8109742455659668,COMPLETE
374,0.7583527696793002,2026-08-24 20:56:35.937386,2026-08-24 20:56:36.277133,0 days 00:00:00.339747,0.5306429576832976,0.041184987176634776,8,2,0.00898601612923847,0.0002476737818627008,0.8213843802455957,COMPLETE
375,0.7607434402332363,2026-08-24 20:56:36.277247,2026-08-24 20:56:36.533466,0 days 00:00:00.256219,0.550698059648933,0.07237135977262356,8,3,0.006787240411754445,0.00014932077730785926,0.8427341432474131,COMPLETE
376,0.7678862973760933,2026-08-24 20:56:36.533586,2026-08-24 20:56:36.837813,0 days 00:00:00.304227,0.5773022080770178,0.0910869806792769,8,1,0.00027968302775487893,0.043949168426111546,0.832563228665902,COMPLETE
377,0.7684985422740523,2026-08-24 20:56:36.837932,2026-08-24 20:56:37.149521,0 days 00:00:00.311589,0.5247546590537964,0.05045019205309675,8,3,0.011229608721471109,0.00011547113943553305,0.8546367281635427,COMPLETE
378,0.7589067055393587,2026-08-24 20:56:37.149656,2026-08-24 20:56:37.430988,0 days 00:00:00.281332,0.5369910670544644,0.06736465741512407,8,4,1.0306402128272119,0.00018304506884896863,0.803421474254134,COMPLETE
379,0.7611953352769679,2026-08-24 20:56:37.431116,2026-08-24 20:56:37.710899,0 days 00:00:00.279783,0.5612521554133186,0.07789198309473618,8,10,0.000662351395828033,0.00023051876124839915,0.819924724552459,COMPLETE
380,0.7593586005830903,2026-08-24 20:56:37.711044,2026-08-24 20:56:37.993454,0 days 00:00:00.282410,0.541986848127138,0.04705560688033157,8,2,0.017398467432883685,0.00012182586510009426,0.8278984878013631,COMPLETE
381,0.7651166180758018,2026-08-24 20:56:37.993591,2026-08-24 20:56:38.299109,0 days 00:00:00.305518,0.5224589970117378,0.0541010715406421,8,3,0.0082890049406542,0.4119241895254759,0.8650950968195066,COMPLETE
382,0.7486661807580174,2026-08-24 20:56:38.299227,2026-08-24 20:56:38.414598,0 days 00:00:00.115371,0.5541814837670224,0.061150091681165135,2,2,0.012836859437649107,0.00033946144959382364,0.8386108962583493,COMPLETE
383,0.7556559766763848,2026-08-24 20:56:38.414720,2026-08-24 20:56:38.673414,0 days 00:00:00.258694,0.594657334014935,0.08205073806272659,8,3,0.005311046412475883,0.00014867194125143821,0.8484383489137881,COMPLETE
384,0.7593148688046647,2026-08-24 20:56:38.673544,2026-08-24 20:56:38.944105,0 days 00:00:00.270561,0.5332848383962491,0.0745000209128935,4,4,0.009468722709860981,0.00019013503837844492,0.8133107084850063,COMPLETE
385,0.7508746355685132,2026-08-24 20:56:38.944224,2026-08-24 20:56:39.202780,0 days 00:00:00.258556,0.9042521968756339,0.06840638896272097,8,3,0.025929744119428503,0.00012025055491730154,0.8284531867731452,COMPLETE
386,0.7620408163265306,2026-08-24 20:56:39.202905,2026-08-24 20:56:39.542715,0 days 00:00:00.339810,0.5440003356479824,0.0584319833847622,7,3,0.5711385154712957,0.0001005086028396184,0.5604291611044535,COMPLETE
387,0.7667492711370263,2026-08-24 20:56:39.542833,2026-08-24 20:56:39.804917,0 days 00:00:00.262084,0.5254717846264592,0.06410698123863857,8,4,0.015774556834325684,0.00025492569589209165,0.8379298139352385,COMPLETE
388,0.7651020408163265,2026-08-24 20:56:39.805045,2026-08-24 20:56:40.105067,0 days 00:00:00.300022,0.5368687267437687,0.07179821762877678,8,2,0.010375151318197232,0.006613118994271701,0.8007110816619996,COMPLETE
389,0.773600583090379,2026-08-24 20:56:40.105200,2026-08-24 20:56:40.363812,0 days 00:00:00.258612,0.5108661057682988,0.08546571092664296,8,3,0.007109095118018108,0.0001564051420613561,0.8199979700943545,COMPLETE
390,0.7646209912536442,2026-08-24 20:56:40.363937,2026-08-24 20:56:40.663170,0 days 00:00:00.299233,0.5706565002367202,0.08966470846495816,8,2,0.0062930079516802665,0.00015667753568587948,0.8154923742579704,COMPLETE
391,0.767725947521866,2026-08-24 20:56:40.663294,2026-08-24 20:56:41.123342,0 days 00:00:00.460048,0.5095290916208906,0.07923971071231257,8,3,0.005405132646757009,0.00014091367922824263,0.7903013127592153,COMPLETE
392,0.7614139941690962,2026-08-24 20:56:41.123473,2026-08-24 20:56:41.450850,0 days 00:00:00.327377,0.553665367481788,0.08600083937218218,8,1,0.0074328215827383195,0.00018881568367563702,0.8203755119579569,COMPLETE
393,0.7635131195335276,2026-08-24 20:56:41.450983,2026-08-24 20:56:41.735200,0 days 00:00:00.284217,0.5109343675318041,0.08715297487524633,8,4,0.004790242805755867,0.0001263140973973321,0.8069712063919118,COMPLETE
394,0.7485131195335277,2026-08-24 20:56:41.735324,2026-08-24 20:56:42.146637,0 days 00:00:00.411313,0.5304327697463092,0.07836423134264507,8,3,7.143725827897436,0.0001630296351161357,0.8223568081284676,COMPLETE
395,0.7622157434402332,2026-08-24 20:56:42.146762,2026-08-24 20:56:42.688536,0 days 00:00:00.541774,0.5462470024778646,0.08284718034296319,8,2,0.0037936044493668236,0.0001935984374464534,0.848995820385459,COMPLETE
396,0.7630758017492711,2026-08-24 20:56:42.688669,2026-08-24 20:56:43.214264,0 days 00:00:00.525595,0.5613489411425628,0.09370912773926388,8,3,3.6545137667248713,0.00010060140563059268,0.8281111414100933,COMPLETE
397,0.7471428571428573,2026-08-24 20:56:43.214400,2026-08-24 20:56:43.570187,0 days 00:00:00.355787,0.7136116712536006,0.05088754929831458,8,4,0.2218865648238287,5.615373319061323,0.80480537184115,COMPLETE
398,0.7551020408163265,2026-08-24 20:56:43.570333,2026-08-24 20:56:43.840030,0 days 00:00:00.269697,0.5185727901168694,0.055846114191378846,8,3,0.022871734601940797,0.00013887709675805174,0.6920244037205119,COMPLETE
399,0.7685860058309038,2026-08-24 20:56:43.840149,2026-08-24 20:56:44.196953,0 days 00:00:00.356804,0.5387745884646521,0.09666226637714181,8,2,0.013910286211653694,0.00021701676094519818,0.8145299231587824,COMPLETE
400,0.7632944606413994,2026-08-24 20:56:44.197077,2026-08-24 20:56:44.605277,0 days 00:00:00.408200,0.5263267501705905,0.07579416206784394,7,3,0.019589949248939028,0.1374650088991811,0.8615729566967809,COMPLETE
401,0.762667638483965,2026-08-24 20:56:44.605408,2026-08-24 20:56:44.923469,0 days 00:00:00.318061,0.5081602317782435,0.04768100347479793,8,4,0.007732413989565445,0.0001180484775444927,0.8419300202079111,COMPLETE
402,0.7647667638483966,2026-08-24 20:56:44.923605,2026-08-24 20:56:45.229940,0 days 00:00:00.306335,0.5500358695669849,0.053580481976809355,8,2,0.011656110796814168,0.00015824487949558027,0.8292490189911144,COMPLETE
403,0.7627551020408163,2026-08-24 20:56:45.230068,2026-08-24 20:56:45.484039,0 days 00:00:00.253971,0.5175450889869965,0.0848202617451435,8,3,0.006342018181969859,0.00013987743642795427,0.8751369694717631,COMPLETE
404,0.7606268221574345,2026-08-24 20:56:45.484178,2026-08-24 20:56:45.735067,0 days 00:00:00.250889,0.5311998511604228,0.0717234845244829,8,3,0.8045439078337949,0.00022999154195799058,0.8235242494380722,COMPLETE
405,0.7531486880466473,2026-08-24 20:56:45.735195,2026-08-24 20:56:46.160973,0 days 00:00:00.425778,0.8500710662071813,0.29536940433728653,8,4,0.014923705787772744,0.00010124762089864842,0.8520634487213568,COMPLETE
406,0.7531924198250729,2026-08-24 20:56:46.161105,2026-08-24 20:56:46.442861,0 days 00:00:00.281756,0.7483400758415358,0.01902175184079992,8,2,0.009012807108626418,0.004161492935958042,0.835943714815355,COMPLETE
407,0.7579081632653062,2026-08-24 20:56:46.442992,2026-08-24 20:56:46.735528,0 days 00:00:00.292536,0.5672306634236522,0.04422275118927758,8,3,1.904870261510977,0.00017747949912357307,0.8121163946735643,COMPLETE
408,0.7678279883381923,2026-08-24 20:56:46.735660,2026-08-24 20:56:47.185546,0 days 00:00:00.449886,0.5432972928518123,0.09195139127053231,8,3,0.01774343506800708,0.00012565453901728808,0.79488378390773,COMPLETE
409,0.7625218658892128,2026-08-24 20:56:47.185682,2026-08-24 20:56:47.659689,0 days 00:00:00.474007,0.58370359642193,0.05903281438151049,8,1,0.004680597504571429,0.10136079983738581,0.8472741588477223,COMPLETE
410,0.7559766763848397,2026-08-24 20:56:47.659815,2026-08-24 20:56:47.913138,0 days 00:00:00.253323,0.5221548095268683,0.06780348602782936,5,2,0.01198977700193575,0.00026927871138740625,0.8893412439504285,COMPLETE
411,0.7640379008746356,2026-08-24 20:56:47.913287,2026-08-24 20:56:48.307612,0 days 00:00:00.394325,0.5583789147851658,0.08126462222000887,8,3,0.007602930561139972,0.00017575430266270544,0.8340914208805134,COMPLETE
412,0.7566326530612245,2026-08-24 20:56:48.307743,2026-08-24 20:56:48.612469,0 days 00:00:00.304726,0.5097039604951468,0.05420861164451991,8,4,1.2794018695455336,0.00012262044708764608,0.8187657052369139,COMPLETE
413,0.7596793002915452,2026-08-24 20:56:48.612597,2026-08-24 20:56:48.869819,0 days 00:00:00.257222,0.5370351117477757,0.07466047549813565,8,9,0.014375013503958735,0.21896708161555603,0.8611560751691725,COMPLETE
414,0.7649708454810495,2026-08-24 20:56:48.869943,2026-08-24 20:56:49.139040,0 days 00:00:00.269097,0.5299322544683343,0.049930475606208335,8,3,0.03564195444472807,0.00010049865633219242,0.8252926264162148,COMPLETE
415,0.7465014577259474,2026-08-24 20:56:49.139169,2026-08-24 20:56:49.440157,0 days 00:00:00.300988,0.5537768275771046,0.06108066448450204,8,3,0.022127095077272497,0.00021831555358709808,0.6015611920604728,COMPLETE
416,0.7670116618075802,2026-08-24 20:56:49.440300,2026-08-24 20:56:49.754530,0 days 00:00:00.314230,0.5001823738557838,0.05782737720501087,8,4,0.010247662749821931,0.0001501104325923553,0.8069220711243763,COMPLETE
417,0.763396501457726,2026-08-24 20:56:49.754674,2026-08-24 20:56:50.076887,0 days 00:00:00.322213,0.5180405059070046,0.06804386610854325,8,2,0.017861393432977365,0.0001784350283684975,0.8398250559423587,COMPLETE
418,0.7711224489795918,2026-08-24 20:56:50.077029,2026-08-24 20:56:50.552413,0 days 00:00:00.475384,0.5444579762924416,0.07943914410556709,8,2,0.00625500733997282,0.0002889486010975493,0.8306498209757985,COMPLETE
419,0.7535714285714286,2026-08-24 20:56:50.552521,2026-08-24 20:56:50.872672,0 days 00:00:00.320151,0.5678134182957286,0.0848855660978261,8,1,0.004082100521189387,0.0003001074209655271,0.8492419220770513,COMPLETE
420,0.7456122448979592,2026-08-24 20:56:50.872777,2026-08-24 20:56:51.006499,0 days 00:00:00.133722,0.5486169722244231,0.09133433094897722,8,3,0.005636562127345659,0.0003716244977519192,0.8326827367124665,COMPLETE
421,0.7520116618075801,2026-08-24 20:56:51.006605,2026-08-24 20:56:51.204473,0 days 00:00:00.197868,0.5417612953749201,0.20320408911145857,8,3,0.003187938253615886,0.00024600100244656376,0.7488231810444163,COMPLETE
422,0.7605102040816326,2026-08-24 20:56:51.204578,2026-08-24 20:56:51.466783,0 days 00:00:00.262205,0.5584596078528361,0.10026602442942223,8,4,0.005876294472881733,0.00013449690835062668,0.8190027845021675,COMPLETE
423,0.7516472303206996,2026-08-24 20:56:51.466887,2026-08-24 20:56:51.748215,0 days 00:00:00.281328,0.5292475456242254,0.07936605681288916,8,2,0.007664602851969779,0.000272266723658926,0.8421864426381561,COMPLETE
424,0.7422230320699708,2026-08-24 20:56:51.748323,2026-08-24 20:56:51.965042,0 days 00:00:00.216719,0.816525830306351,0.03931235641638272,6,3,0.004527874856696396,0.00014827571363125832,0.798227485165176,COMPLETE
425,0.7659475218658892,2026-08-24 20:56:51.965158,2026-08-24 20:56:52.253388,0 days 00:00:00.288230,0.5098942606617256,0.05273793008784003,8,3,0.006898762373415349,0.15205830159479936,0.8564055868706272,COMPLETE
426,0.7603061224489795,2026-08-24 20:56:52.253496,2026-08-24 20:56:52.554614,0 days 00:00:00.301118,0.5470071727993572,0.06275031009556559,8,2,0.002538155607042789,0.0002047237674859907,0.6710120105091119,COMPLETE
427,0.7448688046647229,2026-08-24 20:56:52.554742,2026-08-24 20:56:52.779888,0 days 00:00:00.225146,0.688148957075418,0.014379806077496353,8,19,0.009054205258976069,0.00011846760219349126,0.7840596352837421,COMPLETE
428,0.7614139941690963,2026-08-24 20:56:52.780024,2026-08-24 20:56:53.098107,0 days 00:00:00.318083,0.5198133107282145,0.04700368252004357,8,5,0.006000720481288606,0.00033501731221297255,0.829277627218402,COMPLETE
429,0.7611661807580175,2026-08-24 20:56:53.098225,2026-08-24 20:56:53.440509,0 days 00:00:00.342284,0.5788674156410241,0.07181277597628663,8,4,0.007582377811956467,0.00010050274845491618,0.8116500359518961,COMPLETE
430,0.7650728862973761,2026-08-24 20:56:53.440642,2026-08-24 20:56:53.884752,0 days 00:00:00.444110,0.5371243508445539,0.05469243296481689,7,3,0.011304720461217721,0.00015620071990309875,0.8694502548690275,COMPLETE
431,0.7592346938775509,2026-08-24 20:56:53.884882,2026-08-24 20:56:54.145808,0 days 00:00:00.260926,0.5262692935357148,0.04976126219322029,8,3,0.6889497340678183,0.0002208493095529351,0.8418467577410069,COMPLETE
432,0.7690379008746355,2026-08-24 20:56:54.145928,2026-08-24 20:56:54.477612,0 days 00:00:00.331684,0.5088762800208656,0.057682002688482975,8,2,0.009177541028079746,0.00012121603250282572,0.8244706659935093,COMPLETE
433,0.7525801749271138,2026-08-24 20:56:54.477743,2026-08-24 20:56:54.796119,0 days 00:00:00.318376,0.6065492307389059,0.08795253909273192,8,8,0.5587985764769616,0.00017892437176173537,0.8384068204725295,COMPLETE
434,0.7690379008746355,2026-08-24 20:56:54.796278,2026-08-24 20:56:55.151779,0 days 00:00:00.355501,0.5591246519921692,0.06559998863358095,8,3,0.37115574623698383,0.00014254144455600048,0.816602692777862,COMPLETE
435,0.7620408163265306,2026-08-24 20:56:55.151917,2026-08-24 20:56:55.627506,0 days 00:00:00.475589,0.5414271294951706,0.08281276135140869,8,4,0.004845043131718404,0.00030408144124241055,0.8534822042911169,COMPLETE
436,0.769868804664723,2026-08-24 20:56:55.627638,2026-08-24 20:56:55.915685,0 days 00:00:00.288047,0.5322423264254235,0.07527537498660083,8,2,0.01195228021895955,0.00042417435812713123,0.8309801002350256,COMPLETE
437,0.7599708454810497,2026-08-24 20:56:55.915813,2026-08-24 20:56:56.239272,0 days 00:00:00.323459,0.5163567680611355,0.06301538803554874,8,3,0.006615041119499493,0.00023635646554573606,0.8467999832558845,COMPLETE
438,0.7564868804664724,2026-08-24 20:56:56.239414,2026-08-24 20:56:56.497989,0 days 00:00:00.258575,0.5501884227796638,0.044888761000945736,8,12,0.003844252426151855,0.00010013669301612802,0.8220449935513782,COMPLETE
439,0.7481049562682216,2026-08-24 20:56:56.498126,2026-08-24 20:56:56.651577,0 days 00:00:00.153451,0.565532109364432,0.06972286310466926,8,4,0.028174049678554646,0.00014444914109890735,0.805721624025434,COMPLETE
440,0.7753790087463557,2026-08-24 20:56:56.651717,2026-08-24 20:56:57.047919,0 days 00:00:00.396202,0.5242374159755089,0.05893354611895748,7,3,0.008305407874376244,0.0001707385163512825,0.8344799992577449,COMPLETE
441,0.7566253644314868,2026-08-24 20:56:57.048054,2026-08-24 20:56:57.321960,0 days 00:00:00.273906,0.506319647855273,0.0553861497340257,7,3,2.758947713552587,0.00020032636096477076,0.8317172214655282,COMPLETE
442,0.766734693877551,2026-08-24 20:56:57.322112,2026-08-24 20:56:57.918577,0 days 00:00:00.596465,0.5216487677341258,0.05253930632055136,8,1,0.007504928381563979,0.0022976931988704847,0.8169035907352832,COMPLETE
443,0.7672740524781342,2026-08-24 20:56:57.918706,2026-08-24 20:56:58.321427,0 days 00:00:00.402721,0.5208472351959734,0.058644383425895,6,2,0.008951287999186446,0.001012141096024036,0.8077335134762635,COMPLETE
444,0.7630466472303207,2026-08-24 20:56:58.321554,2026-08-24 20:56:58.756699,0 days 00:00:00.435145,0.5084752970407662,0.07958302227977747,6,3,0.005626487097132325,0.00026329285742036977,0.8272115712645715,COMPLETE
445,0.7651311953352768,2026-08-24 20:56:58.756834,2026-08-24 20:56:59.038268,0 days 00:00:00.281434,0.5011428790152731,0.049325498850611826,7,4,0.010851659152825996,0.0001783876527180379,0.8377066909038174,COMPLETE
446,0.7598979591836734,2026-08-24 20:56:59.038408,2026-08-24 20:56:59.528544,0 days 00:00:00.490136,0.5346553520653438,0.09328775360037554,7,3,0.012837495591210803,0.0006112370162139199,0.7985837061828117,COMPLETE
447,0.7689650145772596,2026-08-24 20:56:59.528678,2026-08-24 20:57:00.025541,0 days 00:00:00.496863,0.5248150525429393,0.05957872321569594,8,2,0.008805870784731652,0.00032780229076766074,0.8608801667353888,COMPLETE
448,0.7498250728862974,2026-08-24 20:57:00.025680,2026-08-24 20:57:00.275451,0 days 00:00:00.249771,0.6280486986658611,0.05623912445899645,7,3,0.006947071548801224,0.12113519234782613,0.8220773864304527,COMPLETE
449,0.7555539358600583,2026-08-24 20:57:00.275588,2026-08-24 20:57:00.503167,0 days 00:00:00.227579,0.5162072032755004,0.05161444429248211,5,4,0.015142816761175792,0.07420463531351999,0.8467016974258257,COMPLETE
450,0.7580758017492711,2026-08-24 20:57:00.503308,2026-08-24 20:57:00.773962,0 days 00:00:00.270654,0.532793677667074,0.08629476221365327,7,2,0.1824880132370369,0.00021597201498878158,0.768720883319285,COMPLETE
451,0.7623906705539358,2026-08-24 20:57:00.774098,2026-08-24 20:57:01.074145,0 days 00:00:00.300047,0.5451667670053295,0.07466937237902695,8,3,0.005164498576213204,0.00016467741094700338,0.8142350278828566,COMPLETE
452,0.7725655976676385,2026-08-24 20:57:01.074273,2026-08-24 20:57:01.352179,0 days 00:00:00.277906,0.5293520889742045,0.0643370874672948,8,3,0.010088730656813956,0.00039683901390826865,0.8340128068178145,COMPLETE
453,0.761326530612245,2026-08-24 20:57:01.352317,2026-08-24 20:57:01.578694,0 days 00:00:00.226377,0.513218020712242,0.06721657851994348,6,4,0.010190954060445364,0.0005023563291593774,0.832161919839654,COMPLETE
454,0.7640962099125365,2026-08-24 20:57:01.578818,2026-08-24 20:57:01.872957,0 days 00:00:00.294139,0.5265665224493836,0.06240329004463771,8,3,0.01302361753463566,0.0004334371864693218,0.811645881969098,COMPLETE
455,0.7626822157434402,2026-08-24 20:57:01.873097,2026-08-24 20:57:02.224242,0 days 00:00:00.351145,0.5251620346248742,0.07066753716693301,8,2,0.008058308619468643,0.00037781996248933383,0.825733099600461,COMPLETE
456,0.7651457725947521,2026-08-24 20:57:02.224392,2026-08-24 20:57:02.528108,0 days 00:00:00.303716,0.5087284950954132,0.0657024041528684,8,3,0.009443939453053817,0.0007675619267479833,0.8037780268344543,COMPLETE
457,0.7669096209912536,2026-08-24 20:57:02.528254,2026-08-24 20:57:02.816486,0 days 00:00:00.288232,0.5746272943417363,0.060561318399982245,8,3,0.0179219091410908,0.00032337818363088045,0.8352320268713949,COMPLETE
458,0.7601457725947521,2026-08-24 20:57:02.816615,2026-08-24 20:57:03.147762,0 days 00:00:00.331147,0.552582030838521,0.07330727770309961,8,1,0.012419621273059745,0.00055553190102531,0.8228005192896565,COMPLETE
459,0.7684985422740525,2026-08-24 20:57:03.147893,2026-08-24 20:57:03.688769,0 days 00:00:00.540876,0.5381483376866201,0.07896888115049569,8,4,0.006319901570096229,0.0002733668740621001,0.7883091484368023,COMPLETE
460,0.7389212827988336,2026-08-24 20:57:03.688905,2026-08-24 20:57:04.028429,0 days 00:00:00.339524,0.5000773720157368,0.06576944311475279,8,2,9.38937700104815,0.2658042479673857,0.5360557522225851,COMPLETE
461,0.7611224489795918,2026-08-24 20:57:04.028581,2026-08-24 20:57:04.424631,0 days 00:00:00.396050,0.5164858861568221,0.09665889911823626,8,3,0.010496469826599282,0.00025191311425012605,0.8172245358649572,COMPLETE
462,0.7645626822157434,2026-08-24 20:57:04.424786,2026-08-24 20:57:04.922638,0 days 00:00:00.497852,0.5286232904867002,0.06046704601390005,8,2,0.014439947552765963,0.0004029769616727241,0.840403686285615,COMPLETE
463,0.7623323615160349,2026-08-24 20:57:04.922780,2026-08-24 20:57:05.358197,0 days 00:00:00.435417,0.5422349529318358,0.08229183393383079,8,3,0.007536179229906108,0.00021514639999815934,0.8309526683874855,COMPLETE
464,0.7688629737609329,2026-08-24 20:57:05.358346,2026-08-24 20:57:05.675071,0 days 00:00:00.316725,0.5170661008152491,0.06944997278677228,8,3,0.021816710224557542,0.09838561592820612,0.8089154065222673,COMPLETE
465,0.7679883381924199,2026-08-24 20:57:05.675210,2026-08-24 20:57:05.947567,0 days 00:00:00.272357,0.5564045697021994,0.05781675231935769,8,4,0.0429640455324243,0.00032683889829211314,0.8229663766457199,COMPLETE
466,0.7540524781341107,2026-08-24 20:57:05.947721,2026-08-24 20:57:06.257431,0 days 00:00:00.309710,0.5348085370824135,0.09024044525382134,8,3,0.005919769989035232,0.000179590481916073,0.8382038528721435,COMPLETE
467,0.7547230320699708,2026-08-24 20:57:06.257583,2026-08-24 20:57:06.538460,0 days 00:00:00.280877,0.5225524701357686,0.023277344612593447,8,15,0.008679500840183874,0.20220932872215297,0.795755480071613,COMPLETE
468,0.7620845481049563,2026-08-24 20:57:06.538600,2026-08-24 20:57:07.017033,0 days 00:00:00.478433,0.5000021720699304,0.0767005836981231,8,2,0.016021074242188568,0.00023289581473800438,0.8508501776188219,COMPLETE
469,0.762798833819242,2026-08-24 20:57:07.017160,2026-08-24 20:57:07.305084,0 days 00:00:00.287924,0.5457100080296466,0.0640313566747694,8,3,0.004350794412967491,0.00014996643483758748,0.8150701461503664,COMPLETE
470,0.7539212827988337,2026-08-24 20:57:07.305235,2026-08-24 20:57:07.500445,0 days 00:00:00.195210,0.5656788433242597,0.1029371001905849,7,4,0.011399187345276892,0.00028459191620604707,0.8268201115485508,COMPLETE
471,0.7553061224489797,2026-08-24 20:57:07.500599,2026-08-24 20:57:07.859116,0 days 00:00:00.358517,0.5110641079841025,0.05604826809441989,8,1,0.01905506920880686,0.16573869044385106,0.8360518619029993,COMPLETE
472,0.7607580174927113,2026-08-24 20:57:07.859228,2026-08-24 20:57:08.230560,0 days 00:00:00.371332,0.5290501509058793,0.07130375166089226,8,5,0.0065225918240163225,0.0003922539475727887,0.8434361307326227,COMPLETE
473,0.7493731778425657,2026-08-24 20:57:08.230701,2026-08-24 20:57:08.489742,0 days 00:00:00.259041,0.8897637389626905,0.08475962771638172,8,2,0.013330330318554792,0.00012767733594676143,0.8040612062390342,COMPLETE
474,0.7721137026239067,2026-08-24 20:57:08.489891,2026-08-24 20:57:09.027867,0 days 00:00:00.537976,0.5502233322702876,0.06295156343818417,8,3,0.009080691401218428,0.027318501037818712,0.8197614462569651,COMPLETE
475,0.7610787172011662,2026-08-24 20:57:09.028015,2026-08-24 20:57:09.505314,0 days 00:00:00.477299,0.5743882074250327,0.06209390651342447,8,3,0.02664844314277396,0.027319370168487473,0.900855553449255,COMPLETE
476,0.7619825072886298,2026-08-24 20:57:09.505451,2026-08-24 20:57:09.836558,0 days 00:00:00.331107,0.5594858831234685,0.053227666318921306,8,2,0.009926710585699447,0.0019696198481119146,0.8120085458132527,COMPLETE
477,0.7680612244897959,2026-08-24 20:57:09.836707,2026-08-24 20:57:10.355047,0 days 00:00:00.518340,0.5895586975958954,0.058134754841986915,8,4,0.01535739596775076,0.0006162632681965474,0.7781500653967994,COMPLETE
478,0.7721574344023323,2026-08-24 20:57:10.355175,2026-08-24 20:57:10.685768,0 days 00:00:00.330593,0.551106129639225,0.05451814536356003,8,3,0.003198862297511658,0.04307191127598422,0.7977937359973605,COMPLETE
479,0.7663848396501458,2026-08-24 20:57:10.685911,2026-08-24 20:57:11.056471,0 days 00:00:00.370560,0.5536262068865643,0.05287487106858505,8,2,0.0032084382378936857,0.014281725143710783,0.7901478886776747,COMPLETE
480,0.7602915451895045,2026-08-24 20:57:11.056620,2026-08-24 20:57:11.307632,0 days 00:00:00.251012,0.5650103351887618,0.04985087438721672,4,3,0.0014700004496833062,0.010556944551098008,0.7985215877120956,COMPLETE
481,0.7645189504373178,2026-08-24 20:57:11.307806,2026-08-24 20:57:11.608402,0 days 00:00:00.300596,0.5526120144267701,0.05544282128148746,8,4,0.0023814255858609482,0.0197301745292096,0.8003508535181254,COMPLETE
482,0.7693586005830904,2026-08-24 20:57:11.608576,2026-08-24 20:57:12.169078,0 days 00:00:00.560502,0.5423858936764218,0.0566221164432814,8,3,0.003926601906280969,0.050437261098949984,0.8100635858266403,COMPLETE
483,0.765408163265306,2026-08-24 20:57:12.169226,2026-08-24 20:57:12.660693,0 days 00:00:00.491467,0.549460229257951,0.08897968057489164,8,3,0.0023042771982859853,0.0660972522492622,0.8166686992297275,COMPLETE
484,0.7629591836734693,2026-08-24 20:57:12.660840,2026-08-24 20:57:12.891960,0 days 00:00:00.231120,0.5744063630472875,0.07880292883307521,7,6,0.004652293106653082,0.03596967169915436,0.7568862033750606,COMPLETE
485,0.7613994169096211,2026-08-24 20:57:12.892105,2026-08-24 20:57:13.255124,0 days 00:00:00.363019,0.5612474579983028,0.04855663945181987,8,3,0.005877967462452009,0.1464645927158185,0.8162386512577549,COMPLETE
486,0.7663411078717202,2026-08-24 20:57:13.255272,2026-08-24 20:57:13.795419,0 days 00:00:00.540147,0.5452942759735849,0.05257575184481424,8,1,0.0032962620501248378,0.05457692097190184,0.7830858684918995,COMPLETE
487,0.7612244897959184,2026-08-24 20:57:13.795555,2026-08-24 20:57:14.138818,0 days 00:00:00.343263,0.5398700210931955,0.06447341148839346,8,2,0.001805177443026553,0.027730807600941206,0.8029640726891397,COMPLETE
488,0.7647521865889214,2026-08-24 20:57:14.138973,2026-08-24 20:57:14.443936,0 days 00:00:00.304963,0.5608878626876688,0.09552823712457102,8,4,0.007618151727112022,0.11439696782610691,0.823612523955759,COMPLETE
489,0.7687609329446066,2026-08-24 20:57:14.444101,2026-08-24 20:57:14.721478,0 days 00:00:00.277377,0.5507680845775834,0.05890194765000132,8,3,0.004793952759543488,0.04528506812164601,0.8298712935285066,COMPLETE
490,0.7609475218658892,2026-08-24 20:57:14.721621,2026-08-24 20:57:15.187780,0 days 00:00:00.466159,0.536585646354232,0.08425488056628752,8,14,0.00978805187130307,0.07488003289575454,0.8102480343872769,COMPLETE
491,0.7609183673469387,2026-08-24 20:57:15.187929,2026-08-24 20:57:15.470703,0 days 00:00:00.282774,0.5511499365043077,0.07500416152423545,8,2,0.0026942091759452483,0.0004487652246799023,0.7919101442955745,COMPLETE
492,0.765466472303207,2026-08-24 20:57:15.470845,2026-08-24 20:57:15.744040,0 days 00:00:00.273195,0.5692864241536374,0.04601391840938734,8,3,0.007420257682212187,0.00033022039080329147,0.830489351786962,COMPLETE
493,0.7617346938775511,2026-08-24 20:57:15.744182,2026-08-24 20:57:16.068223,0 days 00:00:00.324041,0.5344674891980759,0.05443724838042875,8,4,0.005660251975069362,0.009174551464701891,0.8216216703504166,COMPLETE
494,0.7643731778425655,2026-08-24 20:57:16.068365,2026-08-24 20:57:16.408492,0 days 00:00:00.340127,0.5854152675014969,0.16784628793508938,8,3,0.011091909289906693,0.4713099645201675,0.8075026037201987,COMPLETE
495,0.7614139941690963,2026-08-24 20:57:16.408636,2026-08-24 20:57:16.709412,0 days 00:00:00.300776,0.5402856981080408,0.06858089830743479,8,2,0.003825478077001239,0.0032314533854401854,0.8191439058527302,COMPLETE
496,0.765466472303207,2026-08-24 20:57:16.709558,2026-08-24 20:57:16.997470,0 days 00:00:00.287912,0.558254541566255,0.06113926766178419,8,3,0.01938229840848713,0.00025424353813716924,0.8353419574167189,COMPLETE
497,0.7621720116618077,2026-08-24 20:57:16.997644,2026-08-24 20:57:17.292679,0 days 00:00:00.295035,0.5292144930663102,0.05062927051900057,8,3,0.008393557257938203,0.09581453069344609,0.7982792811018234,COMPLETE
498,0.7621865889212827,2026-08-24 20:57:17.292836,2026-08-24 20:57:17.552765,0 days 00:00:00.259929,0.5455026426454634,0.08107104291104225,7,4,0.014055402079333288,0.02316174887943903,0.8223620397530657,COMPLETE
499,0.7610495626822156,2026-08-24 20:57:17.552878,2026-08-24 20:57:17.896361,0 days 00:00:00.343483,0.5335880814665878,0.06588865265536643,8,2,0.024159393900551437,0.1833159333593569,0.8444896627656019,COMPLETE
