campo,valor,n
subcategoria_texto,venta de productos para el hogar,1764
subcategoria_texto,comidas rapidas,484
subcategoria_texto,tienda abarrotes,228
subcategoria_texto,esteticas spa,188
subcategoria_texto,arreglos,167
subcategoria_texto,peluqueria y manicuria,127
subcategoria_texto,confeccion y comercializacion,126
subcategoria_texto,construccion,120
subcategoria_texto,venta productos cuidado personal belleza,114
subcategoria_texto,reparacion electrodomesticos,107
subcategoria_texto,viveros,96
subcategoria_texto,venta de accesorios bolsos y o bisuteria,73
subcategoria_texto,venta ropa,53
subcategoria_texto,venta de comida tradicional,51
subcategoria_texto,organizacion y decoracion de eventos,44
subcategoria_texto,comidas corrientes,43
subcategoria_texto,mecanica,39
subcategoria_texto,ferreteria,35
subcategoria_texto,publicidad,33
subcategoria_texto,pasteleria panaderia,33
subcategoria_texto,frutas y verduras,32
subcategoria_texto,venta de celulares y accesorios,32
subcategoria_texto,tienda naturista,30
subcategoria_texto,reparacion equipos computo,25
subcategoria_texto,venta de bebidas y jugos,21
subcategoria_texto,venta por catalogo,21
subcategoria_texto,postres,18
subcategoria_texto,plantas ornamentales,14
subcategoria_texto,venta calzado,14
subcategoria_texto,drogueria,12
subcategoria_texto,fabricacion reparacion de muebles,12
subcategoria_texto,maquila,12
subcategoria_texto,carpinteria,10
subcategoria_texto,veterinaria,9
subcategoria_texto,acarreos,6
subcategoria_texto,reparacion equipos celulares,6
subcategoria_texto,venta maquillaje,2
descripcion_negocio,Ropa,9
descripcion_negocio,Calzado,9
descripcion_negocio,Zapatos,6
descripcion_negocio,Ropa deportiva,6
descripcion_negocio,Comidas rapidas,6
descripcion_negocio,Comidas rápidas,5
descripcion_negocio,Licor,5
descripcion_negocio,Comidas preparadas,4
descripcion_negocio,Confección de ropa,4
descripcion_negocio,Frutas y verduras,4
descripcion_negocio,Huevos,4
descripcion_negocio,Ropa y calzado,4
descripcion_negocio,Camisetas,4
descripcion_negocio,Perros calientes,4
descripcion_negocio,Víveres y abarrotes,3
descripcion_negocio,Pan,3
descripcion_negocio,Medicamentos,3
descripcion_negocio,Accesorios para celulares,3
descripcion_negocio,Cerveza,3
descripcion_negocio,Publicidad,3
descripcion_negocio,Prendas de vestir,3
descripcion_negocio,Ropa infantil,3
descripcion_negocio,Desayuno y almuerzo,3
descripcion_negocio,Muebles,3
descripcion_negocio,Moda y accesorios,3
descripcion_negocio,Soy manicurista,3
descripcion_negocio,Desayunos y almuerzos,3
descripcion_negocio,Ropa calzado,3
descripcion_negocio,Perfumerías,2
descripcion_negocio,Blusas para dama,2
descripcion_negocio,Confeccion y venta de ropa deportiva,2
descripcion_negocio,Ropa para toda la familia,2
descripcion_negocio,Arreglo de uñas,2
descripcion_negocio,Confección de chaquetas,2
descripcion_negocio,No está en la lista.,2
descripcion_negocio,Desayuno y almuerzos,2
descripcion_negocio,Confecciono chaquetas,2
descripcion_negocio,Bebidas alcoholicas,2
descripcion_negocio,Todo lo relacionado con madera,2
descripcion_negocio,Comida,2
descripcion_negocio,Todo lo relacionado con la belleza,2
descripcion_negocio,Ropa para damas,2
descripcion_negocio,Cortes,2
descripcion_negocio,Helados,2
descripcion_negocio,Repuestos para vehículos,2
descripcion_negocio,Venta de ropa y calzado,2
descripcion_negocio,Limpiones,2
descripcion_negocio,Manicure y pedicure,2
descripcion_negocio,Comida rápida,2
descripcion_negocio,Pijamas,2
descripcion_negocio,Perfumería,2
descripcion_negocio,Artesanías,2
descripcion_negocio,Venta de ropa deportiva,2
descripcion_negocio,Servicios,2
descripcion_negocio,Empanadas,2
descripcion_negocio,Todo para la canasta familiar,2
descripcion_negocio,Comidas,2
descripcion_negocio,Víveres,2
descripcion_negocio,Calzado infantil,2
descripcion_negocio,Cerveza y Bar y Licores,2
descripcion_negocio,Bar y Licores,2
descripcion_negocio,Productos,2
descripcion_negocio,Accesorios,2
descripcion_negocio,Venta de víveres y abarrotes,2
descripcion_negocio,Restaurante,2
descripcion_negocio,Comida y fritos,2
descripcion_negocio,Abarrotes,2
descripcion_negocio,Otros,2
descripcion_negocio,Belleza y estética,2
descripcion_negocio,Tamales,2
descripcion_negocio,Arroz,1
descripcion_negocio,"Diseño gráfico
Publicidad
Calcomanías
Polarizados
Plotter de corte e impresión",1
descripcion_negocio,"Ropa, calzado y accesorios para dama",1
descripcion_negocio,Todo los víveres de una tienda,1
descripcion_negocio,Fabricación de puertas ..ventanas ..portones ...estructuras metálicas para casas,1
descripcion_negocio,Venta de catálogo,1
descripcion_negocio,Ventanas,1
descripcion_negocio,Pizzas,1
descripcion_negocio,"Balinera 
Tornillo
Neumáticos",1
descripcion_negocio,Ropa..  arreglo d las mismas.. vestidos y disfraces etc .,1
descripcion_negocio,"Refaccion de muebles
Fabricación de mobiliario para el hogar y oficina",1
descripcion_negocio,Vestidos de paño,1
descripcion_negocio,"Diseño de piezas, afiches, volantes, letreros, avisos, edición de videos, locución y presentación",1
descripcion_negocio,"Bolsos, carteras de mano, canastas para varios usos, bandejas  etc",1
descripcion_negocio,Mercado de frutas y verduras a domicilio,1
descripcion_negocio,Vitaminas colagenos para gripa colon riñón,1
descripcion_negocio,Limpieza y desinfección de muebles colchónes y alfombras,1
descripcion_negocio,Venta de deditos congelados,1
descripcion_negocio,Todo lo relacionado con chocolates dulces confites galletas,1
descripcion_negocio,Keratinaa tintes depilacion cejas decoloracion etc,1
descripcion_negocio,"Bebidas, productos varios, recargas",1
descripcion_negocio,Ensamble de pantalones,1
descripcion_negocio,Venta de aceites y filtros para carros y cambios de aceite,1
descripcion_negocio,"Platos corrientes y tipo bufete y pasabocas,desayunos refrigerios",1
descripcion_negocio,"Vestidos niña bebe
Conjunto deportivo niña y niño 
Conjunto de body bebe 
Pijamas bebe niño y niña",1
descripcion_negocio,Fruta,1
descripcion_negocio,Arreglos locativos y remodelaciones,1
descripcion_negocio,"Ropa deportiva
Licras 
Conjuntos licrados 
Pantalonetas 
Camisetas",1
descripcion_negocio,Todo tipo de asados al carbón y al barril,1
descripcion_negocio,Productos para el cuidado corporal y tratamientos con productos naturales,1
descripcion_negocio,Calzados y bolsos y Reparación,1
descripcion_negocio,Servicio de redes y telecomunicacion,1
descripcion_negocio,Sala de belleza y productos YANBAL,1
descripcion_negocio,Comidas rápidas y dulceria,1
descripcion_negocio,Todo lo relacionado con fiestas,1
descripcion_negocio,Venta de tubérculos y maíz,1
descripcion_negocio,Todo grano verdura lácteos huevos gaseosa medicina embutidos aseo,1
descripcion_negocio,Productos de aseo general y productos químicos,1
descripcion_negocio,Manicure pedicure maquillaje,1
descripcion_negocio,Lechona chorizo rellenas mute carne ala llanera,1
descripcion_negocio,"Cuidado facial 
Maquillaje",1
descripcion_negocio,"Diseño, fabricación y personalización de artículos para el hogar y la industria",1
descripcion_negocio,Calzado y ropa deportiva,1
descripcion_negocio,Huevos Criollos,1
descripcion_negocio,La confección de prendas para dama de todo tipo,1
descripcion_negocio,Venta de frutas verduras y abarrotes,1
descripcion_negocio,Confecciono ropa especialmente para mujer,1
descripcion_negocio,Comercialización de productos Naturistas.,1
descripcion_negocio,"Repuestos de moro
Moto",1
descripcion_negocio,Ofresco postres de destintos sabores tres leches y comidas rapidas carne azada con papa  salvajada con queso y pollo  y salchipapas  y perros caliente,1
descripcion_negocio,"Perros calientes,salchipapas,chorizos de carnes,chorizos de cerdo,arepas rellenas y jugos naturales.",1
descripcion_negocio,"Artesanias, mochilas, amacas, manillas, bolsos",1
descripcion_negocio,"Servicio de fotografía, familiar, embarazo, infantil, restauración de fotos antiguas,  impresión de fotos.",1
descripcion_negocio,Venta de fruta,1
descripcion_negocio,"Bebidas de licor 
No licor abarrotes 
Huevos 
Arroz 
Papas 
Leche
Dulcería",1
descripcion_negocio,"Mantenimiento. Reparación y actualización de equipos de cómputo. 

Instalación de sistemas de cctv

Cableado estructurado en redes

Asesoría en compra de equipos de sistemas

Configuración y enrutamiento de red

Configuración de servidores

Reparaciones especializadas en microelectrónica

Reparaciones de celulares. Tablets y televisores ( led y oled)",1
descripcion_negocio,Cabello,1
descripcion_negocio,Relojes inteligentes y audífonos,1
descripcion_negocio,Venta de pollos para consumo humano,1
descripcion_negocio,Mecato,1
descripcion_negocio,Vestidos y sandalias,1
descripcion_negocio,"Productos de higiene bucal, cuidado personal, cuidado del hogar, belleza.",1
descripcion_negocio,Perfumes grano lociones mecato,1
descripcion_negocio,"Miel de abejas, panal de abeja, velas de miel, miel de Angelita",1
descripcion_negocio,"Diseño y adecuación de interiores, mobiliario para oficinas, locales y demás.   
Decoración de interiores.",1
descripcion_negocio,Profesional del tatuaje y bodypiercing,1
descripcion_negocio,Venta de teléfonos de direferentes referencias y  accesorios,1
descripcion_negocio,"Planchado de cabello, uñas acrílicas semi permanente",1
descripcion_negocio,"Impresión de diseños, diseños gráficos",1
descripcion_negocio,"Corte cabello, cepillado, alisados, uñas acrílicas,tradicional,semipermanente, puesta de pestañas, keratinaserc",1
descripcion_negocio,"Chorizo 
Butifarra 
Desyuno 
Almuerzo 
Hamburguesas",1
descripcion_negocio,Barberia cortex cabello unisex todo lo relacionado con la belleza y ventas del mismo,1
descripcion_negocio,Productos echos en cueros,1
descripcion_negocio,"Corte, Tintura, Uñas",1
descripcion_negocio,"Mi negocio es un mini mercado, donde se ofrecen todos los productos de la canasta familiar, huevos, arroz, artículos de primera necesidad",1
descripcion_negocio,Comidas y también un poco de verduras y yuca y guineos,1
descripcion_negocio,Hilos e hilazas  insumos para confección,1
descripcion_negocio,"Grano 
Licor 
Papelería 
Helados 
PAC bancolombia",1
descripcion_negocio,Diseño y confección de indumentaria deportiva,1
descripcion_negocio,Cajas,1
descripcion_negocio,Mano de obra en todo lo relacionado en la construcción,1
descripcion_negocio,"Pasteles artesanales
Desayunos sorpresa
Refrigerios",1
descripcion_negocio,Productos.  Como gorras AAA  .relojes. camisas . Pantalones . Conjuntos deportivos,1
descripcion_negocio,"GPS para vehículos, radios de comunicación, taximetros, dispositivos de velocidad, mantenimientos",1
descripcion_negocio,"Bolsos, morrales, estuches para instrumentos, monederos, cosmetiqueras, al mayor y detal.",1
descripcion_negocio,Distribución de soportes de TV al por mayor,1
descripcion_negocio,"Arepas, empanadas",1
descripcion_negocio,"Ropa, maquillaje, papelería y lociones",1
descripcion_negocio,Servicio de peluquería y barbería,1
descripcion_negocio,"Son unas canchas de tejo, local de venta de cerveza,  y Bar y Licores con servicio de bolirana",1
descripcion_negocio,Venta de gallina sudada asada caldo de gallina con arroz papá y yuca,1
descripcion_negocio,ESTAMPADOS,1
descripcion_negocio,Fabricación y restauración de muebles,1
descripcion_negocio,Enseres,1
descripcion_negocio,"Uñas acliricas
Uñas press on
Uñas semipermanentes
Arreglo de cabellos
Limpiezas facial
Masajes
Enserados",1
descripcion_negocio,Artículos tecnológicos,1
descripcion_negocio,Desayuno y almuerzo y bandeja,1
descripcion_negocio,Por medio de un analizador cuántico se le ofrece un medicamento dependiendo del resultado que arroje el escáner,1
descripcion_negocio,Útiles escolares  cosas de aseo  fotocopia  impresiones,1
descripcion_negocio,"Corte de cabello hombres, corte de cabello mujeres decoloraciones, diseños de cejas, asesoramiento, entre otras cosas más relacionadas con la belleza",1
descripcion_negocio,Bisutería al por mayor,1
descripcion_negocio,Venta de ropa para toda la.familia,1
descripcion_negocio,Maquina,1
descripcion_negocio,"Decoración 
Montaje y desmontaje de eventos 
Suministro de comida y menaje 
Organización de todo el evento",1
descripcion_negocio,Todo lo relacionado con panadería y trtas y postres,1
descripcion_negocio,Alimentos para mascotas,1
descripcion_negocio,Edredones y tapetes,1
descripcion_negocio,Elaboración ropa de niños y confección a terceros,1
descripcion_negocio,"Montura y lentes ópticos 
Distribuidor de monturas  al detal",1
descripcion_negocio,Accesorios para celular y computador,1
descripcion_negocio,Mi negocio los servicios que tenemos en mi negocio son específicamente los siguientes nosotros compramos a domicilio lo que es reciclaje electrónico reciclaje normal archivos y papeles plásticos esa es como la función principal de nuestro negocio,1
descripcion_negocio,Patacones,1
descripcion_negocio,detalles sorpresa,1
descripcion_negocio,Juegos naturales raspados y empanadas avena salpicón,1
descripcion_negocio,Venta de pollo de engorde.,1
descripcion_negocio,Muebleria para el hogar,1
descripcion_negocio,"Almuerzos corrientes y especiales, comidas rápidas.",1
descripcion_negocio,"Zapatos, medias , ropa",1
descripcion_negocio,Línea de calzado de dama en general y niña,1
descripcion_negocio,Bolsos en manualidades en trapillo y endredones sábanas y tuallones,1
descripcion_negocio,Mantenimiento y limpieza de edificios,1
descripcion_negocio,"Servicios

Entrenamiento personalizado.
Creación de somatocarta.
Adaptación fisiológica a los diversos estímulos.
Acompañamiento en competencia.
Sugerencias de alimentación y suplementación.
Creación de videos",1
descripcion_negocio,"A parte de las ventas.  Corresponsal bancario bancolombia,  recargas a celular,  apuestas permanentes",1
descripcion_negocio,Ferretero,1
descripcion_negocio,Cerveza gaseosa y Bar y Licores,1
descripcion_negocio,"Servicios de reparación, mantenimiento,venta de celulares y accesorios.",1
descripcion_negocio,"Confección, decoración y repostería",1
descripcion_negocio,Ropa de mujer y arreglos de la misma,1
descripcion_negocio,Fabricación de aviso y reparaciones eléctricas,1
descripcion_negocio,Todo lo relacionado con papelería e impresiones,1
descripcion_negocio,Empandas,1
descripcion_negocio,Venta de ropa para dama y caballero. Venta de perfumería,1
descripcion_negocio,Belleza e higiene,1
descripcion_negocio,Reparación y mantenimiento de celulares y computadores,1
descripcion_negocio,Venta y repatriación de computadores,1
descripcion_negocio,Bar y Licores cerveza y gaseosas,1
descripcion_negocio,"Pollo asado ,mute ,sancochos ,patillas costillas asadas pescados fritos hallacas entre otros pasteles de yuca",1
descripcion_negocio,Venta de repuestos y reparación y mantenimiento de motocicletas,1
descripcion_negocio,"Cerveza, gaseosa, golosinas",1
descripcion_negocio,Productos automotrices,1
descripcion_negocio,Uñas tradicionales acrilicas  semi permanentes  acripie,1
descripcion_negocio,"Elaboración de muebles
O artesanías",1
descripcion_negocio,"Ofrecemos yuca , arroz , maiz , patilla y pepinos",1
descripcion_negocio,Maquillaje y productos para el cuidado facial,1
descripcion_negocio,"Lapidas, mesones, todo producto en mármol y granito",1
descripcion_negocio,Almuerzos desayunos empanadas tamales rellenas etc,1
descripcion_negocio,Café tinto arepas almojabanas envueltos artesanías,1
descripcion_negocio,Mochilas y artesanías hechas a mano matas wuayuu,1
descripcion_negocio,"Fabricación de estructuras metálicas y aluminio, ventanería, divisiones de baño",1
descripcion_negocio,Ventas de Bar y Licores nacionales y extranjeros,1
descripcion_negocio,"Venta de accesorios para computadores y celulares, mantenimientos de impresoras y celulares y computadores. Instalación de cámaras y sistemas de seguridad y principalmente publicidad impresa y digital",1
descripcion_negocio,"Productos saludables sin azúcar ,sin gluten ,frutos secos semillas entre otros",1
descripcion_negocio,"Mantenimiento  de motores 
Plantas de tratamiento  de agua
Sistema de filtración de piscina y iluminación",1
descripcion_negocio,"Ropa, calzado, accesorios",1
descripcion_negocio,Vendo suerte básicos largos y cortos para damas.,1
descripcion_negocio,Fabricación de productos capilares y de belleza y fabricación de tinturas para el cabello!,1
descripcion_negocio,Servicios integrales de peluquería,1
descripcion_negocio,Venta de detalles,1
descripcion_negocio,Venta de ropa de dama,1
descripcion_negocio,Venta de maquillaje,1
descripcion_negocio,Lentes recetados y gafas de sol,1
descripcion_negocio,"Ventanas ,puertas ,portones todo lo relacionado con soldadura",1
descripcion_negocio,"Lavado y desinfeccion de todo tipo de muebles, colchones, tapetes alfombras, persianas y lavado de automoviles",1
descripcion_negocio,"Mascotas
Guardería canina 
Artículos para mascotas 
Vacunas 
Desparasitación",1
descripcion_negocio,Servicios de estética en general,1
descripcion_negocio,Comidas rápidas perros calientes suizos carnes asadas picadas de carne jugos gaseosa,1
descripcion_negocio,"Pollos, huevos",1
descripcion_negocio,"Desechables, papelería, aseo y productos de primera necesidad",1
descripcion_negocio,Lavado de motos mecanica,1
descripcion_negocio,"Ventas de cámaras e instalaciones, arreglo de computadores, celulares, accesorios, disco duros, etc",1
descripcion_negocio,"Concentrados, juguetería, peluquería para mascotas",1
descripcion_negocio,Cerdos Pietran,1
descripcion_negocio,Comidas rápidas y bebidas heladas,1
descripcion_negocio,Venta y confección de ropa infantil.,1
descripcion_negocio,"Heladeria, cholaos, jugos",1
descripcion_negocio,"Asesoría jurídica 
Representación judicial
Compraventa de muebles e inmuebles",1
descripcion_negocio,"Hamburguesas, picadas salchipapas, perros calientes y la pizza",1
descripcion_negocio,Confección de todo tipo de prendas de vestir,1
descripcion_negocio,Venta de cerveza por caja y por unidad,1
descripcion_negocio,Cuidado de niños y asesoría de tareas,1
descripcion_negocio,"Realmente son productos naturales para el cuidado del cuerpo y la salud, para toda la familia.",1
descripcion_negocio,Servicio de peluquería canina y felina a domicilio,1
descripcion_negocio,"Dulcería, galleteria, productos para el aseo, papelería, agua, gaseosa, ect.",1
descripcion_negocio,Todo tipo de Bar y Licores y bebidas,1
descripcion_negocio,"Peinados infantil  y de dama,cortes cepillados planchados",1
descripcion_negocio,Barbería,1
descripcion_negocio,"Impresión, escaner, venta de refrigerios",1
descripcion_negocio,"Cubrelechos,Almohadas,cojines,",1
descripcion_negocio,Cortes de cabello de hombre dama miño,1
descripcion_negocio,"Zanahoria, sevolla,papa",1
descripcion_negocio,Venta y fabricación de capellada para calzado,1
descripcion_negocio,"Víveres, granos ,verduras,viernes ,Bar y Licores",1
descripcion_negocio,"Lavado de vehículos
Alineación y balanceo 
Cambio de aceite
Detailing",1
descripcion_negocio,Comida casera,1
descripcion_negocio,Manicurista,1
descripcion_negocio,comida rapida,1
descripcion_negocio,Ropa para dama y niña,1
descripcion_negocio,"Café de especialidad, de origen",1
descripcion_negocio,"Tubos y accesorios de pvc, cartulinas, cuadernos, cemento, audífonos, tubos y accesorios cortinas. Thinner, disolventes, accesorios para el hogar, impermeables, desechables, lijas, impresiones, fotocopias, etc.",1
descripcion_negocio,Cajas corrugadas para alimentos,1
descripcion_negocio,"Productos del Brasil de Bienestar,  belleza y cuidado personal",1
descripcion_negocio,Anchetas,1
descripcion_negocio,Venta y consumo de bebidas dentro del establecimiento y esparcimiento por juego de bolirana,1
descripcion_negocio,Acabados en construcción,1
descripcion_negocio,Jugos naturales y potencializadores,1
descripcion_negocio,Cortes para caballeros,1
descripcion_negocio,Bolso,1
descripcion_negocio,Cocteles granizados y licor,1
descripcion_negocio,Chaquetas y buzos,1
descripcion_negocio,"Detalles personalizados, desayunos sorpresa, Anchetas, detalles para ocasiones especiales, decoración de fiestas",1
descripcion_negocio,Cerveza de toda Bar y Licores y juego de bolirana,1
descripcion_negocio,"Corte barba manicure pedicure keratina alizaso
Alisados",1
descripcion_negocio,Artículos y jugueteria infantil,1
descripcion_negocio,Mochilas,1
descripcion_negocio,Papelería en general y elementos eléctricos,1
descripcion_negocio,Venta de cosméticos y artículos para tocador. Al por mayor y al detal,1
descripcion_negocio,"Papelería, maquillaje, dulces , bisutería",1
descripcion_negocio,"Vendo variedad de artículos tales como 
Toallas bordadas 
Tapabocas
Kit de aseo 
Y velas veladoras decoradas para toda ocacion también realizó decoración de fiestas 🥳",1
descripcion_negocio,Ropa hombre,1
descripcion_negocio,Perecederos y no perecederos,1
descripcion_negocio,Venta de cerveza comidas gaseosas dulces,1
descripcion_negocio,Eventos,1
descripcion_negocio,Venta mantenimiento repacion de computadores y accesorios,1
descripcion_negocio,"CORTE, CEPILLADO, PLANCHADO, PEINADOS, COLORIMETRIA, MANICURE Y PEDICURE",1
descripcion_negocio,Repuestos Motos de Alto Cilindraje,1
descripcion_negocio,Ropa de vestir masculina y femenina,1
descripcion_negocio,Suplementos y Alimentos naturales,1
descripcion_negocio,Reparacion de inmobiliario hospitalario y elaborqcion de tapizados,1
descripcion_negocio,Venta y fábricacion De base camas y ESPALDARES cabeceros  baúles y puff,1
descripcion_negocio,Ventas de artesanias ropa de playa ofrecemos servicios dw tejidos de joyas,1
descripcion_negocio,Pescado,1
descripcion_negocio,"Spa... Pestañas pelo a pelo y punto a punto cejas permanentes semipermanente
Venta de cosméticos",1
descripcion_negocio,Fabricamos calzado en cuero y sintético,1
descripcion_negocio,"Vendo manillas, pulceras, productos en macramé , anillos , collares",1
descripcion_negocio,Café almuerzo cokteles postres,1
descripcion_negocio,Guantes,1
descripcion_negocio,"Pizza, lasagnas, sandwich gaseosas, jugos",1
descripcion_negocio,Asados y picadas,1
descripcion_negocio,"Lavanderia de muebles, colchones, alfombras, cogineria de carros etx",1
descripcion_negocio,"Carnes, embutidos, salsa mentiría",1
descripcion_negocio,servicio de mantenimiento y arreglo de computadoras e instalación de software,1
descripcion_negocio,"Vendemos cuadros decorativos, manejamos 2 tipos de cuadros unos economicos y otros en una líneas más premium",1
descripcion_negocio,Masajes relajantes y terapeuticos,1
descripcion_negocio,Venta de productos veterinarios,1
descripcion_negocio,Arroz aceite fab,1
descripcion_negocio,Dulcería importada la tela aseo y demás,1
descripcion_negocio,Mecánica lámina y pintura embellecimiento automotriz arreglo de rines,1
descripcion_negocio,Servicio de sellado de bolsa plástica,1
descripcion_negocio,"Bebidas alcohólicas en general gaseosas y cigarrillos, etc",1
descripcion_negocio,Consultoria avaluos,1
descripcion_negocio,Elaboración de productos de reposteria,1
descripcion_negocio,Postres,1
descripcion_negocio,Muebles en madera y aglomerados,1
descripcion_negocio,Fabrica de artesanías en madera y mobilario,1
descripcion_negocio,Ropa de damas i caballero  de niño i niña,1
descripcion_negocio,Reparación e instalaciones eléctricas domiciliarias e industriales,1
descripcion_negocio,trabajamos con satelite,1
descripcion_negocio,"Centro de fotocopiado, productos de papelería, venta de minutos, ferretería, venta de recargas",1
descripcion_negocio,Tienda de detalles,1
descripcion_negocio,"Blowers
Tintura
Diseño de color",1
descripcion_negocio,"Manicura tradicional. 
pedicura tradicional. 
Esmaltado semipermanente 
Uñas acrílicas 
Corte dama y caballero
Peinados 
Cepillados de cabello",1
descripcion_negocio,Carpintería metalica y de madera,1
descripcion_negocio,"mantenimeinto de pc, portatiles, servidores, instalacion de servidores, redes, paginas web, informatica forence, programacion,",1
descripcion_negocio,De todo un poco queso abarrotes,1
descripcion_negocio,Gaseosas cervezas,1
descripcion_negocio,Servicio de paseos Caninos,1
descripcion_negocio,Tintura de cabello,1
descripcion_negocio,"Hamburguesas
Perros calientes
Picadas en su bariedad
Bebidas gaseosas jugos",1
descripcion_negocio,Vestidos de novia,1
descripcion_negocio,Panes al mayor y detal,1
descripcion_negocio,"Hamburguesas, perros, salchipapas",1
descripcion_negocio,Jugueteria pelíches utilez,1
descripcion_negocio,Llevar pan,1
descripcion_negocio,"Helados crem helado 
Bar y Licores como
Cerveza 
Ron 
Agurdiente
Whisky",1
descripcion_negocio,Venta productos,1
descripcion_negocio,"Ofrezco arepas deliciosas al mayor y detal para el desayuno familiar o para emprender un negocio. 
Surto pequeños restaurantes con mi rico producto",1
descripcion_negocio,Servicio de cartes de cabello barbas uñas sepillado de cabello,1
descripcion_negocio,"productos de tecnologia de uso diario, relojes inteligentes, audifonos, parlantes. etc",1
descripcion_negocio,Cubrelechos cobijas sábanas cortinas etc.,1
descripcion_negocio,Venta de detalles y regalos para ocasiones especiales,1
descripcion_negocio,Vestimentas tradicionales del departamento y municipio; mantas guajiras,1
descripcion_negocio,Reparación y mantenimiento de motocicletas,1
descripcion_negocio,Todo lo relacionado con el cuidado de la piel y el cabello,1
descripcion_negocio,Venta de calzado para dama y deportivos,1
descripcion_negocio,"Trenzas hechas en fique decoradas con productos colombianos

Llaveros y manillas de colombia



Gorritas y otras ideas hechas en botella plasticas foamy
Con personajes",1
descripcion_negocio,Servicio de cafe internet,1
descripcion_negocio,"Bebidas gaseosas, arroz, panela, huevos, granos etc",1
descripcion_negocio,"Escolar,oficina y variedades",1
descripcion_negocio,Accesorios en acero inoxidable moñas ganchos y demás accesorios etc,1
descripcion_negocio,Muñecas de trapo vinchas,1
descripcion_negocio,"Pizzas, perros calientes , hamburguesa, picadas , patacones , desgranado , asado , sandwich, arepas rellenas y hago repostería creativa por pedidos",1
descripcion_negocio,Pagos de servicios y granos,1
descripcion_negocio,Artesanias de lana,1
descripcion_negocio,Uñas  aclirica  semi  todo  lo  que  tenga  quever  en  uñas,1
descripcion_negocio,"Alumbre, alcanfor y vaselina",1
descripcion_negocio,Arepa rellena arepa con queso arepa cacheo chorizos,1
descripcion_negocio,Productos cervezas,1
descripcion_negocio,Calzado y ropa,1
descripcion_negocio,"Maqui lo ar a terceros
Muñecas afro y suovenir",1
descripcion_negocio,"Venta de abarrotes, productos lácteos, carnes frías, aseo personal y para el hogar",1
descripcion_negocio,Arepas de huevos,1
descripcion_negocio,"Procesos de pérdida de peso y productos naturales como colágenos, fibras etc",1
descripcion_negocio,Accesorios en cuero para dama y caballero,1
descripcion_negocio,Pollo/ pescado /platano,1
descripcion_negocio,Colageno hidrolizado.y perfumes y colonias  vitamina E,1
descripcion_negocio,Insumos para el hogar y salsas para restaurantes y supermercados,1
descripcion_negocio,Confeccion de buzos pantalón camisas,1
descripcion_negocio,Ropa para hombres y mujeres,1
descripcion_negocio,Servicio técnico de celulares y accesorios,1
descripcion_negocio,"sala de internet, impresiones - copias - papleria",1
descripcion_negocio,"Hamburguesa,arroz mixto",1
descripcion_negocio,Camas,1
descripcion_negocio,Estampados,1
descripcion_negocio,Elotes y esquites,1
descripcion_negocio,Luces LED,1
descripcion_negocio,Peluqueria  y venta de ropa,1
descripcion_negocio,Embellecimiento automotriz,1
descripcion_negocio,Veladoras velas baños riegos,1
descripcion_negocio,Comida preparada servicio a la mesa,1
descripcion_negocio,Ventas colonias cremas ropa maquillaje,1
descripcion_negocio,Venta de calzado de moda y ropa,1
descripcion_negocio,"Pizzas Saludables sin conservantes, ni colorantes,  servicio de personalización, además hamburguesas, perros, Burritos  etc. Utilizamos empaques biodegradables y implementamos una dinámica para incentivar la creatividad de los niños y el compartir familiar, colocando hojas y crayolas para colorear mientras esperan el pedido.",1
descripcion_negocio,Todo es estampado y publicidad artículos de decoración bisutería pinturas cuadros,1
descripcion_negocio,"Tienda se detalles, venta de plantas naturales suculentas y bonsais, orquideas, flores, medias de diseños animados, bisuteria, peluches, pocillos sublimados, camisetas y busos sublimados, suministros de jardinería para el hogar, accesorios como diademas, pañoletas, collares, aretes",1
descripcion_negocio,Cuidado de Niños,1
descripcion_negocio,"Belleza, cuidado del cabello y del rostro, manicure pedicure, pestañas",1
descripcion_negocio,Todo lo relacionado con prendas de vestir para dama y ropa deportiva,1
descripcion_negocio,Uñas semipermanentes acrilicas y planchado,1
descripcion_negocio,"Injertos , frutales , cacao , plantulacion",1
descripcion_negocio,Tinto cade jugos naturales etc,1
descripcion_negocio,"Flores, peluches y detalles",1
descripcion_negocio,Perfumería y ropa por catálogo,1
descripcion_negocio,"Desayunos sorpresas, decoración con globos",1
descripcion_negocio,Venta de pollo Fresco de alta calidad,1
descripcion_negocio,Bolsa y bolsos forro de canastas y arreglos de ropa,1
descripcion_negocio,"Papelería , piñateria , juguetería ,pagos de servicios públicos",1
descripcion_negocio,Confeccion y venta de prendas de vestir excepto cuero de dama caballero y niños,1
descripcion_negocio,Trabajo Katerin para eventos,1
descripcion_negocio,Todo lo relacionado con comida de mar,1
descripcion_negocio,Ofrecemos el servicio de lavado de vehículos y muebles de hogar a domicilio,1
descripcion_negocio,"Bolso tejidos en lana e hilo. Collares, aretes, manillas, pectorales en chaquiras.",1
descripcion_negocio,Apoyo a la agricultura en fincas bananeras,1
descripcion_negocio,Venta de mecedoras a crédito,1
descripcion_negocio,Venta de productos mascotas,1
descripcion_negocio,Venta y compra de ganado vacuno,1
descripcion_negocio,"Bar y Licores, cocteles y bebidas refrescantes",1
descripcion_negocio,Cámaras de seguridad,1
descripcion_negocio,Elaboración de decoración navideña y también manualidades o trabajos escolares,1
descripcion_negocio,"Radios, alarmas, GPS, lujos para vehículos y cámaras de seguridad para casas y negocios",1
descripcion_negocio,Confecciones y alta costura,1
descripcion_negocio,"servicios de confección, y venta de retazos",1
descripcion_negocio,Mantenimiento y venta de mangueras hidraulica,1
descripcion_negocio,Víveres abarrotes Bar y Licores cigarrillos,1
descripcion_negocio,Camisas y toda clase de prendas,1
descripcion_negocio,Artículos de lencería de hogar,1
descripcion_negocio,"Perros calientes
Hamburguesas al carbón",1
descripcion_negocio,Arreglos de ropa,1
descripcion_negocio,Salchipapas perros calientes salvajadas pollo asado carne asada amburguesa,1
descripcion_negocio,"Arreglo de prendas de vestir, lavado y tintorería",1
descripcion_negocio,"Agua en botella
Gaseosas
Pony Malta 
Cervezas",1
descripcion_negocio,Mantenimiento de vehículos,1
descripcion_negocio,Venta de camisetas jeans gorras conjuntos deportivos pantalonetas,1
descripcion_negocio,Artesanías hechas a mano madera y cosas para el hogar,1
descripcion_negocio,Confección de blusas y pijamas. Como también arreglos como servicio opcional,1
descripcion_negocio,Vendo bobinas de abanicos,1
descripcion_negocio,Productos cárnicos a la parrilla y al barril,1
descripcion_negocio,Manicurey pedicure,1
descripcion_negocio,Brosater hamburguesas,1
descripcion_negocio,Mantenimiento y reparaciones,1
descripcion_negocio,Hamburguesa .perros .salchipa. chorizos.patacones,1
descripcion_negocio,Gurupa y proximamente tomate de arbol,1
descripcion_negocio,Fabricación de muebles para el hogar,1
descripcion_negocio,Arreglos y modificaciones  en prendas de vestir y veta de ropa,1
descripcion_negocio,Pollos semi criollos,1
descripcion_negocio,Venta de Medicamentos al por mayor y detal,1
descripcion_negocio,Pizzas lasagñas panzerottis,1
descripcion_negocio,Arrocerías comida de mar,1
descripcion_negocio,Distribución de productos alimenticios y Bebidas gaseosas,1
descripcion_negocio,Mercado y perecederos,1
descripcion_negocio,Elaboración de ropa a nivel general para mascotas,1
descripcion_negocio,Venta de cera capilar venta de gel venta de máquinas todo lo relacionado con barbería,1
descripcion_negocio,"Peluquería,manicure y pedicure , spa",1
descripcion_negocio,Muebles y demas,1
descripcion_negocio,Alimentos transporte Bar y Licores,1
descripcion_negocio,Distribuidora de huevos y carnés,1
descripcion_negocio,Ventanas Divisiones en vidrio y Acrílico cielo en PVC Domos,1
descripcion_negocio,Todo lo relacionado en tejido a crochet,1
descripcion_negocio,Venta de todo tipo de carnes principalmente  carne de res,1
descripcion_negocio,Acabados en general para obras civiles y mueblería en general,1
descripcion_negocio,Todo lo relacionado con la confección y mantenimiento de máquinas,1
descripcion_negocio,"Pandebono, buñuelos, pan de la casa, acemas, dedos de queso. tinto. cafe en leche. Aromaticas,",1
descripcion_negocio,Maniquiurista,1
descripcion_negocio,Productos de cuidado para el cabello y uñas,1
descripcion_negocio,"Dotación de doctores 
Uniformes 
Arreglos 
Y todo tipo de confección",1
descripcion_negocio,"Confeccionar prendas de vestir , como camisas",1
descripcion_negocio,Servicios eléctricos automotrices y venta de repuestos,1
descripcion_negocio,"Celulares, computadores, servicio técnico, accesorios, asesorías, repuestos, reparación.",1
descripcion_negocio,Manejamos productos como shorts jeans faldas camisas polos franelas vestidos enterizos bodys conjuntos crop tops leggins kimonos todo lo referente a moda para dama,1
descripcion_negocio,Maíz yuca ñame aji,1
descripcion_negocio,"Maquilo ,busos para estudio f",1
descripcion_negocio,Pollo frito. Sopas. Carne arroz con pollo. Chuleta   .sobrebarriga. Mojarra churrasco. Bandeja con pollo. Costillas de cerdo. Bebidas gaseosas,1
descripcion_negocio,Confección de toda prenda de vestir,1
descripcion_negocio,Corte de caballero,1
descripcion_negocio,Diferentes tipos de velas artesanales en parafina de soya y gel,1
descripcion_negocio,Dotacion  industrial,1
descripcion_negocio,"Productos de cuidado facial, corporal y maquillaje",1
descripcion_negocio,Servicio tecnico y acesorios,1
descripcion_negocio,Venta de Alevinos y peces,1
descripcion_negocio,Ventas de perfumería,1
descripcion_negocio,Todo lo relacionado en canasta familiar,1
descripcion_negocio,Reparación de bicicletas y venta de repuestos,1
descripcion_negocio,Servicio de Lavado y mantenimiento de las cortinas manuales y motorizadas,1
descripcion_negocio,Vendo almuerzo ejecutivos y asados,1
descripcion_negocio,"La venta de los cerdos, apartir de que tengan un peso aproximado de 4@",1
descripcion_negocio,"Aceites ,grasas , valvulinas , refrigerantes , hidráulico y otras cosas",1
descripcion_negocio,Bar y Licores y comidas y bebidas,1
descripcion_negocio,Expendio de bebidas alcohólicas a la mesa,1
descripcion_negocio,"Caricaturas en vivo o por encargo, con o sin marco, para eventos o fechas especiales",1
descripcion_negocio,"Canasta familiar, bebidas pan, comida para animales, dulces, papelería y miscelanea",1
descripcion_negocio,"Alimentos perecederos, gaseosas, lácteos, productos de aseo, carnes, embutidos, frutas y verduras",1
descripcion_negocio,Joyeria,1
descripcion_negocio,Publicidad avisos volantes Acrilicos Papeleria comercial,1
descripcion_negocio,"Tinto,cafe,aguadepanela con queso,aromatica,maizena,jugos,gaseosas,empanadas,variedad de sanduches,dulceria,buñuelos,pandebonos,galletas,tortas....",1
descripcion_negocio,Se le confecciona a terceros y empesando con marca propia,1
descripcion_negocio,Formación educativa en liderazgo,1
descripcion_negocio,"Publicidad en General, Impresión Digital Laser,  Impresión Libros",1
descripcion_negocio,Ropa . articulos para bebe.,1
descripcion_negocio,Venta de ropa interior,1
descripcion_negocio,Ensamble de tareas,1
descripcion_negocio,"Gorras 
Repuestos para celulares",1
descripcion_negocio,Celulares y accesorios,1
descripcion_negocio,"Concentrado alimentos) para equinos y bovinos , embocaduras sillas aperos, asesorías sobre dichos productos",1
descripcion_negocio,Arreglo de uñas y cabello,1
descripcion_negocio,Manicure pedicure,1
descripcion_negocio,"Perros calientes, hamburguesas, salchipapas, empanadas, papas rellenas, deditos, arepa de huevo, patacones, patacones rellenos, gaseosas y jugos naturales",1
descripcion_negocio,Corte cepillados tinturas uñas,1
descripcion_negocio,"Anchetas personalizadas 
Accesorios importados de niña
Termos motivacionales 
Pijamas",1
descripcion_negocio,"Técnico Instalador de Redes Internas para el servicio de gas combustible residencial y comercial. 
Calibración y conexión de equipos a gas.
Diseño de redes...",1
descripcion_negocio,"Confección
Arreglos
Dotaciones industrial",1
descripcion_negocio,Arepas,1
descripcion_negocio,Bar y Licores varios,1
descripcion_negocio,Arroz panela papas aceites granos,1
descripcion_negocio,Cajas de regalo,1
descripcion_negocio,"Heladería 
Venta de tortas 
Venta de postres 
Desayunos 
Ensaladas de frutas 
Jugos 
Bebidas gaseosas, agua, te)
Empanadas",1
descripcion_negocio,"Carteleras, agendas decoradas en fomy, tarjetas, pines, cajas etc",1
descripcion_negocio,Confeccion de calzado,1
descripcion_negocio,Blusas tejidas y bordadas...toallas decoradas baño y cocina..mantillas para bebés... monederos tejidos...,1
descripcion_negocio,"Distribución de alimentos catering, desayunos Sorpresa, arreglos Florales, cajas Dulceras, eventos sociales",1
descripcion_negocio,Confección y diseño de pre das de vestir,1
descripcion_negocio,"Bolsos de lujo versión triple a, accesorios, cachivaches",1
descripcion_negocio,Soportes para plasmas -lcd - led,1
descripcion_negocio,Pizza,1
descripcion_negocio,"Comidas rápidas, pollo broster, y almuerzos corrientes",1
descripcion_negocio,"Celulares, accesorios y mantenimiento",1
descripcion_negocio,"Productos para pesca deportiva: cañas, carreteles",1
descripcion_negocio,Productos capilares productos de aseo  colonias,1
descripcion_negocio,Obras de Arte,1
descripcion_negocio,Compra y venta de cajas automáticas,1
descripcion_negocio,Pan postres leches gaseosas exeteras,1
descripcion_negocio,"Venta de cigarrillos
Gaseosas
Bebidas energizantes
Bebidas calientes y frías
Etc",1
descripcion_negocio,Venta de licor y asecorios,1
descripcion_negocio,"Diseño, sublimación y estampados de artículos personalizados, vallas, vinilos adhesivos, facturas, tarjetas de presentación, Volantes y todo en publicidad",1
descripcion_negocio,Diseño e impresion,1
descripcion_negocio,Ropa lociones productos aseo,1
descripcion_negocio,Grabación de publicidad para radio y televisión,1
descripcion_negocio,"Pantaloneta,zapato",1
descripcion_negocio,Pollos,1
descripcion_negocio,Reparación en general,1
descripcion_negocio,"Diseños de sonrisa,  blanqueamiento dental , prótesis dentales",1
descripcion_negocio,Desayunos..almuerzos..cenas...empanadas..pasteles jugos gaseosas y varios mas,1
descripcion_negocio,Catering y experiencias Gastronómicas en casa,1
descripcion_negocio,"Fabricamos todo tipo de repisas para cosas de colección, armarios, centros de tv etc..",1
descripcion_negocio,Shores  para dama  pantalonetas  para hombre,1
descripcion_negocio,Pan gaseosas jugos,1
descripcion_negocio,"Compra, venta y reparación de electrodomésticos y consolas de videojuegos y accesorios",1
descripcion_negocio,Viveres como arroz azucar aceite de cocina condimentos y demas viveres,1
descripcion_negocio,Pescados cachama y mojarra,1
descripcion_negocio,Venta de ropa,1
descripcion_negocio,Remodelaciones,1
descripcion_negocio,"Gel
crema capilares
faciales
shampoo
labiales
Queratina
tónicos",1
descripcion_negocio,Sandalia para dama y niña,1
descripcion_negocio,Lavadoras,1
descripcion_negocio,"Aseo hogar, personal, gaseosas snacks, arroz, café, azúcar, y algunas cosas de papelería",1
descripcion_negocio,"Bar y Licores. Ventas de comestibles
Aseo hogar y varios",1
descripcion_negocio,Limpiezas faciales masajes reductores y relajantes depilación con cera,1
descripcion_negocio,Fabrico jeans,1
descripcion_negocio,Venta de Bar y Licores. Juego de billar.juego de sapo,1
descripcion_negocio,Ropa y accesorio,1
descripcion_negocio,Asesorios vidrios para celulares estuches foros para celulares computadores soker audífonos parlantes,1
descripcion_negocio,Bebidas alcohólicas y golosinas,1
descripcion_negocio,Marroquineria,1
descripcion_negocio,"Elaboración de muebles en melamina, desarrollo ideas que la gente tiene para su hogar.
Remodelaciones de vivienda",1
descripcion_negocio,"Arreglo de uñas 
Acrílicas
Tradicionales pies y manos 
Esmaltado semipermanente
Forrado de acrílico 
Prees on",1
descripcion_negocio,"impresion Digital gran formato, señalización , decoración entre otrso servicios",1
descripcion_negocio,Venta de bisutería por internet,1
descripcion_negocio,"panes , postres , tortas y gaseosas",1
descripcion_negocio,"Celulares ,accesorios planes",1
descripcion_negocio,"Limpieza, desinfeccion e higiene de muebles, alfombras, tapetes y cojinería de autos",1
descripcion_negocio,Contenido para adultos,1
descripcion_negocio,Ensaldas de verduras espinaca lechuga,1
descripcion_negocio,Ropa tactica,1
descripcion_negocio,Fabricamos muebles para hogar y oficina,1
descripcion_negocio,"Bolirana , win SPORT , micheladas y venta de Bar y Licores y cerveza..",1
descripcion_negocio,Servicio de peluquería canina y felina,1
descripcion_negocio,"Tenemos alquiler de cillas, mesas, platos, cubiertos y demás se empacan regalos y se venden peluches anchetas",1
descripcion_negocio,"Ropa, calzado,bolsos y otros.",1
descripcion_negocio,Ropa para dama y articulos de hogar,1
descripcion_negocio,Control de plagas y roedores,1
descripcion_negocio,Deditos,1
descripcion_negocio,Reparacion de articulos de cuero,1
descripcion_negocio,Pet shop,1
descripcion_negocio,Mochilas wayuu,1
descripcion_negocio,Bar y Licores cerveza gaseosas y paquetes,1
descripcion_negocio,"Caballeros, dama, niños y mascotas",1
descripcion_negocio,"Artesanías en porcelanicron, detalles para regalar, figuras personalizadas",1
descripcion_negocio,"Termos, vasos, camisetas personalizados",1
descripcion_negocio,Chaqtas,1
descripcion_negocio,Prendas externas de dama,1
descripcion_negocio,"Ventas, asesoría de imagen, crédito",1
descripcion_negocio,Venta de productos naturales,1
descripcion_negocio,Jugos aguas empanadas y papas,1
descripcion_negocio,Dulces paqueticos galletas todo lo relacionado con dulces,1
descripcion_negocio,Puntos de venta al por mayor de pan para comidas rápidas empacado,1
descripcion_negocio,Pues vendo bolsos de dama jean short blusas sandalias,1
descripcion_negocio,Masa de maíz y de yuca,1
descripcion_negocio,"Salchipapas
Perro caliente
Picada 
Hamburguesas
Masorcada
Arepa
Chorizo",1
descripcion_negocio,"Dulces, paletas, maní, coco, maíz",1
descripcion_negocio,Todo para canasta familiar,1
descripcion_negocio,"Servicio al por mayor
Por preventa
La línea completa de cerdo 
Y pollo también carnes de res entre otros",1
descripcion_negocio,Suministro de dotación,1
descripcion_negocio,Guarnecedor de Calzado de hombre de dama y de niño,1
descripcion_negocio,Respuestas y partes de bicicletas y servicio de mecánica,1
descripcion_negocio,Confección a terseros,1
descripcion_negocio,"Café , plátano , yuca",1
descripcion_negocio,Alimentación bebidas mercados,1
descripcion_negocio,Plantas para cercas vivas,1
descripcion_negocio,Chaqueta y pantalones,1
descripcion_negocio,Costuras,1
descripcion_negocio,Fritos  Deditos  Picadas Jugos naturales,1
descripcion_negocio,"Computadores usados
Diseños publicitario",1
descripcion_negocio,Cerdos en peso vivo,1
descripcion_negocio,Fabricación de prendas de vestir,1
descripcion_negocio,"Perfumes, cuidado fácil y corporal",1
descripcion_negocio,"Abarrotes, productos de aseo, legumbres etc",1
descripcion_negocio,Comidas y bebidas y jugos y arepas,1
descripcion_negocio,Joyas Accesorios,1
descripcion_negocio,"Son arepas de maíz maíz rellenas de queso doble crema, se venden por paquetes de 5 arepas",1
descripcion_negocio,Alquiler de lavadoras por horas,1
descripcion_negocio,"Shampo,   trtamientos , alisados, productos faciales y corporales",1
descripcion_negocio,Servicio de parrilladas argentinas y colombianas,1
descripcion_negocio,"Perfumería, cuidado facial y corporal",1
descripcion_negocio,Realizó uñas acrílicas esculpidas y semipermanente,1
descripcion_negocio,Cambio de batería display pin d carga. Desbloqueo software configurqciones,1
descripcion_negocio,Pulseras aretes cadenas,1
descripcion_negocio,"Todo en publicidad, impresiones digitales, impresión en exteriores, manejo de redes, diseño de página web, estampados de camisetas , souvenirs, edición de video, fotografía, imagen creativa y corporativo, papelería para empresa , etc",1
descripcion_negocio,"Vendemos abarrotes, mercado, Bar y Licores, cerveza, lácteos",1
descripcion_negocio,Camisetas para damas y caballeros,1
descripcion_negocio,Productos de suplementos  orgamicos para mejoramiento de la salud,1
descripcion_negocio,"Accesorios para celulares
Fotocopias
Transcripciónes 
Internet",1
descripcion_negocio,Productos de aseo.belleza.perfumeria .calzado.ropa,1
descripcion_negocio,"Aluminio, acero, vidrio. Fabricación e instalación",1
descripcion_negocio,"Decoración fiestas, desayunos sorpresa,agendas, libretas, toppers. Etc",1
descripcion_negocio,Libros,1
descripcion_negocio,Instalación de motores para puertas de cualquier tipo,1
descripcion_negocio,Prendas para dama,1
descripcion_negocio,Muebles modulares en general,1
descripcion_negocio,Souvenirs,1
descripcion_negocio,Estantería para materas mobiliario,1
descripcion_negocio,"Arroz 
Café 
Panela 
Jamones 
Quesos 
Granos 
Lácteos",1
descripcion_negocio,"Todo lo relacionado con el cuidado estético y del cabello. Tintes, cremas, esmaltes, shampoos, tratamientos , keratinas etc.",1
descripcion_negocio,Fabricación de estructuras en hierro y guadua,1
descripcion_negocio,"Ropa interior 
Boxer de dama hombre niño y niña",1
descripcion_negocio,Ventas de paletas surtidas,1
descripcion_negocio,Repuesteria general para motocicletas y Mecánica general,1
descripcion_negocio,Ropa para dama caballero y niño,1
descripcion_negocio,Linia  de patacones con todo,1
descripcion_negocio,Corte de cabello para hombres y limpieza facial,1
descripcion_negocio,"Concentrados para perros y gatos, granos, bebidas gaseosas, Bar y Licores",1
descripcion_negocio,"Pijamas, camisetas",1
descripcion_negocio,Venta de repuestos al por mayor y servicio técnico de celulares,1
descripcion_negocio,Regalos para hombres y mujeres ramos de fresas con  chocolate correas billetera gafas llaveros cajas sorpresa,1
descripcion_negocio,Cerrajería metalica,1
descripcion_negocio,Autopartes,1
descripcion_negocio,Muebles y base camas,1
descripcion_negocio,Ventas de jugos,1
descripcion_negocio,Productos fricar : longaniza  rancherabutiffarra,1
descripcion_negocio,Dulceria .. jugos  .. paqueteria,1
descripcion_negocio,"Anchetas
Desayunos
Cajas sorpresa
Empaques para regalo
Tarjetas
Globos",1
descripcion_negocio,Alimentos tales como pan y bebidas gaseosas,1
descripcion_negocio,"Ropa de Dama y caballero, Ropa interior de Dama y cabellero",1
descripcion_negocio,"Enseñanza, preparación física y técnica en el deporte voleibol para señoritas, desde los 8 años hasta los 18 años de edad",1
descripcion_negocio,"Servicio de comedor, desayuno, almuerzo y cena",1
descripcion_negocio,Venta de accesorios al por mayor y al detal,1
descripcion_negocio,"Sombreros de muchas regiones de Colombia, bolsos, sandalias sillas de montar, riendas",1
descripcion_negocio,Comida italiana,1
descripcion_negocio,Servicio de mecánica y repuestos automotriz,1
descripcion_negocio,Cerveza y mekatos al por mayor y en cava,1
descripcion_negocio,"Velas aromáticas, diseños de velas y personalizadas para eventos ,matrimonios",1
descripcion_negocio,Educación,1
descripcion_negocio,Leche agua pan café,1
descripcion_negocio,"Empanada ,dedito ,paps rellebs",1
descripcion_negocio,Mantas guajiras,1
descripcion_negocio,Tortas y postre,1
descripcion_negocio,Ventana de gas propano   recargas.  De sincares. Arroz  carne aceite serves a y hotras,1
descripcion_negocio,"Hojas de vida ,creación y actualización de rut, afiliación a arl , secopp 2 , sigep 2, redacción, impresiones, escaneo ,copias , cuentas de cobro",1
descripcion_negocio,Guardería y cuidado canino,1
descripcion_negocio,Almuerzos,1
descripcion_negocio,Venta de plantas nativas,1
descripcion_negocio,"Servicios de mantenimiento y reparación aires acondicionados, neveras y lavadoras",1
descripcion_negocio,"Pollo semi criollo 
 Huevos",1
descripcion_negocio,Alimentos y bebidas,1
descripcion_negocio,Cerdos para comercializar y huevos de gallina,1
descripcion_negocio,Ofrecemos la mejor ropa y jugueteria para niños y niñas ropa importa con excelente calidad en tela y materiales de juego,1
descripcion_negocio,Comfecciono ropa interior de dama,1
descripcion_negocio,"Servicios de construciones, mantenimientos, reparaciones y adecuaciones civiles para viviendas, conjuntos residenciales, oficinas",1
descripcion_negocio,Flores Lirios,1
descripcion_negocio,Neque recargas llamadas bebidas dulcerias,1
descripcion_negocio,Todo tipo de Bar y Licores y dulceria,1
descripcion_negocio,Confección  satelite de camisa de dotacion,1
descripcion_negocio,"Comida preparada como hamburguesas, perros calientes, salchipapa, carnes",1
descripcion_negocio,"Manicure.
Pedicure.
Acrílico
Lisos",1
descripcion_negocio,Fabricacion e instalacion de ventaneria en aluminio arquitectonico y europeo,1
descripcion_negocio,"Nos especializamos en el comercio de ropa para clima cálido y el turismo, nuestro producto estrella son las pantalonetas las manejaremos en diferentes estilos para dama y caballero",1
descripcion_negocio,"Zapatos AAA
Camisetas 
Y mochonas",1
descripcion_negocio,Accesorios y moños para niñas,1
descripcion_negocio,Realizo manicura y pedicure tradicional y semipermante pongo uñas postiza naturales y extensiones,1
descripcion_negocio,"Amortiguadores
Cableados
Bobinas
Bombas de combustible
Correas
Tensores
Termostatos",1
descripcion_negocio,Ropa y accesorios para caballero,1
descripcion_negocio,"Empanadas, papa rellena, buñuelos, tinto, café con leche, aromáticas, jugos naturales, por días hago tamales",1
descripcion_negocio,"Bolsos 
Gafas 
Relojes 
Carteras 
Perfumes",1
descripcion_negocio,Pan y reposteria,1
descripcion_negocio,"Desayunos y almuerzos corrientes, ejecutivo y a la carta",1
descripcion_negocio,"Recuperación del agua físico químico, instalaciones hidráulicas, y venta de químicos",1
descripcion_negocio,"Tatuajes, arreglo de barba y cortes de cabello",1
descripcion_negocio,Pollos cerdos peces,1
descripcion_negocio,"jamones, queso, chirizos, tocineta, salchichas, pollo, mariscos, salsas y todo lo relacionado con productos  para la preparación de comidas rápidas",1
descripcion_negocio,"Fabricación y distribución de bayetilla blanca o roja, tela toalla, toallas, limpiones, uniformes, delantales",1
descripcion_negocio,"Productos : comedores , camas,camarotes,peinadora, salas.
Servicios: restauración de comedores ,tapizado de muebles",1
descripcion_negocio,Juego de entretenimiento y bebida de Bar y Licores,1
descripcion_negocio,"Kit de perdida de peso, pastillas para subir masa muscular, multivitaminico, pasta para subir las defensas, productos para el insomnio entre otros...",1
descripcion_negocio,"Distribuyo tornilleria, herramienta, elementos de ferreteria",1
descripcion_negocio,Víveres venta de Bar y Licores atender personas,1
descripcion_negocio,Trajes de baño,1
descripcion_negocio,Venta de Ropa de hombre y calzado,1
descripcion_negocio,Toda clase de arreglos de prendas de vestir,1
descripcion_negocio,Salchipapas hamburguesas perros calientes pizzas panzzerotis fritos etc,1
descripcion_negocio,Todo tipo de licor,1
descripcion_negocio,"Venta de vitaminas, proteínas, pre entrenos y accesorios para gym",1
descripcion_negocio,"Baño de mascotas peluquería, vendo cachorros, educación canina",1
descripcion_negocio,Bar y Licores cervezas gaceosas cigarrillos jugos,1
descripcion_negocio,Carne al por mayor,1
descripcion_negocio,Restaurante desayunos almuerzos platos especiales,1
descripcion_negocio,"Salchipapas 
Hamburguesas
Perros calientes
Mazorcadas 
Platos a la carta 
Bebidas",1
descripcion_negocio,"Pollo apanado , bebidas como jugos , gaseosa , arroz , papa ala francesa",1
descripcion_negocio,Ventas al por mayor de piezas para motocicleta elaboradas en aluminio,1
descripcion_negocio,"Joyeria, perfumería, bolsos, zapatos",1
descripcion_negocio,"DISEÑO CORPORATIVO
3D",1
descripcion_negocio,Venta al por mayor y al detal de pescados,1
descripcion_negocio,Todo lo relacionado con la canasta familiar,1
descripcion_negocio,Nevera lavadora celulares,1
descripcion_negocio,"Venta de desayunos, almuerzos, tamales, bebidas heladas y comidas especiales.",1
descripcion_negocio,Mantenimiento y reparacion de vehiculos automotores,1
descripcion_negocio,Helados ensaladas de frutas jugos  obleas,1
descripcion_negocio,"Deditos, empanadas, postres de frutas",1
descripcion_negocio,Utensilio para el hogar,1
descripcion_negocio,Bolirana cafetería venta de comestibles,1
descripcion_negocio,"Peinados moños pelo sintético cauchitos planchados
Etc",1
descripcion_negocio,Manicure pedicure corte keratinas color,1
descripcion_negocio,"Vendemos ropa, accesorios, calzado.",1
descripcion_negocio,Bebidas 🍷,1
descripcion_negocio,"Productos para el cuidado del cabello, rostro y cuerpo",1
descripcion_negocio,Venta de frijol y maiz,1
descripcion_negocio,confección de prendas de vestir,1
descripcion_negocio,"Ventanas, rejas",1
descripcion_negocio,Anburguesas pancerotis enpanadas chuzos salchichas chorisos,1
descripcion_negocio,Manicure pedicure cepillado alisado depilación en cera tinte,1
descripcion_negocio,"Comida, accesorios, baños peluqueria",1
descripcion_negocio,"Lavada de carros y motos, polichada, desengrasado, lavado de motor",1
descripcion_negocio,"Globos, ánchetas, desayunos sorpresas y artículos para fiesta",1
descripcion_negocio,Perros ham  papas y muchas cosas mas,1
descripcion_negocio,Hogar y deporte,1
descripcion_negocio,"Uniformes para  colegios, deportes, pijamas para niños y niñas adultos",1
descripcion_negocio,"Confección de ropa casual, pijamas y todo lo que salga",1
descripcion_negocio,Menú del día producto casero.,1
descripcion_negocio,Muebles de hogar,1
descripcion_negocio,"Pollo empacado al vacío, menudencias entre otros",1
descripcion_negocio,Bebida base de café..pasteles..postobon etc,1
descripcion_negocio,Venta de mercancía tenis y ropa,1
descripcion_negocio,Refacciones de muebles. Closet cocinas   e.t.c,1
descripcion_negocio,Confeccionista de ropa exterior para hombre y mujer,1
descripcion_negocio,"Mecato, dulcería, líquidos, productos de mercado, papelería, productos de aseo personal.",1
descripcion_negocio,Comida preparada a la mesa,1
descripcion_negocio,Estructura y terminados de obra en construcción,1
descripcion_negocio,Brillado de pisos de mármol,1
descripcion_negocio,"Accesorios para motociclistas, y ciclistas. trajes, Maletas, tank bank.",1
descripcion_negocio,"Instalación de cielorraso en drywall, pvc y icopor  y arreglamos paredes en estuco veneciano y plástico",1
descripcion_negocio,Cuidado estético de manos y pies,1
descripcion_negocio,"Gafas oscuras, nocturnas y para eventos sociales",1
descripcion_negocio,Arroz huevos pan leche aceites papá yuca etc,1
descripcion_negocio,Venta de jeans .y confección,1
descripcion_negocio,"Mochilas, sombreros y mantas wayúu",1
descripcion_negocio,Papel higiénico,1
descripcion_negocio,"Chunchurria 
Plátanos mixtos
Plátanos con queso
Chuzos
Arepa de choclo con queso
Alas BBQQ",1
descripcion_negocio,Cerveza y trago y desayunos y almuerzos y comidas rapidas,1
descripcion_negocio,Paquetes de reducción,1
descripcion_negocio,Arreglos y confeccion,1
descripcion_negocio,Venta de ropa de dama y niños,1
descripcion_negocio,"pizza, hamburguesa, perros, choriperros, mazorcada, patacona, salchipapas, bebidas naturales, gaseosas",1
descripcion_negocio,"Servicio de mantenimiento y reparación de motocicletas, y venta de partes y piezas nuevas para motocicletas",1
descripcion_negocio,"Figuras artesanales y de colección  en resina poliester con acabados en vinilo acrilico ,también figuras en yeso con acabados en vinilo acrilico y barniz",1
descripcion_negocio,"Tortas, empanada, deditos, croissant, galletas todo horneado",1
descripcion_negocio,"Figuras de duendes,hadas,Gnomos,trolls, ninfas etc... elaboradas a mano en porcelánicron",1
descripcion_negocio,"Manicure y pedicure, y en algunas ocasiones cepillado y planchado",1
descripcion_negocio,"Patacones rellenos
Papas rellenaz de carne  pollo
Empanadas rellenas de carne pollo
Arepas de huevo
Chinchurria
Chicharrones
Deditos de queso",1
descripcion_negocio,Artesania indígena,1
descripcion_negocio,"Bebidas calientes, paqueteria, dulceria y bebidas frias",1
descripcion_negocio,"Regalos en general
Fresas con chocolate
Flores
Desayunos sorpresa",1
descripcion_negocio,Alitas a la broaster,1
descripcion_negocio,Cafetería y alimentos,1
descripcion_negocio,Aceite azúcar arroz etc carne pollo y lácteos bebidas y venga de pipetas de gas,1
descripcion_negocio,Productos para restaurantes y comidas rápidas,1
descripcion_negocio,"Repostería, postres y chocolateria",1
descripcion_negocio,"Diseño gráfico, desarrollo web",1
descripcion_negocio,Bolsos Artesanales,1
descripcion_negocio,Panes,1
descripcion_negocio,"Servicio TÉCNICO 
Recargas
Venta de accesorios 
Venta de telefonía",1
descripcion_negocio,Control escolar a niños y niñas de basica primaria en casa,1
descripcion_negocio,Decoración y organización de eventos,1
descripcion_negocio,"Víveres,verduras y algunos insumos agricolas",1
descripcion_negocio,Soy guarnecedor de calzado,1
descripcion_negocio,"Todo tipo de muebles como armarios,camas cocinas integrales,juegos de alcoba",1
descripcion_negocio,Venta y mantenimientos de bonsai,1
descripcion_negocio,Cosechas De Maíz Cosechas De Arroz Y pollos De Engorde Para Vender,1
descripcion_negocio,Lavado polinchado desmanchado,1
descripcion_negocio,"Bisutería, subenires en resina., gorras.  bolsos artesanales, mochilas.  Monederos.",1
descripcion_negocio,"Uñas acrílicas, semipermanentes, naturales, depilación de cejas, pigmentación de cejas, pestañas pelo a pelo, entre otros",1
descripcion_negocio,Blusas. Faldas . shorts. Vestidos.,1
descripcion_negocio,"Venta de soat, pagos de facturas, recaudos a bancos , recargas, apuestas deportivas",1
descripcion_negocio,"Estampado, sublimación,  pintada a mano, DTF en prendas de vestir",1
descripcion_negocio,"Comida rápida
Comida ala mesa",1
descripcion_negocio,Confección. A terceros,1
descripcion_negocio,"Venta de productos para cuidado de mascotas, cuido y comida para ellos y accesorios de belleza y jugueteria",1
descripcion_negocio,"Manicure, Pedicura, extensiones, cera, masaje",1
descripcion_negocio,Granos frutas verduras,1
descripcion_negocio,"Vidrio al por menor, ventas y puertas en aluminio, closet, cocinas integrales",1
descripcion_negocio,"Todo lo relacionado con energía solar, baterías, paneles, inversores",1
descripcion_negocio,Confecciones,1
descripcion_negocio,Sal chipaca perros hamburguesa,1
descripcion_negocio,Confecciones de pijamas  cacheteros para dama y niña,1
descripcion_negocio,Uñas pestañas,1
descripcion_negocio,"Toda clase de víveres,carnes,verduras lácteos abarrotes licor y jugos gaseosass",1
descripcion_negocio,Venta de repuestos,1
descripcion_negocio,Venta de ropa interior y exterior. Productos de belleza y de hogar,1
descripcion_negocio,tinto cigarrillos y mecatos,1
descripcion_negocio,Confeccionar cortes de zapatos y llevarlos ala fabrica par q le pongan la zuela,1
descripcion_negocio,"Venta de pijamas, blusas y medias",1
descripcion_negocio,Arriendo o venta a crédito de lotes con servicio,1
descripcion_negocio,"Jeans
Camisetas
Busos",1
descripcion_negocio,"Ensaladas de frutas, helados, bebidas heladas",1
descripcion_negocio,Comidas rápidas perros chorizos hamburguesas 🍔🌭 salchipapas gaseosas jugos,1
descripcion_negocio,Ofrezco calzados a crédito y de contado,1
descripcion_negocio,"Juegos, bebidas alcohólicas, gaseosas, snack",1
descripcion_negocio,"Blusas  ,vestidos pantalones, vestidos de baño todo lo relacionado con prendas de vestir femenina",1
descripcion_negocio,"Medias, camisetas, busos",1
descripcion_negocio,Comida vegetariana,1
descripcion_negocio,"Venta de Bar y Licores, galleteria, lácteos, juego de bolirana",1
descripcion_negocio,Alquiler de equipos de audio y video,1
descripcion_negocio,Uñas acrílicas y Esculpidas,1
descripcion_negocio,Muebles para el hogar,1
descripcion_negocio,"Peluches, regalos sorpresas , anchetas",1
descripcion_negocio,"Elaboro y vendo accesorios en bisuteria. Collares,aretes,mochilas y otros",1
descripcion_negocio,"Ropa, cosméticos, productos para el hogar",1
descripcion_negocio,"Cerámicas ,pegantes, cocinas",1
descripcion_negocio,"Productos de la canasta básica familiar, Productos  de limpieza,bebidas y refrescos",1
descripcion_negocio,Panes prensados,1
descripcion_negocio,"Gafas oftalmológicas, de sol, lentes de contacto y soluciones oftalmológicas",1
descripcion_negocio,Comida de mar mariscos,1
descripcion_negocio,Alquiler andamos,1
descripcion_negocio,Cñonfecion de ropa y arreglos,1
descripcion_negocio,"Uñas semipermanente
Todo sistema de uñas 
Cejas y pestañas",1
descripcion_negocio,Bebidas como cerveza gaseosa,1
descripcion_negocio,"Pizza, hamburguesas, perros calientes, salchipapas, mazorcadas, alitas BBQ, costillas BBQ,",1
descripcion_negocio,Cosméticos y cuidado personal,1
descripcion_negocio,Productos maquillajes perfume,1
descripcion_negocio,"Venta de bolsos
Y maletas",1
descripcion_negocio,Muebles tallados,1
descripcion_negocio,"Hamburguesas 
Perros calientes 
Chuzos 
Arepas 
Picadas",1
descripcion_negocio,Arreglo de cabello,1
descripcion_negocio,"Bisuteria, macetas pintadas, tejidos a crochet, muñecos navideños",1
descripcion_negocio,Fritos y jugo de corozo,1
descripcion_negocio,Almuerzos Corrientes y ejecutivos,1
descripcion_negocio,Comidas corrientes asados sancochos,1
descripcion_negocio,"Ropa,lencerias ,productos de la canasta familiar ,e.t.c",1
descripcion_negocio,"Peluquería, productos capilares",1
descripcion_negocio,"Confeccion de ropa para damas y niñas, uniformes de colegios",1
descripcion_negocio,Fabricación de productos mobiliarios para el hogar y comercial,1
descripcion_negocio,Ropa marca personal  calzado lentes formulados accesorios relojería,1
descripcion_negocio,Pulpas de frutas 100% Naturales sin conservantes,1
descripcion_negocio,Se ofrece el servicio de corte de cabello,1
descripcion_negocio,"Comidas Rapidas, Almuerzos Dominicales.",1
descripcion_negocio,Venta de Bar y Licores y tabaco,1
descripcion_negocio,Pisos en caucho para gym y toda clase de superficie plana . Jabónes desengrasantes para todo el sector automotriz.,1
descripcion_negocio,Ese es mi negocio,1
descripcion_negocio,Arreglo de ropa,1
descripcion_negocio,Torras personalizadas,1
descripcion_negocio,Confección de lencería para mujer,1
descripcion_negocio,Carne de res,1
descripcion_negocio,Cholaos y raspaos com frutas y hielo,1
descripcion_negocio,Tienda de víveres,1
descripcion_negocio,"Inicié mi negocio desde 2012  dónde vendo celulares libres planes postpago ,equipos por financieras ,accesorios  por una subdistribucion  y comisionista de un agente de claro además manejo recaudo por corresponsal",1
descripcion_negocio,"Se alquila mesas, sillas, manteleria, montagw para declaraciones.",1
descripcion_negocio,"Inicié mi negocio a finales del 2021, con todo lo que tiene que ver con la venta de productos para decoracion de fechas especiales",1
descripcion_negocio,"Es un negocio de más de 2 años, que lo inicie con el pago de unas cesantías.",1
descripcion_negocio,Iniciamos en junio del año pasado vendiendo comida corriente y ala fecha hemos crecido bastante,1
descripcion_negocio,Mantenimiento y Reparación de Vehículos,1
descripcion_negocio,"Inicie mi negocio  desde el año 2021 dedicándome a realizar tortas personalizadas, postres y fresas con crema",1
descripcion_negocio,Trabajaba en una pescadería y en enero decidí vender mojarras en la casa,1
descripcion_negocio,Inicie mi negocio en abril de 2021 fabricó esponja para lavar loza y también hago distribución de lo relacionado con los productos de aseo,1
descripcion_negocio,Mi negocio tiene como fin para el sustento diario y mis estudios cada 35 dias sacrifico y ago entrega de los pedido,1
descripcion_negocio,Inicié en el 2003. Hoy dis tengo peluqueria servicio manicura y pedicura. Una pequeña papelería y vendo mercancía,1
descripcion_negocio,Inicie mi negocio en pandemia vendo accesorios para moto y dotaciones para empresa,1
descripcion_negocio,Inicie mi negocio en el 2015 vendiendo en vitrina y estantería en el local de mi casa también vendo por catálogo manejo grupos de WhatsApp  de venta ropa productos importados,1
descripcion_negocio,Inicie mi negocio vendiendo jeans tennis accesorios a mis amigas y familiares,1
descripcion_negocio,Inicie mi negocio vendiendo a mis compañeros de trabajo en enero 2015 ventas por catálogo,1
descripcion_negocio,Inicio mi negocio en el2019 x compra pues tengo buenas clientes en el sector,1
descripcion_negocio,Elaboramos uniformes escolares,1
descripcion_negocio,"Vendo jugo de naranja en un puesto móvil, también paquetes gaseosa agua tinto sándwiches y empanadas",1
descripcion_negocio,Inicié mi negocio el 26 de enero y el 12 de febrero empecé formalmente en un local es una pastelería con producción de empanadas para negocios,1
descripcion_negocio,"Sala de belleza y uñas lorens especialistas en todo lo relacionado con el mundo de las uñaa desde las tradicionales hasta las artificiales, acrilicas y poligel. Servicio de peluqueria y venta de productos de belleza.",1
descripcion_negocio,"Mi negocio en 2022 empezó haciendo arreglos por qué era solo, ya con por un poco más de recursos y con ayudas de amigos hemos pasado a confeccionar ropa para clientes en específico, ya tenemos pedidos y clientes fieles",1
descripcion_negocio,Venta y comercialización de accesorios por catálogo y un pequeño punto físico en el local de una hermana.,1
descripcion_negocio,"Soy fotógrafo profesional desde hace más de 15 años, trabajo como freelance, cubro eventos sociales como bodas, bautizos, primeras comuniones etc, y también realizo estudios fotográficos,",1
descripcion_negocio,"Inicie mi negocio en el año 2019 ofrezco servicios de todo lo relacionado en belleza para dama como cortes,Cepillado peinados,manicure y pedicure,keratinas,maquillaje etc",1
descripcion_negocio,Se inicia labores del negocio en 2022 con servientrega y papeleria,1
descripcion_negocio,Taller satélite de confección de chaquetas de cuerina y chaquetas en guardas,1
descripcion_negocio,Somos una óptica que busca como meta principal solucionar las necesidades relacionadas a la vista de todas las personas que confían en nuestros servicios. Queremos ser los mejores en atención y en calidad de nuestros productos y somos muy competentes,1
descripcion_negocio,Somos una distribuidora de carne de res pollo cerdo y pescado al por mayor y detal,1
descripcion_negocio,Mi negocio inicio con sola reparación hoy en día manejo también accesorios,1
descripcion_negocio,"Mi negocio se dedica a la venta e intslaación de cámaras de seguridad, computadores, equipos para redes inalámbricas, accesorios tecnológicos y miscelánea en general.",1
descripcion_negocio,"Venta de productos lácteos y queso, yuca, mojarra lora, bocachico, gallina criolla y todo lo que se encuentre en cosecha en la temporada.",1
descripcion_negocio,"En asesorías menache asesoramos en la realización de trabajos universitarios y escolares, así como vendemos toda clase de artículos de papelería, sacamos fotocopias e impresiones, préstamos el servicio se tiempo de internet y venta de jugos y gaseosa",1
descripcion_negocio,"Mi negocio es Jotam Autopartes SAS, una tienda virtual de autopartes multimarcas",1
descripcion_negocio,"Inicie mi emprendimiento en abril del 2023, inicie haciendo 10 almuerzos diarios a domicilio, actualmente hago 50 diarios de lunes a sábado a personas que trabajan en empresas privadas y públicas en mi municipio, cuento con dos ayudantes en mi equipo",1
descripcion_negocio,Vendo todo tipo de artesanías a base de caña flecha y otros materiales,1
descripcion_negocio,"Inicie mi negocio desde 2022 después de la pandemia, con un surtido variado entre ropa, papelería, juguetera, chanclas y muebles.",1
descripcion_negocio,"Servicio de fotocopias, Impresiones, escaner, descarga de documentos, laminación, recargas a celular, minutos, pago de servicios.",1
descripcion_negocio,"Se realiza toda clase de manualidades en paño lency, nombres personalizados  muñecos de navidad",1
descripcion_negocio,Ceniceria,1
descripcion_negocio,"Tengo una operadora de turismo en la vereda pantano de Vargas e inicie en el turismo hace siete años y para sería importante implementar más servicios turísticos dentro de un recorrido histórico, natural y cultural.",1
descripcion_negocio,Inicié mi negocio en mi casa un poco antes de la pandemia en donde inicié a elaborar libros para publicaciones de personas que lo necesitan,1
descripcion_negocio,Compra y venta de queso,1
descripcion_negocio,Tengo mi negocio desde el 2021 en la casa de frutas y verduras el cual me va muy bien pero quiero crecerlo con más mercancia,1
descripcion_negocio,Taller satélite de jean,1
descripcion_negocio,Se vende alimento para todo de mascotas se vende medicamentos para mascotas ropa para mascotas y accesorios,1
descripcion_negocio,Inicié mi negocio en 2007 comprando y reparando todo tipo de muebles y enceres para el hogar.,1
descripcion_negocio,"Inicie mi negocio en 2013, me dedico a las artes gráficas, gusto que incremento gracias a que en mi carrera aprendí el uso de programas de diseño y demás. Me encuentro activa desde el 2013.",1
descripcion_negocio,Inicié mi negocio en el 2019 vendo carne y pollo cerdo,1
descripcion_negocio,"Juegos recreativos para niños y adultos costa de juegos Painball, carrusel para niños y inflables para niños trabajamos los fines de semana de jueves a lunes en ferias y fiestas y cuando no hay fiestas se trabaja en el parque de Jamundí. Con todos ..",1
descripcion_negocio,"Inicie en el 2015 mi negocio, vendiendo productos para el aseo personal, perfumes, alcohol, cremas, jabones, ropa para dama, caballeros y niños, edredones, entre otros por el metodo de catalogos, conservo actualmente una vitrina de los productos",1
descripcion_negocio,"Mi negocio inicio en 2022 desde mi casa hago batidos verdes y avenas trasnochadas saludable y las reparto a domicilio, mi emprendimiento nace de un cambio personal de crear buenos hábitos de vida y ayudo a personas en su proceso de perdida de peso",1
descripcion_negocio,La elaboración de calzado tipo sport,1
descripcion_negocio,Inicié mi negocio en el año 2022 con la venta de licores,1
descripcion_negocio,Venta de productos panificables...y bebidas gaseosas y de cafetería....,1
descripcion_negocio,Inicie mi tienda en eaño 2021 cómo forma de recibir maningrsos y prestar un servicio a la comunidad,1
descripcion_negocio,"Inicie mi negocio en el año 2016 del mes de octubre inicie con venta de medicamentos, al momento tengo técnico de aux de enfermeria, y expendedora de medicamentos que me acreditan para  la administración de la drogueria",1
descripcion_negocio,"Inicie mi negocio vendiendo ropa de catalogo en el 2020, luego le incorpore accesorios y bisuteria en un catalogo de ropa qué los incluye  y posteriormente empece a ofrecer maquillaje, fragancias y otros productos en convenio con otras comerciantes.",1
descripcion_negocio,"Me Dedico A Surtir Varias Tiendas Con Productos Como Agua En Botellas, Papeles Higiénico, Jabones, y Otros Productos Del Hogar",1
descripcion_negocio,Inicie en 2018 y después de la pandemia comencé a realizar ventas x pedidos,1
descripcion_negocio,Productos de aseo y desechables,1
descripcion_negocio,"Mi negocio es venta x catálogo y accesorios en rodio, acero, bronce, plata y catálogo feria del brasier y solo kukos",1
descripcion_negocio,Compense mi negocio en el 2020 y poco apoca a ido creciendo vendo frutas tubérculos para la necesidad de la gente,1
descripcion_negocio,"Inicié mi negocio en 2023, solo con mecatos y ahora también vendo abarrotes",1
descripcion_negocio,Reparación de equipos de cómputos,1
descripcion_negocio,Inicie mi negocio en el 2019 ventas por catálogo vendiendo zapatos y productos de belleza y cuidado personal,1
descripcion_negocio,"Inicie mi negocio como Sandy Store on the Way en mi Silla de ruedas electrica, vendiendo mecato y helados hechos por mi, iba hasta las playas de los charquitos, y ahora es de solo helados, y en un apto frente al coliseo y a 3 casas de la playa.",1
descripcion_negocio,Mi negocio es una papelería y un corresponsal bancario con un punto de chance,1
descripcion_negocio,"Inicie mi negocios de gafas en el 2010
Cómo un emprendimiento",1
descripcion_negocio,"Inicie mi negocio en la casa familia de mi esposa , donde vendemos líquidos refrescantes,  como agua juegos gaseosa y cerveza",1
descripcion_negocio,"Inicié mi negocio este año 2023 desde mi casa para un proyecto escolar de mi hijo desde casa, es un jabón multiusos echo a partir de aceite usado para la limpieza especialmente brillo de ollas y ropa blanca",1
descripcion_negocio,Se confeccionan prendas en tejido de punto faldas sudaderas camisetas leguins,1
descripcion_negocio,Inicié con mi negocio con un capital pequeño vendiendo pan leche y huevos y gaseosa,1
descripcion_negocio,Inicie desde 2020 vendiendo almuerzos caceros y en ese entonces también venta de huevos semicriollos hace ya tres años,1
descripcion_negocio,Inicie con mi trabajo con arreglos de computó desde el año 2015 y gracias a Dios pude montar negocio desde el año 2019 y hay vamos creciendo poco a poco,1
descripcion_negocio,"Ganadería de doble propósito, producción de leche y carne; los machos son para carne y las hembras se dejan para leche.",1
descripcion_negocio,Inicie mi negocio en el año 2019 vendo papelería detalles lociones anchetas trabajos a conputador e impresiones fotocopias,1
descripcion_negocio,Inicie con mi amiga Rubiela Yepes que es contadora a digitarle documentos contables actualmente estudio contaduria para obtener mi tarjeta profesional.,1
descripcion_negocio,Compra y venta de artículos de segunda mano,1
descripcion_negocio,"Nos dedicamos a la confección  de lotes a terceros y también estamos emprendiendo con nuestro negocio de diseño, confección y venta de ropa",1
descripcion_negocio,"Lo inicie para poder generar más ingresos para mi casa, además se venden muy bien, soy profesor de matemáticas y física de pruebas saber, pero después de agosto le dedico todo el tiempo.",1
descripcion_negocio,Fabricación y comercialización de calzado,1
descripcion_negocio,"Inicie mi negocio con la finalidad de tener una entrada ya que me había quedado sin empleo, con el pasar de los años me di cuenta de la necesidad que había en mi barrio de ofrecer productos de papelería, piñateria y demás.",1
descripcion_negocio,Inicie mi negocio en el mes de mayo de presente años lo cual vendo catalogo novaventas el pedido máximo q e metido es de 750.000pesos aproximadamente  lo cual quiero tener una base para seguir en mi negocio,1
descripcion_negocio,Venta de empanadas y pasteles de yuca,1
descripcion_negocio,Inicié mi negocio hace más de 3 años y gracias a Dios me ha ido bien y quiero seguir creciendo,1
descripcion_negocio,Brindamos asesorías en el cultivo de café orgánico buscado darle un valor agregado a la procesos que se realizan en esta industria y mejorar le los ingresos económicos y mejorar la calidad de vida de los Caficultores al norte de Colombia.,1
descripcion_negocio,"Se realizan muestras de mascarillas, Limpiezas faciales, ventas de productos como labiales, cremas corporal, bloqueadores.",1
descripcion_negocio,Comora y venta la por mayor y menor de tegnologia computadores e impresoras a nivel nacional con una experie cia de 27 anos,1
descripcion_negocio,Venta de ropa para niña y dama tipo boutique,1
descripcion_negocio,"Iniciamos el emprendimiento en inicios de pandemia para poder subsistir, mientras no se podía laborar",1
descripcion_negocio,"Inicie mi negocio en 2020 vendiendo productos de belleza en general desde mi casa: lociones, desodorantes, cremas de manos. Lo cual día a día eh ido mejorando",1
descripcion_negocio,"KARIVANtiendacreativa  es un sueño hecho realidad donde hemos podido ser cómplice de muchas personas llevando momentos agradables,somos una empresa donde trabajamos con amor realizando cada proyecto personalizado desayunos sorpresa,papelería creativa",1
descripcion_negocio,"Inicie mi negocio en 2021 en la fabricación de piezas en impresión 3d y grabados en CNC, mi idea es fabricar estos modelos de materas para luego hacer moldes en silicona de caucho para fundirlas en cemento y comercializarlas en redes sociales",1
descripcion_negocio,"Inicié mi negocio como vendedor puerta a puerta de quesos, leche y carne. Actualmente tenemos una línea de comercialización de más de 50 clientes directos.",1
descripcion_negocio,"Empecé mi negocio en el año 2018 con impresiones y fotocopias,luego  empecé a vender ciertos útiles escolares y ahora tengo hasta punto de recaudó",1
descripcion_negocio,Mi negocio comenzo en el 2021 comerciando con madres,1
descripcion_negocio,Inicie mi negocio vendiendo almuerzo corriente en enero del 2022 y lo nombre con los nombres de mis padres; actualmente vendemos desayunos y almuerzos servidos a la mesa y a domicilio.,1
descripcion_negocio,Inicié comprando productos de nutrición en la empresa donde laboro y los vendo a particulares y droguerías,1
descripcion_negocio,"Distribución de productos (Leche,  Arequipe, crema de leche,  quesos, yogurt y todos los derivados de la leche",1
descripcion_negocio,Impresión.. fotocopias .. corresponsal bamcamia.. y pagos de facturas.. dulceria y detalles.. recargas,1
descripcion_negocio,Alquiler de maquinaria para construcc,1
descripcion_negocio,Inicie mi negocio en el 2020 con 5 canastas de cerveza y pues e ido mejorando cada día mas e surtido un poco más coloque canchas de tejo y pues quiero arreglar más mi negocio,1
descripcion_negocio,Confección,1
descripcion_negocio,"Inicie mi negocio  en el 2018 haciendo eventos  de fin de año y ahora estoy  haciendo  eventos fuera de la ciudad, son eventos deportivos.",1
descripcion_negocio,Mi negocio fue creado hace 12 años. Empecé con unas ventas bajas ahora gracias a Dios se vende mucho. Soy muy innovador y emprendedor.,1
descripcion_negocio,Inicie mi negocio confeccionando prendas artedanales v 👙 ropa de dama,1
descripcion_negocio,Inicie mi negocio en diciembre del 2022 vendiendo lechona desde mi casa,1
descripcion_negocio,Café internet,1
descripcion_negocio,"Venta y creación de ropa para dama, caballero niñas y niños, ropa deportiva y clasica",1
descripcion_negocio,Inicie mi negocio en la estación madera siempre vendiendo chunchurria y chorizos,1
descripcion_negocio,Iniciè mi negocio 2009 de carpinteria,1
descripcion_negocio,Inicie mi negocio  en el 2021 vendiendo desde mi casa productos de belleza y para bebe,1
descripcion_negocio,"Venta de ropa para dama caballero y niños, vestidos n, camisas, jeans, sudaderas, busos, jogers para dama y caballero, pijamas de niños y niñas y dama, chaquetas sobre pedido, etc",1
descripcion_negocio,Mi negocio se refiere a todo lo que es Construcción mantenimiento y arreglo negativos tanto locales como casas cubiertas Fachadas en Edificios,1
descripcion_negocio,Inicie mi negocio en2015 haciendo eventos con colegios y diferentes empresas .,1
descripcion_negocio,"Inicie mi negocio a comienzo del presente año 2023, es una sala de video juegos adecuada en mi vivienda, donde se cobra por hora el servicio prestado",1
descripcion_negocio,Iniciamos en el año del 2021 como empresa en la fabricacion y montajes de estructuras metalicas,1
descripcion_negocio,Inicie mi negocio en el 2019 vendiendo útiles escolares y fotocopias,1
descripcion_negocio,Durazno es una microempresa interesada de llegar a ingrese,1
descripcion_negocio,Inicie mi negocio comprando tela haciendo moldes cortar cocer y vender,1
descripcion_negocio,Inicié mi negocio en abril 2022 y es una venta accesorios para instalación de gas calentadores y estufas también se vende cosas de ferreteria,1
descripcion_negocio,Inicié en mi casa mi negocio y aún trabajo independiente en mi casa,1
descripcion_negocio,"Inicie mi negocio en el 2016 vendiendo butifarra, jamón, hamburguesas, salchichas perro",1
descripcion_negocio,Mi negocio te puedes hacer el manicura  y pedicure,1
descripcion_negocio,"Prestamos Servicios topográficos
Levantamientos topográficos, loteos localización y replanteo, trazado, nivelación",1
descripcion_negocio,Vendo ropa,1
descripcion_negocio,Es un emprendimiento dónde se fabrican carcasas personalidades para las referencias de los iPhones,1
descripcion_negocio,Emprendí mi negocio en el 2012de compra y venta de aires acondicionados en el 2014 prosedi con instalaciones y mantenimientos,1
descripcion_negocio,"Inicié mi negocio en el año 2021 de repuestos y mantenimiento de motocicletas, ese año fue el registro mercantil pero ya venía trabajando en el mucho tiempo atras",1
descripcion_negocio,Venta de productos para el hogar y ropa y calzado a crédito en zona rural con cobros cada 15 días,1
descripcion_negocio,Manejamos Cupulas con piedras y decoraciones para el hogar y negocios,1
descripcion_negocio,Inicie mi negocio en plena pandemia con la idea de solucionar los problemas de las direcciones hidraulicas y asistidas de los vehículos automotores,1
descripcion_negocio,"Inicie mi negocio de congelados el año 2020, pero hasta marzo de este año lo registré en cámara de comercio,  ya que por cuestiones ajenas a mi voluntad pare mi emprendimiento este año lo retomé pues siempre he creído en mi producto como ganador.",1
descripcion_negocio,Inicié 2019 con idea de negocio a raíz de una necesidad que existe por la gran contaminación que hacen el icopor y los plásticos de un solo uso y dónde nace ecopremiumjtsas cómo una idea de desechables biodegradables,1
descripcion_negocio,"El negocio tuvo inicio en 2018 y poco a poco se ha trabajado para tener una identidad en el mercado, nos especializamos en plasmar los sueños de los clientes en suéteres personalizados a su gusto y también plasmar nuestra marca en el mercado",1
descripcion_negocio,Iniciamos comercializando y ahora ya fabricamos nuestros productos,1
descripcion_negocio,"inicie mi negocio en 2008 con la fabricacion de zapatos tipo cotizas para danzas, en el transcurso del tiempo se han elaborado otros productos como sandalias playeras y bermudas y pantalonetas.",1
descripcion_negocio,Somo un negocio de comida típica valluna donde vendemos variedad de preparaciones típicas del valle y también vendemos asados y comida rápida,1
descripcion_negocio,El negocio lo inicié vendiendo a misceleandas o papelerías de toda clase de materiales para surtir sus negocios en especialmente las zonas del oriente de cali,1
descripcion_negocio,"Inicie mi emprendimiento desde casa  el 15 de junio del 2022, vendiendo comidas rapidas y asados",1
descripcion_negocio,"Inicie mi negocio vendiendo fotocopias E impresiones.a medida de que el tiempo los clientes solicitaban más productos fui incrementando los productos , haciendo recargas y juguetería ventas de shampoo,gel para caballeros bizcochos para pintar moñas .",1
descripcion_negocio,VENTA A CREDITO Y PLAN SEPARE DE JOYAS EN ORO Y PLATA GARANTIZADA.,1
descripcion_negocio,Comercialización de fruta fresca,1
descripcion_negocio,Ropa deportiva calzado y todo lo relacionado,1
descripcion_negocio,Fabricamos muebles personalizados y optimizando espacios,1
descripcion_negocio,Venta al por mayor de artesanías nuestros clientes catedral de sal villa de Leiva Raquira y zipaquira y chiquinquira,1
descripcion_negocio,En mi negocio vendemos máquinas para la creación de lentes,1
descripcion_negocio,"🕯️Fabrica De Velones La Estrellita🕯️ es una empresa dedicada a Fabricar velas y velones esotéricos, aromatizados, personalizados, elaborados con 100% parafina de forma artesanal 👨‍🌾👩‍🌾, de todas las formas, tamaño y colores 🟥🟧🟨🟩🟦⬜. Nos pre",1
descripcion_negocio,Trabado de manera independiente haciendo manicure y pedicure a domicilio y desde mi casa,1
descripcion_negocio,"desde el 2018 estamos brindando gratas y memorables experiencias a traves de tablas de quesos, desayunos corporativos, detalles y anchetas gourmet, catering para eventos y catas de vinos.",1
descripcion_negocio,Inicie el negocio hace varios años ...yo en venta directa llevo más de 25 años laborando en este campo....es por eso que tengo ya mucha experiencia en las ventas y mucha clientela ....,1
descripcion_negocio,Inicie mi negocio en el 2020 a raíz de la pandemia emprendí la fabricación de ropa para bebé fabricando primer día pijamas cobijas y poco a poco fui vendiendo y comprando materia prima para seguir produciendo la ropita para bebé que una bendiciónes.,1
descripcion_negocio,Venta de joyas y accesorios para mujer en diferentes materiales y estilos. Contraentrega en Bogotá y envíos a nivel nacional,1
descripcion_negocio,Inicie una bodega el año 2020 en mi casa de   venta de licores al por mayor,1
descripcion_negocio,"Prestó servicios de carnetizacion y fotografía para establecimientos educativos principalmente.  Razón por la cual las evidencias son conmigo detrás de la cámara 
Dichos servicios de contratan de forma masiva y se prestan directamente en cada sede in",1
descripcion_negocio,Mi negocio tiene un año y medio quiero seguir creciendo,1
descripcion_negocio,"Inicie mi negocio con venta de productos para cuidado de manos y pies, cuidado de capilar",1
descripcion_negocio,"Negocio familiar de venta de productos farmacéuticos, toma de presión, niveles de glucosa, sueros vitaminados, cosmetología, productos de aseo personal y servicio a domicilio entre otros",1
descripcion_negocio,Inicie en mi negocio como empleado luego compre una sociedad y actualmente soy el dueño,1
descripcion_negocio,Nos destacamos desde el 2020 por una exelente prestacion de servicio automor y electrico en mecánica de motos,1
descripcion_negocio,"es un negocio donde hay artículos de papelería, bebidas y productos de catálogos",1
descripcion_negocio,Hacemos reparación capilar hacemos uñas,1
descripcion_negocio,"Inicie mi negocio en el 2021 ya que en el colegio nos pedía un emprendimiento.
Empecé vendiendo ropa ya que se que es un negocio rentable, al igual inicie con un capital de 400, los cuales pude doblar al mes, en ocasiones vendo también zapatos .",1
descripcion_negocio,"Inicie mi emprendimiento en nov del 2020 en plena pandemia 😷, realizando jabones para todo tipo de piel de la cara y cuerpo mas oleatos artesanales.",1
descripcion_negocio,Restaurantes de comida china en kennedy Bogotá,1
descripcion_negocio,Inicié mi negocio desde el 2001 vendiendo todo lo de tienda y abarrotes,1
descripcion_negocio,Venta de audífonos inalámbricos JBL por internet,1
descripcion_negocio,Inicie mi negocio en el año 2023 en enero vendo producto de belleza y higiene personal,1
descripcion_negocio,Tengo mi negocio de spa hace 2 años y con ansias de seguir ampliándome un spa con servicios de terapias alternativas,1
descripcion_negocio,"Inicie mi negocio en en 2018, con mi venta de catálogo, y desde entonces a sido muy gratificante",1
descripcion_negocio,"Asesorías técnicas en cultivos, independiente, venta de insumos y productor.",1
descripcion_negocio,Sala de belleza con experiencia en decoloración de cabello tintes con las tendencias de moda experta colorista manicure y pedicure con las últimas técnicas de moda,1
descripcion_negocio,Inicie mi negocio vendiendo minutos y recargas. Luego adquirí un computador para vender Internet con el pasar de los meses adquirí una impresora y hace dos años compré una fotocopiadora. Hace unos meses estoy surtiendo poco a poco las vitrinas.,1
descripcion_negocio,Instalación de una plataforma a cualquier tipo de negocio para venta de recargas electrónicas y pagos de facturas.,1
descripcion_negocio,Es una vebt de fritos en las horas de la mañana en una estación de buses tengo una mesa,1
descripcion_negocio,contamos  con una peluquería de más de un año en la cuidad de Manizales además vendemos productos por instagram desde hace 6 años,1
descripcion_negocio,Venta de huevos,1
descripcion_negocio,Mi negocio está basado en la fabricación y venta de alimentos tipo desayuno típico de la región cómo son chicharrón con yuca y arroz mixto y jugos naturales,1
descripcion_negocio,Inicie mi negocio en 2017 comprando mercancía al mayor y vendiendo al detal ropa y accesorios,1
descripcion_negocio,Inicie mi satélite con 2 máquinas en este momento cuento con 4 trabajo para el madrugón,1
descripcion_negocio,"comercio de fruta mango, manzana pera guanabana",1
descripcion_negocio,"Inicie mi emprendimiento en 2021, por una cirugía que tú e donde perdí mi cabello, utilice los productos que hoy distribuyó y e sirvieron mucho... Desde allí los recomendé y empece a dar mi testimonio y a venderlos",1
descripcion_negocio,Inice vediendo gruta picada 2010,1
descripcion_negocio,Mi negocio lleva conmigo en esta dirección tres años..pero lo trabajo más de 20 años.fabricamos salas comedores etc,1
descripcion_negocio,"inicie mi negocio en el año 2021, donde  empece vendiendo ropa , hoy en dia sigo con el mismo emprendimiento y adicional a ello vendo visuteria , termos y gran variedad de productos .",1
descripcion_negocio,Detalles para toda ocasión,1
descripcion_negocio,Inicie en el 2014 mi satélite de calzado donde ofrecemos el servicio de guarnición armado de calzado para empresas y encargos sobre medidas,1
descripcion_negocio,"Inicie mi negocio en el año 2021 en el cuál se vende una variedad de comidas rápidas hamburguesas,perros calientes, mazorcadas",1
descripcion_negocio,"Inicie 2012
Papeleria
Fotocopias 
Impresión 
Recargas",1
descripcion_negocio,Inicio mi negocio en 2021 una papelería cual ha crecido contante y se puede fortalecer más,1
descripcion_negocio,"Mi negocio se destina a la distribución de cerveza y licores a los establecimientos de comercio y al público de la ciudad de Cartagena, suministro los productos a bares, gastrobares y particulares",1
descripcion_negocio,"Realizamos decoración de fiestas, desayunos sorpresa, meriendas, anchetas con dulces, anchetas con flores, anchetas con productos o elección del cliente, realizamos murales, manualidades para decoraciones o eventos temáticos y alquiler de mobiliario",1
descripcion_negocio,"Inicie mi negocio de manera virtual con catálogos de ropa, accesorios ymaquillaje, al detal y por mayor",1
descripcion_negocio,"Inicie mi negocio 2021, con servicio de papelería, Internet, fotocopias, impresiones y trabajos en computador.",1
descripcion_negocio,"Pastando es un espacio de alimentación consciente en el cual todos los dias se hace pasta hecha a mano aplicando técnicas artesanas italianas, su valor primordial es que es un producto fresco, hecho y entregado en la misma semana de elaboración",1
descripcion_negocio,"Tengo un un cultivo de guayaba araza, donde cuento con 500 árboles y distribuyo la pulpa  a diferentes negocios de la región de Antioquia. Actualmente tengo otro negocio de celulares y accesorios, donde los comercializo por encargo virtualmente",1
descripcion_negocio,Todo empezó porque mis vecinas querían comprar mis plantas entonces empecé a venderles los hijos de las plantas madres y todo se reforzó en pandemia y como me fue bien entonces decidí tener mi negocio para brindarle una vida digna a mis hijos,1
descripcion_negocio,Realizó mantenimiento de equipos de elevación de carga y estructuras metálicas,1
descripcion_negocio,"iniciamos en marzo del presente año, viendo la.operundiad de un mercado en constante crecimiento y con un número considerable de consumidores, personas que tienen y sienten la necesidad de innovar en tecnología y accesorios",1
descripcion_negocio,Inicie mi negocio ya hace cuatro años cuando me encontraba desempleado mi papá me proporcionó un terreno para que lo trabajara y decidí invertir en el negocio de la yuca industrial y hasta el día de hoy gracias a Dios es parte del sustento de mi fami,1
descripcion_negocio,Inicié mi negocio en febrero de 2023 vendiendo desechables y cosas de aseo.,1
descripcion_negocio,Mi proyecto empezó el año pasado con la plantación de 4000 árboles de café 100 matas de plátano y 200 de yuca tiene un tiempo de 10 meses ya el plátano en producción y próxima la yuca y al café en 6 meses la idea es sacar café especial,1
descripcion_negocio,Iniciar mi negocio en agosto en 2015 es una Peluqueria que presta todos los servicios ya está mi posicionados en el mercado con personal altamente capacitado,1
descripcion_negocio,Inicie en 2020 vendiendo articulos de relojeria a mis amigos y fui creciendo por recomemdación y redes sociales,1
descripcion_negocio,Inicie mi negocio vendiendo salchipapas picadas desde mi casa pero gracias a Dios tengo buenos clientes y quiero expandir mi negocio a un local grande,1
descripcion_negocio,"es un emprendimiento creado a pulso, donde prima la buena atención al publico y que salgan satidfechos con su respectivos corte o tratamiento",1
descripcion_negocio,"Inicié mi negocio en el mes de marzo él cuál es la realización de productos de personalización dónde están las camisetas, pocillos, llaveros, busos, agendas.",1
descripcion_negocio,"Nosotros somos desarrolladores de productos y prestamos todo el servicio completo para que este producto
Salga al mercado.",1
descripcion_negocio,Venta de bolsos y acesorios de mujer por paginas virtual y servicio domiciliario,1
descripcion_negocio,"Inicio en 2018 un negocio pequeño, ha ido creciendo poco a poco, y lo he ido mejorando",1
descripcion_negocio,Iniciamos con nuestra heladería comida y bebida en el 2018 y gracias a Dios y el fuerte trabajo hemos crecido de manera increíble.,1
descripcion_negocio,Inicie mi negocio vendiendo comidas rapidas y hoy en dia tengo un restaurante de comida tradicional.,1
descripcion_negocio,Inicié mi negocio en el 2022 con dos extanterias y gracias a Dios ya tengo cuatro estanterías,1
descripcion_negocio,Inicié en 2021 vendiendo elementos de protección personal,1
descripcion_negocio,Establecimiento comercial de venta de cerveza jugos y gaceosas,1
descripcion_negocio,Pcparts vendo partes de computadora y hago mantenimiento de equipos,1
descripcion_negocio,Inicié mi negocio prestando mis servicio como reparador de frenos en el año 2015 ofreciendo una exelente calidad y confianza,1
descripcion_negocio,"Inicié mi negocio en el año 2017, brindando servicios de topografía, levantamientos de predios, liquidaciones, planos y subdivisión",1
descripcion_negocio,Venta de electrodomésticos,1
descripcion_negocio,Mi negocio ha sido la carpintería en madera y metálica combinada. Produje Artesanías durante un buen tiempo y participé en expo Artesanías durante cuatro años y hoy mi emprendimiento es el diseño e impresión en 3D y continúo con la carpintería,1
descripcion_negocio,"Iniciamos el negocio con el deseo de emprender de comercializar productos finales y en compañía de mi esposa decidimos aperturar un establecimiento de comercio, en el proceso con unos socios les compramos una parte ahora decidimos arrancar solos",1
descripcion_negocio,Inicié en el 2015 hacer masajes a domicilio,1
descripcion_negocio,"Inicie mi negocio el año pasado, diseñamos y confeccionamos todo tipo de vestidos, prestamos servicio de taller satelite",1
descripcion_negocio,Alcohol antiséptico,1
descripcion_negocio,Venta de Pijamas y buzos para dama con ropa interior para dama y caballero,1
descripcion_negocio,"Inicie mi negocio por la necesidad de proteger o cuidar aquellos libros sagrados o importantes, innovando en varios diseños y materiales, cuero, sintético, vinilo, lonas",1
descripcion_negocio,Inicie en 2019 mi negocio de carpintería,1
descripcion_negocio,Inicie el negocio en 2007 fabricando y calazado de todo tipo,1
descripcion_negocio,"Inicie mi negocio vendiendo tornilleria capilar, ahora vendo repuestos para camiones y tractomulas",1
descripcion_negocio,"Comence mi negocio durante la pandemia y gracias a eso mi familia y yo pudimos salir adelante
Vendo pasteleres personalizados por encargo y tambien hago postres",1
descripcion_negocio,Es un restaurante para comidas ejecutivas. Por las noches cómodas especiales,1
descripcion_negocio,"Compro y vendí terneras, terneros y vacas para sacrificio o cría",1
descripcion_negocio,Inicie mi nogocio vendiendo recargas de celulares y equipos pero por falta de capital decidimos vender cervezas cigarrillos y mecatos,1
descripcion_negocio,Mi negocio es venta de cerveza y comida,1
descripcion_negocio,"ventas de repuestos, lubricantes y accesorios para motocicletas y bicicletas",1
descripcion_negocio,Inicié mi negocio en 2013 llevo 10 años en el sector inicie haciendo domicilios y ahora trabajo en un local y mi emprendimiento es poder crecer más e implementar más servicios,1
descripcion_negocio,Inicie mi negocio en el 2019 vendiendo ropa e indumentarias deportiva,1
descripcion_negocio,"Inicie mi negocio en mayo del 2014, con servicio de diseño gráfico, impresión de adhesivos, avisos señalización y de mas",1
descripcion_negocio,"Soporté técnico de toda clase de computadores, MacBook e impresoras Yopal - Casanare info. 3203576901 Cra 9#40-76 barrio el laguito🤓 ⚒️🖥️💻💽",1
descripcion_negocio,Inicie mi Negocio en el Año 2019 donde se Comercializa Celulares al Igual Que Servicio técnico Accesorios para todo tipo de Celulares y papelería.,1
descripcion_negocio,"Inicie mi negocio en el año 2009, en un local pequeño apoyada de 1 computador y 1 impresora láser color, ofreciendo los servicios de diseño gráfico free lance y impresión láser digital de piezas publicitarias y terminados.",1
descripcion_negocio,Restaurante de almuerzos a domicilio; a los clientes se les envía por medio de whats App el menú diario y ellos lis piden por este medio y se les envía directamente a su lugar de trabajo o a su casa.,1
descripcion_negocio,"Venta de licores ,dulces, chocolates",1
descripcion_negocio,Inicie mi negocio en el 2014 hacemos envíos a todo el país,1
descripcion_negocio,"Inicié mi negocio en enero del 2023 vendiendo productos de belleza por catálogo para dama y caballero, perfumería, cuidado de la piel y el cabello",1
descripcion_negocio,Inicié mi negocio vendiendo dulceria y gayetas,1
descripcion_negocio,Inicie mi negocio desde muy temprano y tengo varios productos como lo es el ajonjolí la yuca el maíz.,1
descripcion_negocio,"en medio de la pandemia como un pasa tiempo y se convirtió en un negocio,  el encierro género nuevas formas de invertir el tiempo y por medio del tallaje de madera se me permitió una forma de hacer lo que me gusta y emprender, realizo bandejas.",1
descripcion_negocio,Inicié mi emprendimiento en el año 2018 haciendo arreglos con una máquina familiar pero en el momento ya tengo una fileteadora industrial y una máquina plana y empecé a confeccionar prendas para mis clientes y queden a gusto con el servicio que les d,1
descripcion_negocio,Venta de sampo tratamientos.maquillaje y todo lo relacionado con el.cuidado del cabello,1
descripcion_negocio,"Mi emprendimiento @perfumeaxm 
Mi idea nace desde la necesidad de la persona la cual necesita sentirse empoderada, y nada mejor que una persona con un olor peculiar a gusto propio. Mi negocio es para toda ocasión 
Regalo,cena,cumpleaños,fiesta etc.",1
descripcion_negocio,Inicie el negocio antes del 2002 o legalice en el.año 2002 comprando ganado reses para sacrificarlos para consumo humano todavia lo tengo,1
descripcion_negocio,Inicié trabajando para otra persona....pero ya hace 3 años empeze a poner mi propio negocio y desde el año 2020 lo estoy apministrando,1
descripcion_negocio,Venta de jugos y pasteles ñas 24 horas,1
descripcion_negocio,"Inicie mi negocio en un local y por la demanda del producto me tocó cambiar de local para que los clientes se sientan más cómodos, es un producto natural 100% y la calidad la mejor",1
descripcion_negocio,Inicie mi negocio en el mes de abril de este año en mi apartamento trabajo desde casa haciendo los móviles para bebés,1
descripcion_negocio,"Inicie mi negocio luego de graduarme como.zootecnista tengo un local donde se vende carne de cerdo, huevos, productos agrícolas, miel y trucha",1
descripcion_negocio,Tortas y ponqués bajas en azúcar,1
descripcion_negocio,"Inicie mi negocio en febrero de 2021 haciendo chaquetas de niño y niña en variedad de colores ,las elaboró en mi casa",1
descripcion_negocio,"Mi negocio es venta y reparación de portátiles computadores e impresoras, celulares.. instalación de cámaras digitales y vigilancia... Venta de accesorios",1
descripcion_negocio,Inicié mi negocio con mi esposa haciendo servicio de frenos adomocilio,1
descripcion_negocio,Inicie mi negocio en febrero 2023 los cual es venta por catálogo,1
descripcion_negocio,"Llevo cerca de 13 años trabajando en el área de la tecnología, en especial con lo concerniente a software especializado y mantenimiento de equipos de computo",1
descripcion_negocio,"REALIZO VENDA DE BOLSOS POR CATALOGO VIRTUALMENTE, INICIE EN EL MES DE ENERO DEL AÑO PRESENTE DONDE SEMANALMEMTE VENDO 5 A 6 BOLSOS.",1
descripcion_negocio,"Iniciemos negocio en 2018 vendiendo prendas de vestir de manera virtual en compañía además mis hijos, le vendiamo a familiares y las personas más allegadas ,luego creamos la página y se extendió a más clientela vendemos accesorios, tenis ,ropa, gorra",1
descripcion_negocio,"inicié mi negocio en 2010 confeccionando trajes para hombre matrimonios novios y novias, haciendo toda clase de arreglos y todo lo relacionado con la confección.",1
descripcion_negocio,"Me dedico a la venta de ropa deportiva para hombres,mujeres, niños  y niñas al detal mi meta es llegar a ser un proveedor mayorista",1
descripcion_negocio,Inicié mi negocio vendiendo mochilas de una sola hebra y doble varias artículos empecé con 23 artesans ya hoy en día cuento conn43 artesans gra vías a ese pequeño negocio he podido vender mis productos en la tienda empatía en la ciudad  Bogotá,1
descripcion_negocio,Inicio mi negocio de reparación y actualización de computadores. Esto lo hago a domicilio. Igualmente tengo un plan de medicina prepagada para equipos de cómputo.,1
descripcion_negocio,"Compré este negocio en el 2022, y poco a poco ha venido creciendo y se ha acreditado con muy buenas clientes y salones de belleza",1
descripcion_negocio,Venta de queso y suero al por mayor y detal,1
descripcion_negocio,Inice en 2021 realizando. Antenas de aire para tdt principalmente donde no hay cobertura de tv en material de aluminio,1
descripcion_negocio,"Este negocio ha sido un apoyo para la educación  de mi hijo. Vendiendo  perfumería, joyas y skincare.  Me ha dado mucha alegría  cuando veo a mis clientes contentos  con los sets que armo para dar detalles. Es una bonita  oportunidad.",1
descripcion_negocio,"VENTA POR CATALOGO DE NATURA Y AVON, ESIKA LBEL CYZON, OBOTICARIO, YANBAL",1
descripcion_negocio,"EMPECE A TRABAJAR COMO INDEPENDIENTE HACIENDO DOMICILIOS CASA A CASA, HASTA Q LOGRE ORGANIZAR UN LOCAL PARA ATENDER A MIS CLIENTES, APRENDÍ MAS TÉCNICAS DE BELLEZA, PERO DESEO EXPANDIR EL NEGOCIO, COMPRANDO MAS IMPLEMENTOS.",1
descripcion_negocio,"Inicie mi negocio el año pasado con mucho esfuerzo y entereza, logrando quedarme aún en el mercado.",1
descripcion_negocio,"Inicié mi negocio en el 2018 vendiendo en la casa dedos y empanadas fritos, después empezé vendiendo las bandejas de empanadas con pollo, hawaiana, carne, jamón con queso, trifasica y bandeja de dedos de varias unidades.",1
descripcion_negocio,Fabrica de calzado para la práctica del futsal.,1
descripcion_negocio,"La tribu happy es un emprendimiento que diseña, fábrica y alquila elementos representativos para la presentación de espectáculos infantiles, dichos elementos son (titeres, botargas o mascotas, estatuillas y contenido audiovisual)",1
descripcion_negocio,"Hago construcción con tierra cruda, rescatando técnicas constructivas ancestrales como la Tapia Pisada, El bahareque y el BTC",1
descripcion_negocio,"Inicie mi negocio en el 2018 nos dedicamos a la fabricación de postres típicos colombianos como merengones rellenos de fruta, arroz con leche, obleas, fresas con chocolate y fresas con crema, trabajamos de jueves a domingo y festivos.",1
descripcion_negocio,minegocio esta funcionando desde 2018 venta dr conos al por mayor,1
descripcion_negocio,Somos un grupo de asesores publicitarios para toda clase de negocios,1
descripcion_negocio,Inicié con la venga de mis postres en enero del 2023. El cual requiero un plante para repartir en xole,1
descripcion_negocio,Inicie en el 2019 mi taller debido a que trabajaba en empresa pero el tiempo con mis hijos se via reducido y tomé la desicion de emprender sola,1
descripcion_negocio,"Inicie mi negocio en el año 2000 en un peaueño carro vendiendo comidas rápidas como salchipapas, hamburguesas, perros calientes, chuzos, chorizos y aún sigo con mi negocip",1
descripcion_negocio,"Inicie mi negocio en el mes de marzo del año 2020 con la panadería, me dedico a producir diversos productos agrícolas como maíz, arracachas , platano, colantro , es productivo y me gusta el trabajo que realizo.",1
descripcion_negocio,"Inicie mi negocio en el año 2021, vendiendo por catálogo, ropa,zapatos por encargo",1
descripcion_negocio,"Mi negocio inicia en el año 2018, buscando la alternativa de conseguir una estabilidad financiera",1
descripcion_negocio,"Inicie mi negocio vendiendo productos propios de la finca. Frutas, verduras y animales . Ahora ayudo a otros campesinos a vender su productos .",1
descripcion_negocio,Inicie trabajando en centros de estética luego pobremente a domicilio después monte mi cabina Estética donde poco a poco la fui equipando sigo ofreciendo domicilio pero de una manera más especializada y completa,1
descripcion_negocio,Soporte técnico en dispositivos móviles experto en equipos apple sistema de cómputo en portátil impresora,1
descripcion_negocio,"Inicie el negocio en el 2015  con venta de producto hechos por mi y complemete
Con venta de productos de catálogo",1
descripcion_negocio,Inicié mi negocio en Junio de 2018 y hasta el momento todo ha Sido bendiciones.,1
descripcion_negocio,Inicié mi negocio en el año antes pasado vendiendo mecatos y gaseosa hoy en día vendo de todo un poco y en mi propia casa,1
descripcion_negocio,Inicie en puesto vendiendo arepas rellenas de pollo hamburguesa tinto y algo mas,1
descripcion_negocio,Inicie en 2012 con cintillo y turbantes ropa de hombre y mujer zapatos le ingrese accesorios de tel celulares reloj de todo un poco vendo  tenia mi local en centro ahora estoy virtual en casa,1
descripcion_negocio,Mi negocio empezó en pandemia y cuidamos la piel por medio de productos de alta calidad brindando bienestar y cuidados,1
descripcion_negocio,"INICIE MI NEGOCIO EN 2022 ES DE HELADOS, FRUTAS Y JUGOS NATURALES, EN EL MOMENTO ESTAMOS TRABAJANDO EN LA IMPLIMENTACION DE NUEVOS PRODUCTOS",1
descripcion_negocio,"Comercial venta y reparación, mantenimiento en general",1
descripcion_negocio,"Inicie mi negocio en el 2019 débido a un arte escondido que tenía y descubrí en unas vacaciones, desde entonces empecé a subir fotos de los retratos y cuadros y a la gente me pregunta la si los vendía y decidí pintar para vender",1
descripcion_negocio,"Inicie mi negocio en el año 2003 vendiendo recargas a celular, simcard y minutos, luego hace 2 a!os pago servicios y vendo plataformas streaming",1
descripcion_negocio,Inicie mi negocio en el año 2001 tapicería e instalación de películas de seguridad para autos y arquitectonico..,1
descripcion_negocio,Tengo 3 hectáreas de maracuya tengo un promedio de 5 cortes de maracuya por año el cual cada corte me de 6.000.000 millones por corte en promedio,1
descripcion_negocio,"Inicie mi negocio en el 2018 desde casa haciendo trabajos para casas apts, mi Negocio es la instalación de carpintería en aluminio, osea la instalación de ventanas en aluminio, hoy en día mi calidad de trabajo me llevo a trabajar para constructoras.",1
descripcion_negocio,"Snack más fit es una tienda virtual que ofreces servicios tales como mesa de postre, arreglos florales desayuno sorpresas y detalles en general llevamos en funcionamiento 4 años donde ya tenemos una distinguida clientela",1
descripcion_negocio,Inicié mi negocio con mi familia  y ayuda de amigos vecinos y familiares y hoy ha crecido pero con ganas de crecer más.,1
descripcion_negocio,"Iniciamos Almarias postres, desde el 2016 vendiendo cheescake frío a mis compañeros de trabajo. En pandemia nos expandimos a redes sociales como instagram y vendemos por encargo hasta la fecha",1
descripcion_negocio,"Inicie mi negocio  en el año 2015, asesora do a clientes  para mejor su salud por medio de nutrición  de alta tecnología y actualmente hago valoraciones con clientes muy agradecidos por los resultados en salud, peso y energía",1
descripcion_negocio,"Este negocio tiene 7 años de antigüedad, lo adquirí en abril del 2022 bajo mi nombre. Tengo servicio de venta directa y también virtual",1
descripcion_negocio,Inicie mi negocio con diseño grafico confeccionamos tofo tipo de prendas deportivas y dotaciones enviamos a nivel nacional,1
descripcion_negocio,Empeze mi negocio vendiendo comida a domicilio pollo a la braza desde un pequeño anafe ahora tengo un asador de 12 pollos,1
descripcion_negocio,"Realización de asesorías contables, trámites virtuales y servicio de contabilidad a negocios",1
descripcion_negocio,Inicio com un cerdito pequeño hasta que lo vendí y fui ah comprar otro con la plata del cerdo compramos dos y le hicimos la casa alos cerdos y ya vamos para cuatro,1
descripcion_negocio,"Inicie en el mundo del arte en el 2017 pero me formalice en el 2021, creando marca personal ofreciendo el servicio de decoración de espacios comerciales en diferentes partes del país, principalmente en el Departamento del huila",1
descripcion_negocio,"Inicie mi negocio vendiendo abarrotes y fruver en el 2021 ,decidí hacerlo desde un punto físico ya funcionamos como minimarket",1
descripcion_negocio,Venta de bebidas embriagantes cigarros,1
descripcion_negocio,Inicie mi negocio fabricando puertas y ventanas cubiertas y haciendo mantenimiento y soldaduras,1
descripcion_negocio,Venta de cerveza tabaco y licores para llevar,1
descripcion_negocio,"Inicie desde el 2020 con mi negocio vendiendo artículos para teléfonos, computación y muchos insumos más",1
descripcion_negocio,"Inicié mi negocio dedicado a la venta al por mayor y al por menor de productos como gaseosas, licores y cervezas, como la.oportunidsd puesto que el negocio al quedar en medio de dos municipios podemos aprovechar oportunidades en la captación de gente",1
descripcion_negocio,Fabricación de juguetería en pelpa,1
descripcion_negocio,"Mi emprendiimiento vende anchetas, detalles y Desayunos Sorpresa para toda ocasión. Hemos participado en varias ferias y estamos ubicados desde casa. Esperamos llegare a tener local propio",1
descripcion_negocio,"Inicié enero 2000 tienda y papelería saco fotocopia y impresiones vedo gaseosa productos de margarita,alpina,helados creamhelado,zenu y abarrotes",1
descripcion_negocio,Alquilo andamios y vendo productos de ferreteria,1
descripcion_negocio,Inicie mi negocio en el 2021 criando y vendiendo carne de cerdo al por mayor y al detal,1
descripcion_negocio,Bolirrana y licores excelente ambiente,1
descripcion_negocio,"Inicie mi negocio en 2021, vendiendo tintos y empanadas. Ahora se venden jugos y paquetes, y he podido amoblar",1
descripcion_negocio,"Conexion.Com, es una sala de Internet que ofrece los servicios de impresiones, fotocopias,  scaners, trabajos de computo, mantenimiento preventivo y correctivo de computadores e instalación de software y actualizaciones, venta de papelería....",1
descripcion_negocio,Inicié mi negocio en el 2023 vendiendo licor me ha ido bien pero quíero aumentar la producción,1
descripcion_negocio,Mi negocio inicia en enero 22 del 2016 con un emprendimiento familiar vendemos comidas puerta a puerta,1
descripcion_negocio,Inicie mi negocio en el 2021 en la sala de mi casa organizando uñas de manos y pies,1
descripcion_negocio,"Compra de calzado triple AAA al mayor y al detal, en bodegas y venta al detal y aveces al mayor. Calzado de hombre, mujer y niñ@.",1
descripcion_negocio,Realizó terapias de relajación y spa,1
descripcion_negocio,Inicie el negocio de venta de equipos para gimnasia desde el año 2018,1
descripcion_negocio,Es un negocio pequeño venta de bebidas alcohólicas,1
descripcion_negocio,Inicie mi negocio en el 2022 con venta de cerveza y galgerias tenemos a disposición canchas de tejo y bolirana para compartir con familiares y compañeros.,1
descripcion_negocio,"Inicie mi negocio en el 2019 vendiendo comida rápida desde mi local vendiendo: Hamburguesas, alitas, picadas, churrascos, salchipapas y parrillas. Por las tardes vendemos almuerzos y sopas",1
descripcion_negocio,Inicié mi negocio deade 2018 vendiendo tafa clase de cervezas eni casa vendo al por mayor w individual lo mismo con las gaseosas. Tengo código con Bavaria y la Postobón.,1
descripcion_negocio,"Inicie vendiendo cerveza, luego cigarrillos y gaseosas ahora es una tienda",1
descripcion_negocio,Un producto innovador muy creativo y de mucha demanda excelente producto,1
descripcion_negocio,"Comencé con mi negocio en el 2015 vendiendo accesorios, pijamas, ropa y revistas actualmente fabrico los accesorios y tengo ventas al por mayor y estoy comenzando con un negocio paralelo de venta de insumos y clases de bisutería",1
descripcion_negocio,Inicié mi negocio en el 2020 vendo plantas para el hogar es un vivero,1
descripcion_negocio,Somos una alternativa de alimentación diferente basada en una dieta nutritiva y saludable. Sándwiches gourmet llenos de sabor y amor.,1
descripcion_negocio,Materiales para la construccion. Venta de arena. Bloque .  Piedra. Etc,1
descripcion_negocio,Inicie en el  negocio vendiendo productos farmacéuticos a diferentes empresas.,1
descripcion_negocio,Contratación con las entidades publicas,1
descripcion_negocio,Inicié el 2016 confeccionando le a tercero y llevo siete años en esta labor,1
descripcion_negocio,"Venta de alimentos, medicamentos y accesorios para mascotas, consulta médica, exámenes",1
descripcion_negocio,Inicie mi negocio en el 2016.vendiendo postres y congelados desde mi casa.,1
descripcion_negocio,hola tengo una empresa de fumigacion y desinfecciones para todo tipo de plagas,1
descripcion_negocio,Ivón ir mi negocio luego de ver la necesidad de la comunidad en tener un punto donde les quieran y no maltraten a sus mascotas,1
descripcion_negocio,Inicie mi negocio en 2022 desde mi casa reparando celulares.,1
descripcion_negocio,Inicie mi negocio en 2020 vendiendo productos de catalogo,1
descripcion_negocio,"Somos una empresa dedica a cuidar la salud y belleza a través de la creación de productos faciales, capilares y corporales, 100% naturales y artesanales.",1
descripcion_negocio,"Inicie mi negocio desde el 2016 y nos dedicamos a la fabricacion de estructuras metalicas, mantenimiento y pintura de estructuras metalicas.",1
descripcion_negocio,"Venta de ropa para cama, juegos de sábanas y cubrelechos",1
descripcion_negocio,"INICIAMOS UN CENTR DE MECANIZADO DONDE SE PRESTAN SERVICIOS DE TORNO, SOLDADURAS, TRATAMIENTOS TERMICOS, ADEMAS SE FABRICAN TEJOS, MINITEJOS, CHANCHAS Y ACCESORIOS.",1
descripcion_negocio,"Inicie mi negocio este año, vendiendo a domicilio blusas, medias, boxer y pijamas para dama, caballero y niños.",1
descripcion_negocio,Inicie mi negocio en 2008 en la galería minorista,1
descripcion_negocio,Di inicio a mi emprendimiento en el 2022 realizando arreglos de costura a mi familia y a la fecha ya me conoce el barrio y más gente y he podido surgir un poco más.,1
descripcion_negocio,"Ofrezco el servicio de manicure,pedicure,tintes,cepillados, y hace dos empeze a travabar con la creacion de mi propia keratina natural la cual ha gustado mucho a mis clientas",1
descripcion_negocio,"Inicie mi negocio ofreciendo mi servicio como electricista instalador, es un negocio alterno a la empresa",1
descripcion_negocio,Inicie mi negocio en junio del 2022 en mi casa maquillando y peinando,1
descripcion_negocio,Inicio de mi negocio vendiendo en las redes y creció con la pandemia,1
descripcion_negocio,Inicie mi negocio en 2021la idea es surtirlo más variedades,1
descripcion_negocio,"Inicie en el año 2021, vendiendo cuadernos lapiceros, borrador, sacapunta, lápiz etc.",1
descripcion_negocio,"a raíz de la pandemia inicié mi negocio de copias e impresiones Ya que en el lugar que vivo es un corregimiento y queda retirado Y estos servicios quedan muy inaccesibles, la necesidad fue bastante alta y por eso decidí montar este negocio",1
descripcion_negocio,"Mi negocio lo inicié desde año 2016, siendo muy conocido en el municipio de Puerto Triunfo por la alta gama de productos que se ofrece y por sus excelentes precios y calidad en los productos ofrecidos a todos nuestros clientes y turistas del país.",1
descripcion_negocio,Inicie mi negocio en febrero del 2020 vendiendo papelería cosas de belleza y para el hogar,1
descripcion_negocio,En tejiendo pensamientos elaboramos distintos tipos de accesorios tejidos a mano para todo tipo de población,1
descripcion_negocio,"majostore33 inicio en enero de 2020 siendo una tienda que vende accesorios para damas, niñas y niños. como lo son aretes, cadenas, camisetas, pulseras, diademas.",1
descripcion_negocio,Inicie mi negocio en 2020 soy decoradora y organizadora de eventos cuento con una pequeña parte de mobiliario donde lo alquilo y utilizo para mis decoraciones...,1
descripcion_negocio,Inicie mi negocio ofreciendo a la comunidad todo en la canasta familiar así fue como fue creciendo mi tienda y quiero seguir ampliando mi tienda para así ofrecer más productos a la cumunidad,1
descripcion_negocio,"inicie mi negocio en el año 2013, cuando nació mi nieta necesite más tiempo para mi familia y comencé a trabajar a domicilios a mis clientes.",1
descripcion_negocio,Inicio el pasado mes de noviembre de 2022 vendiendo por redes sociales productos de belleza y maquillaje.,1
descripcion_negocio,"Inicie mi negocio en el año 2015 con la idea de emprender como pequeño comerciante en miscelanea y papeleria, pues en este sector se hacia necesaria la creacion de esta pequeña empresa para fortalecer la economia barrial y comunal de nuestra ciudad.",1
descripcion_negocio,Servicio a la mesa bebidas comidas a la carta ajierto hace 2 años,1
descripcion_negocio,Empecé mi taller con la llegada de la pandemia elaborando tapabocas luego me contacto un marca de la ciudad (agua y flores) y actualmente trabajo para ellos confeccionando pijamas.,1
descripcion_negocio,"Inicié mi negocio en enero vendiendo carnes ,costillas,chicharrón y osubuco con una muy buena acogida por el sabor diferente  que seda Amis productos",1
descripcion_negocio,"Emprendimiento Multimarca que vende artículos artesanales,bolos , Carteras y accesorios",1
descripcion_negocio,Tengo mi negocio en casa en el cual ofrezco productos de la canasta familiar un poco de legumbres gaseosas mekatos helados escobas traperas carnes frias bandejas de pollo buscando tener de todo un poco,1
descripcion_negocio,"Iniciamos el negocio desde la casa haciendo y vendiendo postres y Mini donas, en este momento las comercializamos por medio de redes y de eventos de emprendedores a los que somos invitados",1
descripcion_negocio,"Inicie el negocio en 2020, con poco inventario y con la ayuda de Dios he ido creciendo.",1
descripcion_negocio,Inicie mi negocio en el 2020 vendiendo puerta a puerta  y ahora llevo mercancía a las plazas de diferentes pueblos,1
descripcion_negocio,"Fabricacion de pulpas de limonadas de frutas fácilmente para preparar las cuales distribuimos en los diferentes restaurantes, negocios de comidas rápidas y bares de Bogota y pueblos aledaños",1
descripcion_negocio,Soy independiente compro y vendo a crédito artículos para mujeres,1
descripcion_negocio,"Inicie mi negocio en 2019 vendiendo productos ya miembros para mascotas, actualmente tiene 4 años de acreditación en un punto comercial y se prestan servicios como baño , peluquería y veterinaria",1
descripcion_negocio,Inicié mi negocio durante la pandemia vendiendo a domicilio postres y mi fuerte eran las pizzas brownie.,1
descripcion_negocio,Taller de pintura  para motos,1
descripcion_negocio,Inicie mi emprendimiento en marzo del 2023 desde mi casa y actualmente todavía traboja desde mi Casa,1
descripcion_negocio,"Inicie mi negocio en octubre del 2007 confeccionando toda clase de uniformes y haciendo arreglos en general, vendiendo toda clase de productos de miselanea, por causa de la cuarentena toca reducir el taller, y trabajar en donde vivo,",1
descripcion_negocio,Tengo mi negocio de reparación de celulares dentro de un local de venta de accesorios y tecnología,1
descripcion_negocio,"Venta juguetería coleccionable (figuras de acción, vehículos a escala, etc. de marcas reconocidas como Mattel, Hasbro, spin máster, continente entre otras, totalmente originales a través de página y plataforma de e comerce",1
descripcion_negocio,"Inicie mi negocio en 2015 vendiendo catálogo Croydon, luego me inscribí en Leonisa y hace 2 años vendo novaventa. Llevando los catálogos a amigos familiares y vecinos.",1
descripcion_negocio,Vendemos productos naturales y semillas frutos secos y pan integral queremos expandirnos pero nos falta recursos,1
descripcion_negocio,"Adornos navideños, muñecos, trenes , adornos para las puertas",1
descripcion_negocio,Compra venta de papelería productos de primera necesidad entre otros,1
descripcion_negocio,Inicio mi negocio hace 11 años en casa en alquiler hoy día tengo casa propia y mi local es más grande vendo todo lo de la canasta familiar artículo de aseo hogar y aseo personal y demás cosas,1
descripcion_negocio,Mi negocio ha sido muy exitoso vendo accesorios para celular y  reparo celulares y relojes,1
descripcion_negocio,"Adquiri mi negocio en funcionamiento y acreditado en el año 2021 en el vendo articulos de miscelanea, papeleria, incluido servicio de internet, escaner, recargas, impresiones ademas de bebidas sin alcohol, snacks, dulceria",1
descripcion_negocio,"Inicie vendiendo catalogo croydon desde junio de 2022, es un catálogo de calzado, ropa y este año en agosto empecé a vender vcatalogo bata y también estoy vendiendo catalogo ipanu que es de ropa y joyeria",1
descripcion_negocio,"Desde 2013 inicie mi negocio confeccionando desde casa uniformes, haciendo arreglos, y comercializandolos. Hoy día confeccionó todo tipo de prendas.",1
descripcion_negocio,"es una negocio donde le vendemos a nuestro clientes ,muebles modulares para el hogar y la oficina( cocinas integrales, closet, escritorios etc)",1
descripcion_negocio,Asesoría a empresas en manejo de maquinaria,1
descripcion_negocio,"Venta Ropa Informal.
Juvenil",1
descripcion_negocio,Consultorio odontologico servicios de ortodoncia odontologia general,1
descripcion_negocio,Inicie en marzo del 2021 vendiendo ropa en mi casa,1
descripcion_negocio,Inicie mi negocio  en el 2013 donde vendo recargas pagos de facturas venta de papelería y sala de Internet en mi. Casa,1
descripcion_negocio,"Venta empanadas, pasteles, gaseosas, tinto, perico, cigarrillos",1
descripcion_negocio,Inicie vendiendo ropa por encargo y en el 2019 monte mi local vendo ropa al por mayor y al detal,1
descripcion_negocio,Llegamos a mariquita con mi esposa y sacamos gallina crioya huevos crioyosademás sembramos plátano y banano,1
descripcion_negocio,Inicie mi negocio en el año 2019 vendiendo variedad de productos y aprovechando cada temporada.,1
descripcion_negocio,Inicie mi negocio virtual en el año 2021 de comercialización de maquillaje y productos para el cuidado de la piel y el cabello de diferentes marcas a través de redes sociales,1
descripcion_negocio,Ofrecemos servicio de decoración de cualquier evento y arquiler de mobiliario de fiesta,1
descripcion_negocio,"EV Diseños y Construcciones es una empresa de Ingeniería civil dedicada a la consultoría, interventoría, avalúos y remodelacion de todo tipo de construcciones con más de 8 años de experiencia.",1
descripcion_negocio,"Mi negocio trata de el diseño, corte y confección de prendas de vestir, sólo material textiles. Agregado a eso distribuyo prendas de vestir propias y de terceros.",1
descripcion_negocio,"Tengo un negocio en mi casa donde vendo calzado en cuero para dama bolsos, ropa y calzado para hombres",1
descripcion_negocio,Inicié mi negocio en el 2019 empecé sacando fotocopias e impresiones y asesorando tareas desde casa hoy en día mi negocio está más grande todo con mi esfuerzo y dedicación le pido al equipo quipu que me ayude con un préstamo para comprar la guillotin,1
descripcion_negocio,Inicie mi negocio en 2021 tendo un satelite deconfeccion de morrales,1
descripcion_negocio,Almacén de calzado y papelería,1
descripcion_negocio,Inicié como consultora de belleza pues ya había usado los productos teniendo resultados increíbles por esto me decidí a vender los productos,1
descripcion_negocio,Venta de tamales morcilla chorizos arepas,1
descripcion_negocio,Inicie mi negocio el 2020 en plena pandemia vendiendo empanadas tontos y jugos,1
descripcion_negocio,"Inicie mi negocio en el año 2022, con el propósito de crear una empresa a nivel nacional e internacional, comercializamos perfumes de todos los precios",1
descripcion_negocio,Tengo mi negocio de artesanías en molde que llevo trabajando hace 2 años y medio mi producción en la semana son de 2000 pocillos en la semana,1
descripcion_negocio,"Somos una empresa de soluciones audiovisuales y de marketing digital para pequeñas empresas y negocios, especializados en capacitacitar a personas adultas sin conocimiento tecnológico para que puedan manejar sus negocios en la era digital",1
descripcion_negocio,Tengo el transporte de leche y mercadeo desde el 2012. Tengo dos tanques lecheros y transporto leche cruda que se compra en fincas y se lleva para tanques de enfriamiento o lechería.,1
descripcion_negocio,Almuerzo desayunos y cenas,1
descripcion_negocio,Inicie mi negocio en 2021 y quiero avanzar a otro nivel q es mejorar la calidad de mis productos y herramientas para brindar unas mejor calidad a los clientes,1
descripcion_negocio,"Inicie mi negocio con un portátil año 2011 con servicios de diseño web, hoy en día ofrezco además de mis servicios de diseño gráfico, impresión y papelería comercial, sublimacion, Potter entre otros",1
descripcion_negocio,Inicie mi negocio el 25 de nobiembre  del 2020 en baia solano choco es asadero y restaurante,1
descripcion_negocio,Inicie mi negocio cuando mi papá falleció eso hace dies años pero en total el negocio lleva más de 25añis funcionando.vendo de todo un poquito y de aquí sale sustento para mí hogar,1
descripcion_negocio,"Inicié mi negocio de venta de Bolsos,gafas, relojería, billeteras,correas entre otros productos  en el 2010. Aunque mi tienda es online he crecido mucho  con mi negocio y mis ventas son al por mayor y detal , con clientela en toda Colombia.",1
descripcion_negocio,"Inicie mi negocio desde el 2008 desde el garaje de mi casa servicio de peluquería y belleza, venta de variedades y bisutería, papelería, medicamentos.",1
descripcion_negocio,Tamales tolimenses típicos,1
descripcion_negocio,"GS21 Presta servicios en formulación de proyectos para municipios de 5o y 6o categoría.
cursos y capacitación para mujeres cabeza de hogar en emprendimiento y fortalecimiento familiar.",1
descripcion_negocio,Comidas preparadas a domicilio,1
descripcion_negocio,"Morena nace en junio de 2019, cómo un restaurante encargado de vender comidas corrientes y económico.",1
descripcion_negocio,Inicie bendiendo solo carnes de res pollo cerdo y luego verdura y grano.. Y por. Último miselanea,1
descripcion_negocio,Restauración de muebles para el hogar,1
descripcion_negocio,Nos encargamos de ofrecer a domicilio el servicio de lavado de prendas de vestir,1
descripcion_negocio,"Venta de productos 
Cómo Cemento  minerales puntillas 
Boquillas",1
descripcion_negocio,Asesorías académicas,1
descripcion_negocio,Mi negocio es amplio tiene 4 sillas para trabajar un sillón para la sala de espera con dos butacos un tv una nevera con refrescos y una bitrina con productos para la venta una solla para el maniqure un lava cabezas un mueble con llave,1
descripcion_negocio,Inicie mi negocio  en el 2016 funcionando dentro  de las supertiendas y droguerías olimpica y centros comerciales  como Islas comerciales  comercializando  ricos dulces costeño de la zona norte de Colombia  caribe,1
descripcion_negocio,"Desarrollo de sistema de gestión en seguridad y salud en el trabajo, capacitación actualización entre otros",1
descripcion_negocio,Accesorios textiles y candelabros en bambú,1
descripcion_negocio,Servicio de bordado,1
descripcion_negocio,"Inicio con mi negocio el año 2021 de manera virtual por pandemia, ahora cuento con cliente fijos que me hacen pedidos mensualmente por encargó, suministro productos de aseo para el hogar y empresas, y también productos de cafetería cómo desechables.",1
descripcion_negocio,Mi negocio es un de pocito de cerveza al mayor y al detal las 24 horas también se asen a domicilio de 7 de la mañana a 7 de la noche ser vesa fría,1
descripcion_negocio,Inicié mi negocio en marzo del 2022 vendiendo a la comunidad de mi barrio,1
descripcion_negocio,Escuela de formación deportiva donde enseñamos a nuestros niños la mejor manera de aprender a jugar fútbol,1
descripcion_negocio,Inicié mi negocio en el 2015 con el fin de vender lujos para carros,1
descripcion_negocio,Hola buen día mi negocio lo inicie con una impresora y resmas de papel y me ha ido bn pero quiero seguir creciendo con la ayuda de ustedes gracias,1
descripcion_negocio,Adquirí el negocio en el año 2014 empeze vendiendo solo almuerzos ahora vendo desayunos y comida rápida a domicilio,1
descripcion_negocio,"Inicie mi negocio en abril del año 2022, prestando el servicio de mecánica en general para motocicletas de 2 y 4 tiempos, también contamos con venta de repuestos para las mismas",1
descripcion_negocio,Mecánica automotriz y electrónica,1
descripcion_negocio,"Iniciamos éste año, vendemos empanadas y papas rellenas caseras, queremos ampliarnos vendiendo Pizza",1
descripcion_negocio,Iniciamos el negocio en diciembre con mi esposo vendiendo poquitos cosas y ahora queremos crecer mas,1
descripcion_negocio,Es un restaurante ubicado en un espacio de 100 metros cuadrados con 10 mesas y barra donde se atienden 60 personas diarias,1
descripcion_negocio,Bolirana,1
descripcion_negocio,Inicié mi negocio en el 2022 confeccionando a terceros.,1
descripcion_negocio,Servicio de confección,1
descripcion_negocio,Fabrico y vendo chaquetas para dama y caballero,1
descripcion_negocio,"Buenos dias , mi negocio empezo en enero del presente año, nosotros estamos ubicafos en bosa atalayas vendemos frutas verduras granos paquetes gaseosas dulces tortas etc",1
descripcion_negocio,"Inicie mi negocio vendiendo comidas rápidas, ahora vendo huevos, implementos de aseo, cerveza y helados",1
descripcion_negocio,Se hace satélite y confección,1
descripcion_negocio,Inicie mi negocio en el 2019 vendiendo tintos empanadas y papas rellenas desde mi hogar realizaba los productos para luego sacarlos en un puesto que tenía en la calle,1
descripcion_negocio,Inicié mi negocio con la reparación de celulares y equipos electrónicos.,1
descripcion_negocio,"Mi negocio inicio en 2006 en un local pequeño, hoy en dia ya es algo mas grande y con ganas debaeguir creciendo. se ofrece servicios de consulta, cirugias, vacunacion, desparasitacion, petshop",1
descripcion_negocio,Vendo comida y pollo ala broaster,1
descripcion_negocio,"Mi negocio está desde el 2014.
Soy fabricante y diseñador de elementos decorativos Metaliscos.
Mesas, sillas, muebles de centro, closet, lámparas, materas...",1
descripcion_negocio,Inicie mi negocio en el año 2006 se manejan servicios de aseo y todero mantenimiento de construcción a edificio,1
descripcion_negocio,Mi negocio es un taller de costura donde se hacen jeans y terminación y se llevan a su fabrica,1
descripcion_negocio,Iniciemos negocio en diciembre del año 2022 confeccionando le a terceros y medi cuenta q podría dar más siendo mi propia gefa y decidí lanzarme con inoformesedocos los cuales me va excelente y gracias a Dios poco apoco voy  creciendo cada días Gracia,1
descripcion_negocio,"Inicie mi negocio de manicure y pedicure a domicilio  desde el 2020
Actual mente realizo semi permanente
Press on 
Acrilicas 
Pedicura 
Manicura",1
descripcion_negocio,"Inicié mi negocio a principios del año 2023 reparando computadores por mi barrio, actualmente continuó entregando tarjetas de presentación en las estaciones para ir extendiendo me",1
descripcion_negocio,Inicié  mi negocio en el 2019  y nos desempeñamos  en en la compra y venta de productos cárnicos  como res cerdo  pollo  viceras pescado  y todos sus derivados   despachamos pedidos   para restaurantes  negocios  i hogar   servicio de  domicilio,1
descripcion_negocio,Inicie en 2017 con la venta de productos para bebé como coches corrales y ahora confeccionamos productos como toallas y cobertores,1
descripcion_negocio,Inicié mi negocio vendiendo dibujos por encargo luego empeze a tatuar y actualmente tengo un local de tatuajes,1
descripcion_negocio,"Inicio la prestación del servicio de mantenimiento preventivo y reparación de PC, avanzado un año después al desarrollo de software, prestando servicio por prestaciones y a domicilio",1
descripcion_negocio,Inicie mi negocio en el año 2015,1
descripcion_negocio,Negocio de variedades ropa plástico aluminio cuadernos bolsos estufas tendidos amacas tanque poncheras pantalones franelitas,1
descripcion_negocio,Inicie mi negocio o empresa en el año 2010 vendiendo accesorios para celulares y ofreciendo mi servicios como técnico y también asesoría para otros técnicos.,1
descripcion_negocio,Ropa línea de bebe,1
descripcion_negocio,Inicie en 2015 vendiendo a Amigos y familiares luego abrí un local y ya vendo a mayor,1
descripcion_negocio,"En diciembre de 2022 iniciamos con mi madre vendiendo 250 tamales, el día de hoy ya tenemos fijos 500 unidades que piden cada fin de semana. La idea es comprar una caldera hervidora y una selladora al vacio",1
descripcion_negocio,Venta de computadores empresariales y accesorios de computador,1
descripcion_negocio,"Vendemos por internet accesorios como forros para celular bolsos, billeteras  mesitas y entre otras cosas todo por market place y en grupos del face",1
descripcion_negocio,Instalaciones eléctricas,1
descripcion_negocio,Apoyos para proyectos de ingeniería desde prefactitibilidad hasta la puerta en marcha y gestión predial,1
descripcion_negocio,"Inicie mi negocio en el 2022 vendiendo productos de catálogo,  luego compre una vitrina a la cual le tengo productos de aseo personal , accesorios personales y quiero también invertir en papelería ya que vivo cerca a una escuela",1
descripcion_negocio,Confección y venta de Ropa deportiva y pijamas,1
descripcion_negocio,Inicie mi negocio en marzo del 2023 vivo de lo que hago aca mis hijas dependen de mi lo tengo bien ubicado,1
descripcion_negocio,Cabello kanekalon y peluquería,1
descripcion_negocio,Inicie trabajando en el 2004 como ayudante me capacite ahorre y monte mi propio negocio tengo una cede en Caucasia antioquia,1
descripcion_negocio,"Está es una microempresa conformada por mi esposa Karen franco, mi cuñado andr s franco y mi persona.ñ Juan Carlos dedicada a la decoración y montajes de diferentes eventos sociales. Tenemos alquiler de mobiliario y decoración de interiores.",1
descripcion_negocio,Compre mi negocio  que estaba acreditado por 15 años,1
descripcion_negocio,Inicio de mi emprendimiento 2019 calzado infantil para bebés,1
descripcion_negocio,"Regalarte es una papeleria que se especializa en la realización de eventos, papeleria para fechas especiales, diseño gráfico en general y venta de papeleria tanto para oficina como escolar.",1
descripcion_negocio,Inicie mi negocio en el 2010 con la venta de accesorios y luego me prepare y ahora los reparo ofreciendo el servicio técnico.,1
descripcion_negocio,"Continuo el legado  de una persona muy especial quien fundó el supermercado desde el año 2011 , en el 2021 lo compré para seguir su legado y continuar creciendo y suplir la necesidad de toda la comunidad.",1
descripcion_negocio,Somos una agencia de inbound marketing que presta servicios a marcas para vender más en digital. Así como estrategias de crecimiento universidades como la unal.,1
descripcion_negocio,Un billar que consta de dos mesas de pool vendo cerveza gaseosa q,1
descripcion_negocio,Ensamble de computadores de mesa,1
descripcion_negocio,Asesoría Contable y financiera,1
descripcion_negocio,Inicié inicié mi negocio en el 2022 haciendo arreglos de costura después me dieron satélite para realizar buzos camisetas batas delantales chaquetas disfraces,1
descripcion_negocio,Arepas chorizos pinchos,1
descripcion_negocio,"Inicie en agosto año 2021 cómo página virtual y al pasar los meses los clientes me solicitaban punto físico,que hoy día está en la dirección adjuntada,hoy día manejamos más de 60 referencias",1
descripcion_negocio,Inicie mi taller de costura en mi casa en el año 2021 para poder ser independiente y generar más ingresos,1
descripcion_negocio,"Inicie mi negocio en el 2018 ofreciendo combos de perro caliente y hamburguesas a un precio accesible y competitivo, a través del tiempo fui agregando más productos a la carta como papas locas picadas perro burguer entre otros.",1
descripcion_negocio,"Inicie mi negicio hace 8 añis en la  fabricacion de mobiliario para el hogar, oficinas, locales y demas muebles de interes del cliente.",1
descripcion_negocio,"Inicie mi negocio en 2016 con la venta de medicamentos veterinarios ,accesorios ,concentrados ,juguetes ,servicio de baño y peluquería ,consulta médica y cirugía básica veterinarios ,además de vacunación  y desparasitación de mascotas y atencion aves",1
descripcion_negocio,Inicie mi negocio en casa luego me expandir para un local cerca de las hermosas playas de Bocagrande,1
descripcion_negocio,Ventas de cerdos vivos y en canal,1
descripcion_negocio,"Fabricamos accesorios par a peluqueria canina  y felina tales como: moños, bufandas, pañoletas, corbatas, corbatines, cuello9s para hembra , entre otros",1
descripcion_negocio,Confeciono vestidos y vendo.y vendo procdutos de belleza,1
descripcion_negocio,Compra y venta de muebles para el hogar como salas comedores camas,1
descripcion_negocio,decoración de eventos sociales,1
descripcion_negocio,Estampados para empresas y venta de camisetas estampadas al x mayor y a l. detal,1
descripcion_negocio,"Gafas de sol 
Gafas recetadas 
Lentes de contacto 
Consultas de optometria 
Estuches de Gafas",1
descripcion_negocio,"Fabricamos lavaderos, lavatraperos, mesosones de cocina, para ayudar con ña demnda en la construcion",1
descripcion_negocio,Calzado deportivo,1
descripcion_negocio,"Comencé mi negocio en el año 2019, cómo servicio de café internet, luego lo hemos ido ampliando vendiendo elementos y accesorios de Papelería, agravando ventas y recarga de telefonía todo operador.",1
descripcion_negocio,"Inicié mi empresa en 2012,5 años de antigüedad en Cámara,hice un mercado propio en Btá y Cundinamarca de viveros y empresas de Jardinería,produzco insumos ecológicos,acabo de tomar una finca para producción agroindustrial de hortofruticultura.",1
descripcion_negocio,Gelatinas mosaico,1
descripcion_negocio,Calzado para damas  caballeros y niños,1
descripcion_negocio,"Moda femenina sobre medida, alta costura, venta de prendas ya lista para usar por redes sociales",1
descripcion_negocio,Corte y confección de ropa,1
descripcion_negocio,"Mi negocio consiste en prestar mi servicios como dj para eventos , bares y discotecas",1
descripcion_negocio,Laboratorio Dental DEL es  donde prestamos todo los servicio de fabricación de aparatos para la Boca o rehabilitación Oral,1
descripcion_negocio,Inicie mi negocio este año y vendo hamburguesa mazorcadas chorizo,1
descripcion_negocio,Inicien mi negocio en el 22 en noviembre con una máquina llevo tres máquinas por momento trabajando a diferentes marcas,1
descripcion_negocio,Ropa interior femenina,1
descripcion_negocio,Aretes,1
descripcion_negocio,Inicié mi negocio desde el año 2018 iniciamos con una nevera vieja y pocos licores a las fecha gracias a dios tenemos 5 equipos de frío vitrinas etc,1
descripcion_negocio,Comida japonesa,1
descripcion_negocio,Hacemos cursos en carnavalesse pinturas de resina,1
descripcion_negocio,Inicie mi negocio en 2019 vendiendo tecnologia y accesorios para celulares y todo lo relacionado con equipos,1
descripcion_negocio,"Inicie en 2007 mi negocio, con 1 cerda, de allí en adelante la misma cerda me dio para expander mi negocio, hoy dia ya tengo 2 cerdas y los mismos me dan cerditos para comercializa",1
descripcion_negocio,Enfermeria domiciliaria,1
descripcion_negocio,"servicios de recargas, imprsiones, copias ,consultas y venta de utiles relacionados con papelerias",1
descripcion_negocio,"Mi negocio de1998 vende salchipapas, hamburguesas,perros calientes patacón con todo ,picadas ,chuletas,asados ectera",1
descripcion_negocio,Agua potable tratada,1
descripcion_negocio,Ventas de repuesto y mantenimiento preventivo y asesoría y ventas de equipo,1
descripcion_negocio,Cámaras de vigilancia,1
descripcion_negocio,Desayunos sorpresa impresiones en plotter decoración de eventos,1
descripcion_negocio,"Tratamiento capilar , mascarillas , tinturas , corte de pelo de barba y cejas y oidos",1
descripcion_negocio,Uñas y cabello a domicilio,1
descripcion_negocio,Uniformes dotacion,1
descripcion_negocio,Vitaminas productos eroticos,1
descripcion_negocio,Diseño e impresión,1
descripcion_negocio,Aplicación de uñas acrílicas esmaltado semipermanente cejas y pestañas,1
descripcion_negocio,En almacén de bisuteria,1
descripcion_negocio,Echura de ropa,1
descripcion_negocio,Maquillajes,1
descripcion_negocio,Venta de huevo,1
descripcion_negocio,"Ropa 
Accesorios
Maquillaje
Productos para el cuidado facial",1
descripcion_negocio,Pisos laminados y persianas,1
descripcion_negocio,"Pollo asado 
Almuerzos 
Desayunos 
Venta de fritos 
Venta de refrigerios
Asados",1
descripcion_negocio,Confeccionamos pantalonetas,1
descripcion_negocio,Productos básicos de la canasta familiar,1
descripcion_negocio,"Bolsos, collares, aretes, bufandas, relojes, maquillaje y bisuteria.",1
descripcion_negocio,Bebidas alcohólicas y juegos,1
descripcion_negocio,Ropa deportiva personalización estampado sublimación,1
descripcion_negocio,"Pelukeria , uñas,",1
descripcion_negocio,"Tienda y miscelanea, vendemos utilices escolares, y variedades. Líderes en el barrio.",1
descripcion_negocio,"Inicié informalmente en 2022 venta de productos de belleza, pero ya 2023 he decidido invertir un poco más para que se convierta en un emprendimiento rentable",1
descripcion_negocio,Servicio técnico onormentacio y otros,1
descripcion_negocio,Se hacen arreglos de prendas de vestir y diseños únicos según disponga cada cliente,1
descripcion_negocio,"Inicie mi negocio en el año 2019, en mi casa con una silla y un espejo donde realizaba cortes de cabello.",1
descripcion_negocio,Tarrito rojo,1
descripcion_negocio,Inicie mi negocio hace más de 4 años una vecina me enseño y la verdad a todo el mundo le gusta lo que hago,1
descripcion_negocio,"Es una tienda de mascotas, inicie abril de 2022",1
descripcion_negocio,"Inicie mi negocio haciendo pedicura y manicura, después me extendí trabajando cabellos a mis clientes, inicié trabajando a domicilios después coloqué mi negocio en mi casa y desde entonces hago mi trabajo en casa. Al mismo tiempo promocionó y vendo p",1
descripcion_negocio,"realizamos todo tipo de construcciones y reformas,  a acabados de lujo , electricidad, fontanería y estructuras liviana",1
descripcion_negocio,Mi negocio inició en enero 2023 en el cual se vende pasteles y almuerzos para obras por contratos,1
descripcion_negocio,"Inicie mi empresa como un emprendimiento basado en el comercio electrónico ofreciendo diversos productos relacionados con la salud, tecnología y aseo entre otros.",1
descripcion_negocio,"Inicie mi negocio  en el 2017 como venta de alimentos al por mayor y al detal, ahora tengo tiendas especialidas de café",1
descripcion_negocio,Vestidos de baño y salidas de baño,1
descripcion_negocio,Iniciamos operaciones en el año 2015 como vendedores de planea de hogar y móviles en el 2017 empezamos con la venta y reparación de tecnología creando un amplio portafolio con el soporte de la compañía claro Colombia,1
descripcion_negocio,soy estilista independiente,1
descripcion_negocio,"Inicie mi negocio en el 2014 vendiendo a mis conocidos mis artesanías hechas a mano como mochilas, bolsos y demás, actualmente lo tengo en mi casa y trabajo al x mayor y detal",1
descripcion_negocio,Ropa interior,1
descripcion_negocio,"Brindamos la experiencia y solución en productos de belleza y cuidado personal, para que los usuarios del sector cuenten con venta de productos al por mayor y detal, logrando cubrir la necesidad de los clientes hace más de 3 años y seguimos creciendo",1
descripcion_negocio,"Venta de pollo semicriollo en canal o en pie, venta de huevo criollo",1
descripcion_negocio,Logistica para eventos,1
descripcion_negocio,Inicié mi negocio el 28 de julio de 2020 vendiendo jugos tinto dulces cigarros minutos etc ahora quiero ampliarlo con comida fritanga etc,1
descripcion_negocio,Vendo ropa americana virtual por medio de mis estados de WhatsApp,1
descripcion_negocio,Mekatos y dulceria,1
descripcion_negocio,Cárnicos pollo pescado,1
descripcion_negocio,Ropa sports,1
descripcion_negocio,"Inicie mi negocio en 2020 confeccionando cubrebocas, de ahí fue creciendo y hoy en día confeccionamos ropa para damas caballeros y niños.",1
descripcion_negocio,"Mi emprendimiento habla de la diversidad, la inclusión y la cultura a través de muñecos de diferentes comunidades indígenas que habitan en Colombia. Trabajamos diferentes tamaños, tonos de piel y diferentes cabellos. una propuesta lúdico pedagógica",1
descripcion_negocio,"Inicie mi negocio haciendo diferentes cursos de manualidades con diferentes materiales, hago muñecos para navidad, decoración de fiestas, arreglos personalizados, detalles para cualquier ocasión.",1
descripcion_negocio,Inicie mi negocio en un local solo con productos de papelería hoy en día ya he incorporado otros productos,1
descripcion_negocio,Inicié mi negocio en 2018 vendiendo papelería empaques de regalo y artículos de cacharreria,1
descripcion_negocio,comercialización de frutas y verduras al por mayor,1
descripcion_negocio,Inicié mi negocio en el 2019 y me dedico a la comercialización de autopartes para tractocamion,1
descripcion_negocio,Inicié mi negocio desde septiembre del 2017 realizando arreglos a prendas de vestir actualmente elaboro uniformes antifluidos sudaderas camisetas deportivas desde mi casa,1
descripcion_negocio,Carnes y embutidos,1
descripcion_negocio,Es una tienda online,1
descripcion_negocio,Inicie mi negocio en el año 2023 vendiendo perfumes  y ahora vendo otro tipo de productos como cremas y accesorios,1
descripcion_negocio,"Inicie mi negocio humilde en febrero del 2023 y vendo accesorios,forros de celular ,vidrios ,parlantes y servicio técnico de celulares,etc",1
descripcion_negocio,Son palitos con queso y churros,1
descripcion_negocio,Inicie mi negocio hace 6 meses donde distribullo productos de consumo masivo con extracto de ganoderma,1
descripcion_negocio,Dedicado a la venta de comidas y bebidas rápidas en lugar físico y a domicilio,1
descripcion_negocio,"Venta y confección de cortinas ,
Arreglo venta de persianas",1
descripcion_negocio,Es una cigarrera mini. Y venta de licor,1
descripcion_negocio,Inicie en el 2020 aprovechando la posibilidad que me dio la pandemia,1
descripcion_negocio,"Inicie el emprendimiento en el 2022 de dulces y helados, la idea es ampliar el portafolio de los helados y los dulces",1
descripcion_negocio,"Venta de bebidas calientes y frías, pasabocas y confitería, creado con esfuerzo y dedicación en 2020.",1
descripcion_negocio,"Tienda de víveres, gaseosa, helados y bebidas alcoholicas",1
descripcion_negocio,"Actividades de ingeniería y otras actividades conexas de consultoría técnica, comercio al por mayor de equipo, partes y piezas electrónicos y de telecomunicaciones, mantenimiento y reparación de computadores y de equipo periférico, comercio al por...",1
descripcion_negocio,"Inicie mi negocio en marzo de 2018, con una mesa de trabajo, realice los cursos de Manicura, semipermanente y Acrílico en la academia de Organic nails",1
descripcion_negocio,Inicié mi negocio en pandemia con arreglos de costura después un señor del madrugón me dió para realizar camisa polo y sudaderas de niño y así fue creciendo mi negocio,1
descripcion_negocio,Inicie en 2000 en la venta de ropa,1
descripcion_negocio,Inicie mi negocio en el 2019 vendiendo pasteles empanadas gaseosas guarapo hamburguesas y entre otras cosas,1
descripcion_negocio,Inicie mi negocio en el 2022 en mi casa criando pollos y después vender,1
descripcion_negocio,"Comencé con mi proyecto en el año 2000 , hoy en día cuento con unos 6000 árboles de café y unas 1200 matas de plátano. Además también trabajo en mi negocio con otro tipo de cultivos como habichuela , frijol , arveja.",1
descripcion_negocio,Inicie mi negocio en el año 2015 desde entonces prestó mi servicio cómo estilista.,1
descripcion_negocio,"Se aplican keratina, alisser, tintes,tramientos, aplanchados,cepillados, maquillajes para toda ocasion",1
descripcion_negocio,"Inicie mi negocio en el año 2017 vendiendo anchetas, tortas y sacando copias, con el paso del tiempo incluimos venta de licores, cigarrillos, Mecato, afianzamos la repostería y detalles para toda ocasión y así hemos logrado salir adelante.",1
descripcion_negocio,"Inicie mi negocio en 2018 junto con mi hermano y mi padre, cosechamos champiñones frescos,orgánico, comercializamos en Facatativá.",1
descripcion_negocio,"Inicié mi negocio de venta por catálogo desde 2020, con el grupo Marketing Personal, también vendo accesorios en acero inoxidable.",1
descripcion_negocio,Materas abonos canastas sustrato de coco semillas,1
descripcion_negocio,"Inicie ni negocio vendiendo productos de catalogo como perfumes, ropa, zapatos y ahora comercio huevos por mayor",1
descripcion_negocio,Un negocio al servicio de las telecomunicaciones y las confesiones,1
descripcion_negocio,Sandwich cubano Joaquín sabor abierto de jueves a domingo de 6 de la tarde a 12 de la noche sándwich normal 7000 Sandwich con pollo 9000,1
descripcion_negocio,Inicie mi negocio en el 2021 vendiendo extensiones de cabello humano,1
descripcion_negocio,Mecánica general y venta de repuestos,1
descripcion_negocio,Inicié haciendo maquetas y dioramas a mis vecinos luego escale a realizarlos a cualquier tipo de persona,1
descripcion_negocio,Mi negocio consiste en la comercialización de insumos para odontología y laboratorio dental.  Inicié a finales del año 2010 y mis clientes están ubicados en el área metropolitana de la ciudad de Bucaramanga (Colombia). Soy asesor y distribuidor.,1
descripcion_negocio,Mi negocio Costa de servicios generales u alistamiento embelleciendo automotriz,1
descripcion_negocio,Arroz azúcar café papel atún jabón verduras arinas,1
descripcion_negocio,Inicie mi negocio en el año 2020 con todas las ganas lo que hoy me ha permitido vender toda clase de papelería y demás útiles escolares.,1
descripcion_negocio,Inicie mi negocio en abril del año 2022 se trata de arregló de calzado y venta de materiales,1
descripcion_negocio,Inicie mi negocio en el 2022 como miscelánea y papelería y ahora también e surtido artesanías y productos de el hogar,1
descripcion_negocio,"Inicie mi negocio en el año 2019 vendiendo utiles escolares como lo son cuadernos, lápices, lapicero, reglas, impresiones, fotocopias, cartulinas, carpetas de todo tipo, marcadores, globos, decoraciones para cumpleaños y desde la comodida de mi casa",1
descripcion_negocio,Alquilamos y reparamos lavadoras y neveras,1
descripcion_negocio,Panes pudines y todo lo relacionado con la pastelería,1
descripcion_negocio,Cerveza Canchas de tejo bolirana cigarrillos chitos papas fritas,1
descripcion_negocio,Empecebmi negocio en pandemia vendiendo pijamas  al detal .  Luego fui vendiendo más y al.por mayor y luego poco a poco fui comprando otros detalles y vitrinas y arregle el garaje de la casa donde vivo .  Y empecé mi negocio   con mucho amor .,1
descripcion_negocio,"Inicié mi negocio en 2017 mis amigos y compañeros de estudio me compraban e inicie mi emprendimiento, manejar mi tiempo fue la motivación mayor",1
descripcion_negocio,Atención al cliente en necesidades veterinarias para tratamientos de enfermedades.,1
descripcion_negocio,Inicie mi negocio en el 2015 atendiendo eventos de asados en diferentes partes de la ciudad,1
descripcion_negocio,"Inicie este negocio en el 2022 vendiendo lo basico del diario como arroz,aceite, azucar cafe,sal, pan y todo lo que es la dulceria.",1
descripcion_negocio,Jugo de naranja y desayunos,1
descripcion_negocio,Mi negocio inicio en el 2023 como refacción de muebles para el hogar dándole al cliente una satisfacción en sus mueble usados para que queden como nuevos,1
descripcion_negocio,Inicie mi negocio y n el año 2014 en la agricultura ya llevó 9 años en la caficultora donde tengo mi casa propia,1
descripcion_negocio,Compense el mes de noviembre del año 2022.. trabajo con productos de pasabocas tianda a tienda .. trabajo lo q es la auto venta..los visito de lunes a sábado..manejo al rededor de 50 clientes diarios.el producto lo transportó en un triciclo de motor.,1
descripcion_negocio,Inicié mi negocio de café en ano 2020,1
descripcion_negocio,Venta comida rápida,1
descripcion_negocio,Venta  de productos de la canasta familiar,1
descripcion_negocio,"Inicie mi negocio en el 2020 desde mi casa vendiendo pijamas, camisas, sábanas y muñecos de navidad.",1
descripcion_negocio,"Inicie mi taller de servicio técnico de maquinaria pesada desde el 2020, con una experiencia de 14 años en el sector.",1
descripcion_negocio,"inicie mi negocio en el año 2019 atendia en un espacio de la casa de mi papa la tiendita vendia arroz, azucar, enlatados entre otros perecederos era muy visitada x la gente ya q el barrio no tenia una donde pudieran abastecerse me iva bien gracias a",1
descripcion_negocio,Inicie en el 2005 vendo productos de panadería y Comidas preparadas en mi local.,1
descripcion_negocio,Inicio mi negocio en el 2015 como droguería y después agregue papelería internet,1
descripcion_negocio,Pintura tapicería y refacciones para muebles hogar y oficina,1
descripcion_negocio,"Comenzé vendiendo pandeyucas y buñuelos y albojabanas , después empezó con la venta de fritos de como pasteles y empanadas y ahora con el tiempo ya llevo para año y medio que los días sábado saco venta de tamales un plato tradicional en donde vivi",1
descripcion_negocio,Inicie el negocio en el 2017 vendiendo repuestos para carros y haciendo arreglos,1
descripcion_negocio,"Estudios de suelos para permisos de curaduría, extracción de muestras y servicios de spt y cbr",1
descripcion_negocio,"Inicié mi negocio en el año 2018, vendiendo ropa y tennis importados",1
descripcion_negocio,"Inicié mi negocio desde 1999 nos dedicamos ala elaboración de toda clase de muebles para el hogar como cosinas integrales,closet,puertas en madera y en melamina ,pisos ,alcobas , comedores ,bibliotecas y todo lo relacionado con la madera y la melamin",1
descripcion_negocio,CURSOS DEDICADOS A DIBUJO Y ARTE PARA PRIMERA INFANCIA Y ADOLECENTES,1
descripcion_negocio,Construcción y mantenimiento con todo lo relacionado de la construcción,1
descripcion_negocio,Venta de cerveza gaseosas mercado de todo un poco,1
descripcion_negocio,Soldadura en general,1
descripcion_negocio,"The English school, es mi emprendimiento, soy docente de inglés y los fines de semana trabajo con mis chicos, sin 35 estudiantes y pasan por diferentes niveles de aprendizaje.",1
descripcion_negocio,Salchipapa,1
descripcion_negocio,"Inicié mi negocio en enero de 2023, ubicado en mi residencia, dónde ofrezco productos de natura, yanbal y Esika, hago domicilios y ofrezco en la universidad en dónde estudio.
Me gusta los aromas, por eso las lociones son un buen producto, necesito di",1
descripcion_negocio,Empezé en mayo del 2022 vendiendo revista y con pensionado universitario,1
descripcion_negocio,Nutrición,1
descripcion_negocio,Venta de perfumes de hombre de mujer crema para el cuerpo,1
descripcion_negocio,"Inicie mi emprendimiento en el año 2020 en pandemia, fabrico gimnasios para gato y camas para mascotas",1
descripcion_negocio,"Inicie mi negocio en el 2018 vendiendo desayunos y detalles coorporativos, con el tiempo
Fue creciendo y repartimos a municipios y veredas aledañas",1
descripcion_negocio,Inicie mi emprendímiento de Reciclaje en el 2021 en la calle puerta a puerta con una carreta afinaleles del año me organice y en 2022 arrende un local que es donde trabajo.,1
descripcion_negocio,"Vendemos comida tradicional ( empanadas y otros) , en nuestra casa",1
descripcion_negocio,Comense mí negocio vendiendo callejiado pan de arroz,1
descripcion_negocio,"Inicie mi negocio en el 2021 vendiendo queso al por mayor, surtiendo tiendas y panaderias",1
descripcion_negocio,"Inicié mi negocio en septiembre del 2020, diseñamos, confeccionamos y comercializamos pijamas. Trabajamos desde nuestra casa",1
descripcion_negocio,inicie mi empresa desde casa vendiendo chocolate y agua de panela con queso y arepas de queso y arepas de chocolo con queso y ahora ya tengo un pequeño local y hay tengo venta de gaseosas almuerzo desayunos y comidas rápidas,1
descripcion_negocio,Excelente servicio de ricas arepas deliciosas a buen precio para nuestros clientes que quieran probarlas nos encontramos ubicados en bosconia cesar cerca al ara ven te esperamos para que disfrutes de estas deliciosas arepas rellenas de queso costeño,1
descripcion_negocio,Inicie mi negocio en el año 2022 fabricando reparando y tapizando muebles de calidad.,1
descripcion_negocio,Inicie mi negocio decido a la pandemia inicie vendiendo todo lo relacionado con productos desechables y de hay poco a poco fue creciendo ahora vendo comida para mascotas y todo lo relacionado con aseo,1
descripcion_negocio,"Karrera sas inicia actividades en 2018, se dedica a la impermeabilizacion de superficies y terminación y acabado de edificaciones",1
descripcion_negocio,Inicie el proyecto de tener mi negocio propia estudiando sobre medicamentos y capacitándome para coger experiencia en este ramo de las Droguerías.,1
descripcion_negocio,Servicio técnico y venta de recargas y accesorios y reparaciones de toda clase,1
descripcion_negocio,"INICIE MI NEGOCIO EN 1990, EN INSTALACIONES ELECTRICAS Y MANTENIMIENTO Y REPARACIIN DE ELECTRODOMÉSTICOS",1
descripcion_negocio,"Fabricamos artículos de cuero, lona y sintético, como bolsos billeteras morrales entre otras cosas",1
descripcion_negocio,Inicié mi negocio vendiendo camisetas para dama en el año 2018 ahora vendo conjuntos eportivos vestidos y ropa elegante para niña,1
descripcion_negocio,Zapatos y bolsos,1
descripcion_negocio,Inicie con este negocio desde el 2015 junto con mi mama y llevamos lencería para el hogar a diferentes municipios,1
descripcion_negocio,"Cuadernos,lápices, borradores, lapiceros, correctores, diccionarios, Block, cartulinas etc. Y servicio de fotocopias, impresiones, transcripciones,scaner",1
descripcion_negocio,calzado,1
descripcion_negocio,"Venta de todo tipo de ropa y accesorios para dama , caballero y niños",1
descripcion_negocio,"Este es un negocio familiar que se realiza desde nuestra casa, donde se prepara los mejores postres y tortas de muy buena calidad e inucuos para la salud. Se toman los pedidos con anticipación y se elaboran para la fecha que el cliente lo solicita.",1
descripcion_negocio,"Inicié mi negocio inicialmente sacando copias e impresiones, pero con el tiempo la oferta aumento, papelería, artículos para aseo personal, regalos, medicamentos, perfumería, entre una variedad de productos y precios",1
descripcion_negocio,"Empece mi negocio en el 2021 desde mi casa llevando a damicilio sandwich, aplastados, empanadas champú jugos naturales",1
descripcion_negocio,"Inicié  negocio  en  mayo  del  2022  de  metalmecanica   y metalúrgica    en  el  solar  de  la  casa.   Fabricando   puertas,   ventanas,   y  estructuras  metálicas   deacuerdo al   diseño  del   cliente",1
descripcion_negocio,Habitaciones con bañó privado agua caliente TV y wifi servicio de parqueadero incluído ubicado en tunja boyaca salida para villa de Leyva,1
descripcion_negocio,Empeze mi negocio en el año 2012 trabajando comidas por encargo hasta que los pedidos crecieron y cree mi local para la venta al público,1
descripcion_negocio,Inicie mi negocio en 2022 atreves de las redes sociales hasta el mes de septiembre que establecí un punto de venta físico,1
descripcion_negocio,Venta de recargas al por mayor y productos electrónicos,1
descripcion_negocio,Inicie mi negocio vendiendo películas después sincard y fui introduciendo poco a poco productos mientras me capitalizaba hasta seguir hasta este día y ofrecemos toda clase de cargadores teléfonos y parlantes,1
descripcion_negocio,"Venta de tecnología, accesorios para el hogar, elementos para deporte en casa, mercancía variada",1
descripcion_negocio,"Papelería, accesorios, cerámica",1
descripcion_negocio,"Mi negocio está desde el 2022, hacemos desayunos sorpresa , regalos , catering para empresas",1
descripcion_negocio,"Inicie mi negocio en el 2014 mi actividad principal es la ven ta de papelería  , accesorios de celulares y productos varios en general",1
descripcion_negocio,Arreglos todo tipo de vehículo,1
descripcion_negocio,"Inicie mi negocio en el 2022 
Ya q me quedé sin empleo .
Es una actividad muy bonita y me gusta por q amo los animales",1
descripcion_negocio,"Inicié mi negocio en 2021 con la venta de productos del catálogo Novaventa, lo que me ha permitido generar ingresos",1
descripcion_negocio,"Inicié mi negocio hace más de 10 años aunque venía ya trabajando en lo mismo desde el año 1996,elaboramos más q todo cocinas integrales,closet,puertas ,ya tenemos bastante experiencia en nuestro trabajo por el tiempo y calidad en lo que ya trabajamos",1
descripcion_negocio,Mi negocio se inicio en el 2017 vendiendo granos y abarrotes y en el 2020 inice con verduras el cual hemos crecido muy bien.,1
descripcion_negocio,Inicie mi negocio con mi esposa y la pandemia llego retomamos de nuevo pero necesitas invertir más.capital en nuestro negocio,1
descripcion_negocio,Inicie mi negocio en el año 2023 vendiendo productos por catálogos en mi casa,1
descripcion_negocio,Publicidad de todo tipo y diseño gráfico.,1
descripcion_negocio,Real pets negocio dedicado al embellecimiento de mascotas grooming y peluquería canina profesional,1
descripcion_negocio,manícure y pedicure acrílico y ventas de ropa y accesorios,1
descripcion_negocio,Inicie mi negocio en el 2000 y consiste en el alquiler de sonido y luces para reuniones sociales,1
descripcion_negocio,Buen día inicie mi negocio en el 2015 comencé con un café Internet y lo convertí en una papelería ahora quiero fucionarlo con abarrotes y víveres.,1
descripcion_negocio,Inicie con este negocio en el año 2018 en compañía de mi esposa hacemos chaquetas camisas para hombres contamos con dos máquinas la plana y la fileteadora nos hace falta la collarín para aumentar productos,1
descripcion_negocio,Compra y venta de reciclajes,1
descripcion_negocio,Inicie mi negocio en el año 2012  de reparación y mantenimiento de equipos de computación e impresoras,1
descripcion_negocio,"Somos un emprendimiento encargado de vender accesorios, y gadgets para la vida cotidiana y el uso de los usuarios",1
descripcion_negocio,"Empresa dedicada a la asesoria  ambiental y de seguridad  y salud en el trabajo. Asesoramos en trámites de licencias ambientales, certificados  de viabilidad sanitaria, Sistemas de seguridad  y salud en el trabajo.",1
descripcion_negocio,Inicie mi negosio  de lociones aprosimadamente hace 7 meses empese vendiendole a familiares y amigos y poco a poco fuimos consiguiendo mas clientela,1
descripcion_negocio,Carpinteria hago muebles y todo lo relacionado con la madera nada de carton camarotes comedores mesedora casa para mascotas camitas para mascotas casitas muy vendidos los perchero en madera roble,1
descripcion_negocio,Venta de panela y semilla,1
descripcion_negocio,Inicio el negocio con la cuestión dela palnemia y de hay estamos produciendo estos productos gracias a el dependo económica mente,1
descripcion_negocio,Inicié mi negocio en el año 2018 con mi esposo de cero y fuimos creciendo,1
descripcion_negocio,Inicie por el desempleo comoun ingreso adicional y se convirtió en mi sustento diario. Y estoy generando empleo,1
descripcion_negocio,Negocio familiar se confecciona todo tipo de prendas de vestir,1
descripcion_negocio,"Venta a domicilio de comida rápida, sandwich, hamburguesas, perros",1
descripcion_negocio,"Empecé mi negocio durante la pandemia ofreciendo ropa y calzado, luego en el 2022 formalice mi negocio y abrí un local pequeño que hasta ahora me ha estado dando fruto",1
descripcion_negocio,Venta de licores y abarrotes y dulceria,1
descripcion_negocio,Celulares y accesorios reparación técnica,1
descripcion_negocio,"Negocio de venta al por menor  de ropa de moda para dama y caballero , zapatillas, accesorios y demás prendas ...medias deportivas y colegiales , boxer para dama y caballero...",1
descripcion_negocio,Inicie mi negocio en el año 2018 con dos vitrinas y poca medicina... con el transcurso del tiempo mi droguería a aumentado haciéndose más grande tengo 6 vitrinas más medicamentos,1
descripcion_negocio,"Hago pocillos esmaltados decorados, porta celulares  y magnéticos para neveras",1
descripcion_negocio,Comida típica antioqueña,1
descripcion_negocio,Iniciamos el local con reparacion compra y venta de televisores,1
descripcion_negocio,Ropa personalizada,1
descripcion_negocio,Venta de acesorios para celulares,1
descripcion_negocio,ARTESANIAS HECHAS COMPLETAMENTE A MANO YA SEAN MUÑECOS NAVIDESO DEL FIELTRO O PAÑO LENCY O CERAMICAS PINTADAS A MANO,1
descripcion_negocio,"Es un negocio en buen punto con buen trabajo, desde que lo registre siempre he tenido Buenos Movimientos",1
descripcion_negocio,Inicie mi negocio desde casa llamando clientes para que compren respuestos de maquinaria pesada,1
descripcion_negocio,Inicie mi negocio de publicidad ya que me desenvuelvo con buenos contactos comerciales de distribución de materiales para la publicidad permitiendo tener una mayor apertura de mercado mediante la elaboración de productos de calidad e innovadores,1
descripcion_negocio,Inicie mi negocio en el 2020 vendiendo salchipapas chorizos hamburguesas perros calientes suizas ya llevo 3años trabajando en esto y el cual también hago venta de sancocho cada 8dias,1
descripcion_negocio,Papa rellenas con diferentes carnes (Huevo,1
descripcion_negocio,"Inicié mi negocio como cátering de alimentos desde 1998, reinicie actividades post pandemia en Madrid cundinamarca",1
descripcion_negocio,"Inicie mi negocio en 2022 vendiendo comidas carnes, nos queremos apalancar tener mayor liquidez",1
descripcion_negocio,Vendo lo q tiene q ver con papelería como lapiceros carpetas sobres de manila servicio de fotocopias etc,1
descripcion_negocio,"Ofrecemos tratamientos estéticos faciales y corporales, servicios de spa , relajación y bienestar.",1
descripcion_negocio,"Inicié mi negocio en abril del 2022 de peluquería, manicure y pedicure, se productos para el cuidado personal es un negocio muy acreditado",1
descripcion_negocio,Almuerzos y platos a la carta,1
descripcion_negocio,Diseño y construcción de todo tipo de muebles en madera,1
descripcion_negocio,Inicie mi negocio con mi madre imprimiendo en un garaje tenemos una pequeña litografía,1
descripcion_negocio,Inicie mi negocio en el 2020 con desinfección mantenimiento y jardinería,1
descripcion_negocio,"Elaboración de accesorios hechos a mano a base de semillas de árboles como el Samán, Açai, Chambimbe, Huayruro, Tagua, etc que mezcladas con fibras como el cuero, fique e hilos dan como resultado una joya ecológica, sustentable y sostenible.",1
descripcion_negocio,"inicie en año 2021  como en empresa  natural..llamada big gourmet  yopal,
ya quiero mi primer crédito  como micro empresario..de la ciudad de yopal.",1
descripcion_negocio,Venta de productos para belleza,1
descripcion_negocio,Mi negocio está dedidacado a la actividad de cosmetologia y estética y también a colocar extensiones de pestañas pelo a pelo clásicas también se realiza todo tipo de masajes,1
descripcion_negocio,"Inicie mi negocio  donde vivo por motivos de la pandemia, trabajo los fines  de semana ,vendo empanadas y  variedad  de comidas rápidas. Dustribullo por bandejas y por unidad.me va muy bien.con mis ventas pago mi arriendo  y demás necesidades de casa",1
descripcion_negocio,Se inició el negocio hace más de 10 años en la casa también he trabajado en otros talleres y hace dos años tenemos nuestro propio local,1
descripcion_negocio,Inicie mi negocio en enero del 2022 con varios clientes... Ahora soy mayorista de prendas de vestir,1
descripcion_negocio,Instalaciones de fontanería calefacción aire acodicionado,1
descripcion_negocio,Bebidas alcohólicas cigarrillos música ilimitada,1
descripcion_negocio,Quemadores de grasa y drenadores,1
descripcion_negocio,"Espinoza Moda inició en febrero de 2022, y la actividad económica es comercio al por menor de prendas de vestir para dama, se encuentra ubicado en el centro del municipio de Granada",1
descripcion_negocio,"Ínice mi negocio al rededor de 2 años, y empezó a crecer a tal punto que lo registre en la cámara de comercio, la verdad ha sido muy estable y ahora quiero empezar a expandirlo",1
descripcion_negocio,Mi negocio consiste en construir e instalar plantas de energía solar fotovoltaica para autoconsumo,1
descripcion_negocio,aaaaaaaaaaaaaaaaaaaaaaaa,1
descripcion_negocio,Inicie mi negocio con una proyección de poder ofrecer un exelente servicio y poder tener la empresa sólida y rentable,1
descripcion_negocio,Soporte y reparación de computadores y celulares,1
descripcion_negocio,"Venta de víveres, cafeteria, aseo, licores y dulceria",1
descripcion_negocio,Contamos con un emprendimiento donde realizamos empanadas de todo tipo y arepas rellenas,1
descripcion_negocio,Inicie mi negocio en el 2005 somos un empresa familiar somos artesanos producimos artesanías en barro para cocina para aser y servir los alimentos,1
descripcion_negocio,Criamos pollos luego los vendemos casa a casa o en tiendas,1
descripcion_negocio,"Venta
Reparación
Accesorios",1
descripcion_negocio,Ropa creada por mi misma,1
descripcion_negocio,Venta de drogas para todo tipo de animales. Concentrados para equinos y caninos y accesorios para caninos y equinos,1
descripcion_negocio,"Inicie mi negocio en noviembre de 2022 visitando clientes tienda a tienda ofreciendo un portafolio de víveres en general, logrando satisfacer una oportunidad de mercado",1
descripcion_negocio,Frutas,1
descripcion_negocio,Venta de químicos y accesorios para piscinas servicio de mantenimientos,1
descripcion_negocio,"Inicie mi negocio en el 2022. Venta de ropa deportiva y casual  al detal para dama, caballero y niños  venta de Splash cremas para el cuerpo",1
descripcion_negocio,"Instalación cámara de seguridad,  mantenimiento preventivo y correctivo de computadores",1
descripcion_negocio,"Tengo un negocio desde el año 2015 , en donde vendo ropa , perfumería, joyería, accesorios , papelería y cacharrería",1
descripcion_negocio,"Inicie mi negocio en el año 2017 vendiendo recargas a todo operador y un año después empecé con corresponsales como supergiros y a surtir producto como papelería ,perfumería ,desechables ,maquillaje y ferretería básica",1
descripcion_negocio,"Inicie como barbero en el año 2019 y en el año 2022 decidí independizarme y abrí mi negocio en mi casa, desde aquí prestó mis servicios como barbero profesional",1
descripcion_negocio,"Asesoro en licenciamiento legal de Software, principalmente en línea desde mi oficina, analizando y diagnosticando cuál es el software más adecuado de acuerdo a la actividad económica de mi cliente.",1
descripcion_negocio,Inicié con mi negocio de ventas de muebles nuevos y usados desde el 2019 traigo de Bogotá y los comercializó desde mi casa de mi madre que es donde recido,1
descripcion_negocio,"Bar cigarreria ,venta de licor y abarrotes al publico ,juego de bolirana y transmision de partidos en TV",1
descripcion_negocio,Mi negocio lo compense en enero del 2022 vendo todo tipo de licores gaseosas jugos papas dulces,1
descripcion_negocio,Accesorios para todo tipo de celulares,1
descripcion_negocio,"Alimentos para el consumo diario, arroz, aceites panes ect",1
descripcion_negocio,"Inicié mi negocio saliendo de pandemia,vendo a domicilio a barberias y salas de belleza,insumos,productos y repuestos para el sector.",1
descripcion_negocio,"Inicie mi negocio en 2019 vendiendo útiles escolares, papelería, miscelánea y variedades",1
descripcion_negocio,Inicie mi negocio vendiendo canastas de cerveza fria y al clima a domicilio,1
descripcion_negocio,Inicie mi negocio haciendo pestañas el cual quiero desempeñar comprando camilla y implementación de materiales,1
descripcion_negocio,Creación y venta de imágenes de cerámica y venta de suculentas,1
descripcion_negocio,Venta de conjuntos deportivos para dama,1
descripcion_negocio,"Servicio de suministro de tecnologías, mantenimiento de equipos de cómputos, impresiones y publicidad",1
descripcion_negocio,Peluqueria unicex.. y colorimetría. Maquillaje y toda clase de peinados,1
descripcion_negocio,Inicie mi negocio en agosto de el 2022 vendiendo cervezas cócteles y más cosas es un café bar,1
descripcion_negocio,Mi negocio es una escuela de formación deportiva modalidad femenina y masculina la cuál fue fundada en enero de 2021 para fomentar la actividad física y a la vez realizar jornadas de recreación y deporte. Dónde podrán encontras las disciplinas dep. O,1
descripcion_negocio,Agua t,1
descripcion_negocio,Refuerzos escolares,1
descripcion_negocio,"Maderos gourmet se destaca en la elaboración de platos orgánicos y platos gourmet, con una variedad de bebidas y por su calidad de servico.",1
descripcion_negocio,Toda clases de cerveza,1
descripcion_negocio,Trámites para los profesores del magisterio de Ibagué y del departamento del Tolima,1
descripcion_negocio,Internet,1
descripcion_negocio,Bisuteria,1
descripcion_negocio,Venta y reparación de equipos audiovisuales,1
descripcion_negocio,Iniciamos en el 2015 ofreciendo servicios de obra civil y desde entonces hemos venido creciendo hoy en día ofrecemos electricidad y trámites ante electrificadoras plomería ornamentación enchape pintura en general y gas natural,1
descripcion_negocio,"Inicie mi negocio en el año 2017 fabricando puertas y ventanas desde mi casa
Y ahora tengo mi taller aquí en casa",1
descripcion_negocio,"Nos dedicamos a la comercialización de productos para el hogar, la línea de negocio son productos no perecederos",1
descripcion_negocio,"Mi emprendimiento se encarga de la distribución de productos de aseo para el hogar, cuidado de la ropa y vehículos.",1
descripcion_negocio,"Inicie mi negocio ya hace 5 años cuando inició la pandemia, decidí iniciar la venta de cerdo.",1
descripcion_negocio,Es una empresa familiar de aire acondicionado y ventilación mecánica para la mayoría de locales y empresas y centro comercial para la mayoría de sus proyectos y se hacen Mantenimiento preventivo o operativo también izada de equipos de aire acondicion,1
descripcion_negocio,Uñas en sistemas artificiales como acrílico press onn venta de producto y capacitación,1
descripcion_negocio,"Inicié mi negocio el de 19 de marzo del 2015 con la venta de productos naturales para la salud y bienestar de las personas, progresando hasta la fecha.",1
descripcion_negocio,Inicie mi negocio en año 2020 como manicurista a domicilio ya tengo un salón de belleza,1
descripcion_negocio,"Peluquería y barbería, tratamientos y venta de productos para el cabello",1
descripcion_negocio,Alquiler de lavadoras por horas o por jornadas,1
descripcion_negocio,Carpintería y artesanias,1
descripcion_negocio,"Fabrico y vendo camas para mascotas, perros y gatos",1
descripcion_negocio,"Compro chatarra,cobre, bronce, aluminio, reciclaje en general",1
descripcion_negocio,Venta de deliciosos chicharrones a domicilio,1
descripcion_negocio,"Es tipo cafeteria se vende tinto ,perico ,aromatica,empañadas, papas rellenas ,sanduis de jamon y queso ,jugo de naranja,gaseosa ,agua,avena, agua y salpicón",1
descripcion_negocio,Vende comida mar  mi negociin esta en las playa en csño dulce,1
descripcion_negocio,Es un bar con bolirana,1
descripcion_negocio,servicios técnicos plomería pintura electricidad cerrajería,1
descripcion_negocio,Es una licorera,1
descripcion_negocio,Elaboración y venta de Ropa,1
descripcion_negocio,Vendo panela puerta a puertas y a mis clientes,1
descripcion_negocio,Distribución de productos snacks,1
descripcion_negocio,Venta de almuerzos ejecutivos comidas rapidas,1
descripcion_negocio,Productos y comidas,1
descripcion_negocio,"Soy pastelero independiente
Vendo tortas y ponques para toda ocasión, también vendo refrigerios empresariales
Y adicional a eso soy instructor de panadería y pastelería en la caja de compensación de boyaca Y eventualmente doy asesorías a pequeñas panaderías y pastelerías en duitama",1
descripcion_negocio,"Se venden productos de belleza, para el hogar, materiàles ecolares y accesorios para dama y caballero",1
descripcion_negocio,Productos de la canasta familiar,1
descripcion_negocio,Cigarrillo confitería en general,1
descripcion_negocio,Ofrezco un servicio de asesoría de tareas y cuidado de niños,1
descripcion_negocio,Ztunning,1
descripcion_negocio,Panadería,1
descripcion_negocio,"Fabrico ropa camisetas, pantalonetas entre otros",1
descripcion_negocio,Tengo una pequeña micro empresa como satélite en mi casa confecionando franelas ect,1
descripcion_negocio,Todo lo relacionado con la canasta familiar y dulces,1
descripcion_negocio,Productos de uñas,1
descripcion_negocio,"comidas rapidas, platos especiales, bebidas, Bar y Licores, jugos naturales,ensaladas de frutas",1
descripcion_negocio,Elavorp tortas galletas navideñas chocobombas,1
descripcion_negocio,Ensamble y venta de joyeria,1
descripcion_negocio,Transporte escolar,1
descripcion_negocio,Carpas estructuras metálicas,1
descripcion_negocio,Vendo por en cargó a clientes,1
descripcion_negocio,Comidas preparadas a la mesa,1
descripcion_negocio,Ropa interior pantalonetas pijamas ropa dama niños caballeros,1
descripcion_negocio,Lacteos aseo abarrotes gaseosas Bar y Licores,1
descripcion_negocio,Soy Tecnologo ing automotriz y vendo arreglos preventivos y correctivos automotrices por ahora a Domicilio,1
descripcion_negocio,Almuerzo los fines de semana en una finca campestre,1
descripcion_negocio,Trabajamos todo el año elaborando todo lo relacionado en lenceria para Navidad  y desde octubre empezamos  a vwnsee,1
descripcion_negocio,Fabricó cocinas integrales closep puertas todo lo de madera,1
descripcion_negocio,Estampó camiseta y publicidad,1
descripcion_negocio,"Hamburguesas, wrapps, Salchipapa, maicitos, perros",1
descripcion_negocio,Tornillos de vehículos,1
descripcion_negocio,Vinipel industrial Papel Chicle,1
descripcion_negocio,Estamos haciendo arte y empresa con material reciclado somos líderes en el mercado en pesebre más grandes,1
descripcion_negocio,manicure y pedicure extensión pestañas depilación,1
descripcion_negocio,spa de uñas y pestañas,1
descripcion_negocio,Vendo camisetas urbanas,1
descripcion_negocio,Servicio de reparación,1
descripcion_negocio,"Cerveza, trago, productos de primera necesidad",1
descripcion_negocio,Jabones artesanales,1
descripcion_negocio,Desayunos,1
descripcion_negocio,Bar y Licores y comida,1
descripcion_negocio,"Ensamble de ropa deportiva , dotaciones, uniformes de deportivo",1
descripcion_negocio,"Avisos luminosos , valla publicitarias , señales de tránsito,  pendones afiches",1
descripcion_negocio,Desayuno almuerzo y cómoda rapida,1
descripcion_negocio,Servesa mecato,1
descripcion_negocio,Oroduccion y comercialización de ropa femenina casual ventas al detal,1
descripcion_negocio,"Es un bar , cerveza , aguardiente, gaseosas, empanadas",1
descripcion_negocio,Son productos para autos lavado en seco No se usa agua,1
descripcion_negocio,Limon,1
descripcion_negocio,Vendo Gaseosas cervezas helados  jugos  panes,1
descripcion_negocio,Es venta de obleas pero no está registrado en cámara y comercio ya q mi negocio es en mi casa,1
descripcion_negocio,Vendo chance lotería minutos recargas,1
descripcion_negocio,Salsamentaria,1
descripcion_negocio,Hago masajes y limpieza faciales plasma botox drenaje linfático y posoperatorio,1
descripcion_negocio,Taller de motos,1
descripcion_negocio,Cojines personalizados y forros personalizados para fiestas y cumpleaños,1
descripcion_negocio,Buzos para el frío,1
descripcion_negocio,Vendo medicamentos,1
descripcion_negocio,Fabricación y elaboración de empanadas para negocios y punto de venta,1
descripcion_negocio,Mi producto principal es el servicio barbería y peluqueria,1
descripcion_negocio,Servicio técnico mecánico automotriz,1
descripcion_negocio,Es un bar un tomadero ubicado en piedecuesta santander,1
descripcion_negocio,"Esferos, marcadores, lápices, borradores, resaltadores, micropuntas y demás",1
descripcion_negocio,"Arroz paisa 
Arroz ranchero
Arroz endiablado
Arroz oriental 
Arroz tres carnes y bebidas",1
descripcion_negocio,Confección y venta de ropa deportiva,1
descripcion_negocio,taller de Zapatos,1
descripcion_negocio,Realizó fotografía de eventos sociales y foto modelaje,1
descripcion_negocio,Venta de comida preparada,1
descripcion_negocio,"Fabricamos toda clase de muebles para El hogar ,oficinas",1
descripcion_negocio,Vendo cuadros decorativos,1
descripcion_negocio,"Collares y pendientes en arcilla hechos a mano 
Agendas y cuadernos encuadernados a mano y personalizados 
Ventas por Instagram o en la UNAL Bogotá",1
descripcion_negocio,AREPAS rellenas arepa con todo arepas con queso,1
descripcion_negocio,Jugos de borojo,1
descripcion_negocio,Cerveza y gaseosas,1
descripcion_negocio,Vendo un producto orgánico para acabar las cucarachas  y la última cena de los ratones,1
descripcion_negocio,Riego mercancía zapatos ropa,1
descripcion_negocio,Comida y cerveza,1
descripcion_negocio,"Arroz,azúcar, azafrán,aceites todo lo relacionado a los abarrotes y verduras dulceria y gaseosas",1
descripcion_negocio,Vendemos servicio de mensajería local,1
descripcion_negocio,"Cafetería, bebidas gaseosas, desayunos",1
descripcion_negocio,Vendo calzado y ropa,1
descripcion_negocio,"Ropa, belleza, productos comestibles",1
descripcion_negocio,Todo lo relacionado con fritos como empanada arepa de huevo deditos jugos naturales etc,1
descripcion_negocio,Tengo 2 maquinas y una fileteadora,1
descripcion_negocio,Tortiyas para  haser  sopa,1
descripcion_negocio,Carnes y verduras,1
descripcion_negocio,"Suministros para eléctricos y ferretería, pinturas",1
descripcion_negocio,"Cervezas gaseosa dulces 
Miscelanea",1
descripcion_negocio,"Fabrico lavaderos de e ropa en granito pulido, mesones de cocina,  pasis de escalas,",1
descripcion_negocio,Cerveza artesanal,1
descripcion_negocio,Ropa para damas caballeros y niños,1
descripcion_negocio,Me dedico a hacer y vender pinturas,1
descripcion_negocio,Minitienda,1
descripcion_negocio,Comidas almuerzos y comidas rapidas,1
descripcion_negocio,"Vendo gaseosas, paquetes, cigarrillos, licor, cerveza, dulces, chocolates",1
descripcion_negocio,Manejo mi carro en la aplicación Didi,1
descripcion_negocio,Soy  fabricante de carpintería arquitectónica    para casas y apt,1
descripcion_negocio,Sudaderas y uniformes para colegios,1
descripcion_negocio,Losiomes!  Cremas! Champoo! Maquillaje!,1
descripcion_negocio,Repuestos gas,1
descripcion_negocio,"Arroz, pasta, aceite, gaseosas, dulces, galletas y demas",1
descripcion_negocio,Muñecos,1
descripcion_negocio,"Viveres ,Bar y Licores ,bebidas ,medicamentos",1
descripcion_negocio,No tengo nombre todavía manejo elaboración de anchetas de cumpleaños o para toda ocasion,1
descripcion_negocio,PICADAS DESAYUNOS SORPRESA EMBUTIDOS,1
descripcion_negocio,Desayunos almuerzos platos a la cuarta comidas rápidas bebidas,1
descripcion_negocio,Ropa y perfumes,1
descripcion_negocio,"Vendo comidas, desayunos, almuerzos y cenas ejecutivos y especiales",1
descripcion_negocio,"Jamón, queso, charcurteria",1
descripcion_negocio,Venta de comidas rapidas,1
descripcion_negocio,Servicio técnico accesorios y personalización de motocicletas,1
descripcion_negocio,Papeleris Losa cacharrería,1
descripcion_negocio,Abrazaderas para la tubería de los edificios,1
descripcion_negocio,Personalización de prendas de vestir  chaquetas de jean),1
descripcion_negocio,Servicio de manicura profesional a domicilio,1
descripcion_negocio,Pantalones  en lana soy fabricante de estos,1
descripcion_negocio,Vendo piña golden llanera en corabastos,1
descripcion_negocio,Artesanías en madera,1
descripcion_negocio,"Medicamentos, productos de aseo personal, cosméticos",1
descripcion_negocio,Doy refuerzos académicos y escolares a niños y niñas de 3 años de edad en adelante,1
descripcion_negocio,Se vende toda clase de Bar y Licores y cigarrillos,1
descripcion_negocio,"Vendo bebidas, todo en papelería, dulces",1
descripcion_negocio,Tamales tolimenses,1
descripcion_negocio,Ropa de cegunda papel regalo sapatos varias cositas,1
descripcion_negocio,Cuido niños,1
descripcion_negocio,Jugos guayara,1
descripcion_negocio,"Tengo un criadero de pollos, los cuales sacrifico, y luego los vendo",1
descripcion_negocio,Hago tratamiento capilar,1
descripcion_negocio,Masajes profesionales,1
descripcion_negocio,Arreglo de puertas de carros asesoríos y demas,1
descripcion_negocio,Viveres en general y deliciosas empanadas,1
descripcion_negocio,Cultivo y distribuyó cebollín chino,1
descripcion_negocio,Servicio a domicilio,1
descripcion_negocio,Es una mini tienda o mini mercado de abarrotes rancho y Bar y Licores,1
descripcion_negocio,"Productos ópticos, salud visual",1
descripcion_negocio,"Compro y vendo lentes oftalmicos para gafas, no tengo un establecimiento",1
descripcion_negocio,Entrenamiento canino baño peluquería guardería   comida accesorios ropa,1
descripcion_negocio,Empanadas y pasteles,1
descripcion_negocio,"Tomate
Cebolla
Papa criolla",1
descripcion_negocio,Entrenamiento multifuncional a domicilio  personal y grupal en todo el perímetro de laa localidad de suba,1
descripcion_negocio,Alimentos de primera necesidad para el hogar,1
descripcion_negocio,Venta de productos de aseo personal y aseo hogar venta de comida y accesorios para Mascotas,1
descripcion_negocio,Huevos de Gallina Feliz,1
descripcion_negocio,Venta de Bar y Licores nacionales y anchetas de regalo,1
descripcion_negocio,"Es un establecimiento,  dedicado a la venta de Comidas rapidas",1
descripcion_negocio,"Ofresco mis servicios como, drywall, enchapes, techos de PVC, ornamentación, obra blanca, obra gris en general",1
descripcion_negocio,CONFECCION,1
descripcion_negocio,ARTESANIAS HECHAS A MANOS COLLARES MANILLAS MASCARAS Y BOLSOS,1
descripcion_negocio,Es una heladería y frutería,1
descripcion_negocio,Servicios de publicidad y locucion,1
descripcion_negocio,Muñecos de navidad,1
descripcion_negocio,AREPAS CHUZOS PASTELES HALLACAS,1
descripcion_negocio,Venta de desayunos variados todos los días y venta de almuerzos y en las tardes refrigerios,1
descripcion_negocio,"Vendo productos de aseo, perfumería, maquillaje y muchas cosas mas",1
descripcion_negocio,Es un villar se vende licor,1
descripcion_negocio,Industria casera de postres y tortas,1
descripcion_negocio,"Viveres,abarrotes y cerveza",1
descripcion_negocio,Vendo deditos congelados y fritos para eventos y al detal,1
descripcion_negocio,Venta de congelados,1
descripcion_negocio,"Yo vendo todo lo relacionado para las mascotas 
Comida
Juguete
Accesorios 
Se hacen baños y cortes para las mascotas
Vacunas",1
descripcion_negocio,Sistemas de seguridad electrónica,1
descripcion_negocio,ROPA POR ENCARGO CATALOGO BOLIS HIELO PASTELES FINES DE SEMANAS,1
descripcion_negocio,deditos rellenos,1
descripcion_negocio,Confeccióno ropa vendó vestido y ropa infantil,1
descripcion_negocio,Jean,1
descripcion_negocio,Vendo perros calientes,1
descripcion_negocio,Productos y servicios para el embellecimiento de motos,1
descripcion_negocio,"tratamiento para el cabello, hidratación, Keratina, aminoácido, etc",1
descripcion_negocio,Se trata de prestaciones de servicio en instalación eléctrica residencialcomercial y industrial,1
descripcion_negocio,Pan galletas mantecadaz pasta etc,1
descripcion_negocio,Software para puntos de venta,1
descripcion_negocio,somos un Studio de makeup enfocado en pestañas y cursos de lo mismo,1
descripcion_negocio,"Puertas de seguridad, cortinas, chimeneas, modulares, divisiones de baño",1
descripcion_negocio,Venta de acceso y calzado al por mayor y al dental,1
descripcion_negocio,"Vendemos fajas de yeso 
Papadas
Cinturillas 
Chalecos
Y para piernas",1
descripcion_negocio,Dotaciones industriales,1
descripcion_negocio,"Vendemos todo lo relacionado con papelería, útiles escolares, navidad, jugueteria, cosas para el hogar",1
descripcion_negocio,Comidas Rapidas,1
descripcion_negocio,"Deditos, comidas de todo tipo, quibbes",1
descripcion_negocio,"Empanada, pasteles de pollo, arepas de huevo",1
descripcion_negocio,Presto servicio de mantenimiento e instalación de equipos de seguridad electrónica,1
descripcion_negocio,Tienda con atencion al cliente venta de productos de la canasta familiar a buen precio,1
descripcion_negocio,Somos fabricantes de mobiliario de línea hogar como cocinas closets y puertas entre otros,1
descripcion_negocio,Mi negocio  es una miselanea  vendo de todo un poquito  quiero  engrandecer gracias  a Dios  m va bien y ojalá  pueda obtener  un crédito  cn ustedes,1
descripcion_negocio,confección de prendas Femeninas,1
descripcion_negocio,Corriente sancochos arepas asadas,1
descripcion_negocio,Comprá y ventA de chatara,1
descripcion_negocio,Lavado de autos y comidas,1
descripcion_negocio,"Cerveza 
Gaseosas
Licor
Comidas rápidas
Paqueteria
Papel higiénico
Dulceria
Etc",1
descripcion_negocio,"Copias, impresiones",1
descripcion_negocio,Embutidos gourmet,1
descripcion_negocio,Bar Cigarreria Bar y Licores,1
descripcion_negocio,Venta de todo tipo de productos para el aseo hogar,1
descripcion_negocio,Mi negocio se especializa en micheladas de soda en sabores tropicales,1
descripcion_negocio,"Productos personalizados 
Decoración de fiestas
Tortas
Pendones
Volantes
Tarjetas de presentación 
Tarjeta de invitación 
Tazas personalizadas
Camisetas estampadas 
Y otros",1
descripcion_negocio,Tengo servicio técnico de maquinas,1
descripcion_negocio,"Confecciones de cubrelechos , ropa cabelleros y dama , cogines , muñeca de trapo , cortinas , sábanas , cenefas y artesanías de cuadros para el hogar",1
descripcion_negocio,"Accesorios para Celular por mayor, películas, memorias con música",1
descripcion_negocio,Mis servicios es lavar y planchar a los conductores del sector buses intermunicipal,1
descripcion_negocio,Es una tienda De barrio,1
descripcion_negocio,Soy la tornero pintor carros y motos,1
descripcion_negocio,Realizamos decoración en foami,1
descripcion_negocio,Muebles de cocina y gloset,1
descripcion_negocio,Fabrico carpeta industrial,1
descripcion_negocio,"Muebles para el hogar, también se hacen retapizados",1
descripcion_negocio,Hago remodelaciones de viviendas,1
descripcion_negocio,Venta de zapatos y bolsos virtual,1
descripcion_negocio,Ornamentación fabricación,1
descripcion_negocio,BANANO FRESCO TIPO EXPORTACIÓN Pequeños productores de banano peprobanurcoop,1
descripcion_negocio,Prestó el servicio de Asesoría de tareas y refuerzo escolar hasta 3 grado de primaria,1
descripcion_negocio,"Trabajo con ropa deportiva y manejo pedido por unidades o al x mayor 
Saco molderia, muestras físicas para bodegas y producciones",1
descripcion_negocio,Licor mekato cigarrillos gaseosas verduras y el pensado es meterle grano también,1
descripcion_negocio,Almuerzo,1
descripcion_negocio,Todo lo relacionado con festejos,1
descripcion_negocio,Mi negocio es de fritanga y chusos,1
descripcion_negocio,Hamchetas detalles sorpresas postres buñuelos,1
descripcion_negocio,"Vendo variedad, colores entre  ropa, zapatos cremas de cuerpo perfumes etc",1
descripcion_negocio,"Miscelanea
Papelería en general
Abarrotes arroz, canela aceite jabones moños  perfumes etc",1
descripcion_negocio,Accesorios para motos y bicicletas,1
descripcion_negocio,"Lociones, cremas, maquillajes Yo manejo catálogos, pero no tengo local, ya tengo mi clientela",1
descripcion_negocio,Productos Eroticos,1
descripcion_negocio,Obleas y solteritas,1
descripcion_negocio,Bebidas naturales a base de guanabana,1
descripcion_negocio,Muebles de salas y camas y comedores y otros,1
descripcion_negocio,Repisas de madera soportes para cascos de motos organizador de cocina en madera con  instalación incluida,1
descripcion_negocio,"Huevos, lácteos",1
descripcion_negocio,Tolvas para trituración de carbón,1
descripcion_negocio,Es una Barbería,1
descripcion_negocio,"Venta de cervezas por canastas, cavas",1
descripcion_negocio,Vendo hayacas,1
descripcion_negocio,VENTA DE REPUESTOS,1
descripcion_negocio,Mangos al por mayor,1
descripcion_negocio,Yo soy técnico en seguridad electrónica instaló y vendo cámaras de seguridad,1
descripcion_negocio,"Presto servicios de internet, llamadas nacionales, internacionales, venta de producto cosmético, papelería y otros",1
descripcion_negocio,Control de plagas,1
descripcion_negocio,Servicios publicitarios activaciones de marcas y perifoneo,1
descripcion_negocio,Ropa  Sábanas  Ropa de cosina Vestidos de novia Vestidos de 15 años,1
descripcion_negocio,Vendo pollos principal mente,1
descripcion_negocio,Vendo huevos de gallina purina y criolla 100% de campo,1
descripcion_negocio,"Tengo una distribuidora de tamales, le vendo a restaurantes, panaderías y ventas al detal",1
descripcion_negocio,Reparación de llantas pinchadas,1
descripcion_negocio,Tengo una tienda de abarrotes y bebidas,1
descripcion_negocio,"Cuidado de belleza , piel , cabello ,",1
descripcion_negocio,"Todo para uñas, para uñas en acrílico, gel , polygel etc Ventas x mayor de productos cosmético",1
descripcion_negocio,Calzado de todo tipo,1
descripcion_negocio,Vendo ropa zapatos sandalias maquillaje,1
descripcion_negocio,Es una sala De belleza,1
descripcion_negocio,"Vendo alimentos, como 3mpsnadas arepas bebidas calientes paquetes dulces etc",1
descripcion_negocio,Vendo splas,1
descripcion_negocio,"Comidas rápidas, micheladas, malteadas, frappé, mangadas, cerezadas",1
descripcion_negocio,Calzado botas de dama,1
descripcion_negocio,"Bar y Licores,gaseosa cigarrillos ,papás ,agua ,sodas etc",1
descripcion_negocio,"Productos de panadería y repostería como panes, tortas, postres",1
descripcion_negocio,"En el restaurante vendo almuerzos, pollo asado , presas de pollo Maduros dedos de queso empanadas sancochos consomes papá rellenas papás aborrajadas",1
descripcion_negocio,Papelería,1
descripcion_negocio,Realizo vente de tamales,1
descripcion_negocio,yuca y queso Yo traigo yuca queso de  otros  pueblos y vendo en mu casa,1
descripcion_negocio,Compro lana la proceso y la vendo para Tejidos,1
descripcion_negocio,"Mecatos y gaseosas, viveres",1
descripcion_negocio,Carne,1
descripcion_negocio,Sublimamos y estampados de diferentes productos,1
descripcion_negocio,La terrazita,1
descripcion_negocio,Desayunos  almuerzos y cena,1
descripcion_negocio,Comida rápida y ensalada de frutas,1
descripcion_negocio,Tinto Café con leche Chocolate Aromáticas Pan Cigarros,1
descripcion_negocio,Presto servicio de bodegaje madrugon,1
descripcion_negocio,Vendo repuestos para motos,1
descripcion_negocio,Comida rápida y bebidas,1
descripcion_negocio,Vebfo ensaladas preparadas,1
descripcion_negocio,"Arros, aceite, cuchillas de afeitar, hielo, dulces  escobas, traperos, Pan ,mantequilla,gaseosas,toallas higienicas,azucar agua, clorox, nostars, ibuprofeno, naproceno, ariana de trigo, arina de maiz, mayosenaa, salsa de tomate Cafe, huevos, chiotos, chaumpu, colgate puro jabo, axion lava losa, yodira, konzil, papel iginico, vip vapuru, detergente en polvo 3d,",1
descripcion_negocio,Se confecciona toda clase de ropa,1
descripcion_negocio,Confección de prendas de vestir,1
descripcion_negocio,Vendo chorizos empacados al vacío,1
descripcion_negocio,bebidas cervezas nacionales,1
descripcion_negocio,"Todo lo relacionado con belleza, mechas, keratina, balayage, cortes, maquillaje, rejuvenecimiento facial",1
descripcion_negocio,Hago diferentes diseños e impresión como tarjetas almanaques y toda clase de papelería,1
descripcion_negocio,Confeccionó ropa de dama y caballeros,1
descripcion_negocio,Rejuvenecimiento facial y corporal a nivel genético,1
descripcion_negocio,"Fabricamos pantalones, camisas, sudaderas, Bolsos y pajaras para recolectar aguacate y frutas",1
descripcion_negocio,Empanada y fritos,1
descripcion_negocio,venta de bebidas refrescantes y embriagantes,1
descripcion_negocio,Toda clase de Acabados Venta e instalación,1
descripcion_negocio,Ropa interior trabajo manualidades en casa,1
descripcion_negocio,Vendo Almuerzos y desayunos desde mi casa es decir a domicilio,1
descripcion_negocio,Almacen de ropa y accesorios para dama,1
descripcion_negocio,Comertible cerbeza y ropa,1
descripcion_negocio,Vendo cervezas por unida y por caja,1
descripcion_negocio,Hago cerámicas Virgenes y alcancías,1
descripcion_negocio,Lavado de muebles,1
descripcion_negocio,Galleteria para heladerias,1
descripcion_negocio,Se hacen trabajos en aluminio,1
descripcion_negocio,Trabajos de obra blanca en contruccion,1
descripcion_negocio,Anchetas y desayunos sorpresa,1
descripcion_negocio,Gaseosas Glasial Botellas De aguas Jugos de cajas,1
descripcion_negocio,Acessórios para celulares,1
descripcion_negocio,reparación de aparatos electrónicos,1
descripcion_negocio,"Terminados en madera vidrio y aluminio 
Puertas closeths cocinas integrales etc",1
descripcion_negocio,Restaurante de comida Oriental especialista en sushi arroz al wok tallarines fideos entre otros mas,1
descripcion_negocio,Pasabocas postress para,1
descripcion_negocio,Vendo pasteles de papas alitas apanadas pinchos chorizos patacones gaseosa y preparada,1
descripcion_negocio,"Baul rosa es una tienda virtual dedidacada a la veta de accesorios artesanales, personalizados y a la venta de oro laminado",1
descripcion_negocio,Bolso y calzado,1
descripcion_negocio,Tienda barbas,1
descripcion_negocio,Dotación industrial ropa de trabajo,1
descripcion_negocio,"Salsa caseras chimichurri guacamoles, aji, pasta de ajo , encurtidos

Sangrías , cremas de whisky artesanales",1
descripcion_negocio,Artículos de madera y todo lo relacionado con carpinteria,1
descripcion_negocio,"Vendo abarrotes,helados bebidas y además plataforma de recargas !!",1
descripcion_negocio,Confecciono tejido plano,1
descripcion_negocio,Hacemso reparaciones istalaciones mantenimiento se aires neveras labadoras ny suministro de repuestos,1
descripcion_negocio,Pollo crudo,1
descripcion_negocio,Producimos lechuga hidropónica,1
descripcion_negocio,Fabricación de batas quirúrgicas todo lo relacionado con productos médico quirurgicos,1
descripcion_negocio,Vendo figuras decorativas y fabricación de mobiliario,1
descripcion_negocio,Carbón,1
descripcion_negocio,"Papelería,piñateria, artículos de belleza, variedades en general",1
descripcion_negocio,Vende aromáticas de frutos secos a diferentes cafés de la ciudad,1
descripcion_negocio,Alimentos preparados a la mesa y domicilio,1
descripcion_negocio,Toda clase de fritos y chicas,1
descripcion_negocio,"Dulcería, paquetería, usó personal, empanadas, papas y pasteles",1
descripcion_negocio,Dulcería y Bar y Licores,1
descripcion_negocio,Y es pizzería tambien,1
descripcion_negocio,Zapatillas por encargo Página virtual,1
descripcion_negocio,Catálogo de variedades,1
descripcion_negocio,Cyf,1
descripcion_negocio,"Bolsos, tapetes, canastos y accesorios tejidos a mano en Trapillo y técnica Crochet",1
descripcion_negocio,Somos hamburguesas artesanales,1
descripcion_negocio,"Dulces
Aretes o bisuteria
Corresponsal bancolombia 
Medias y pijamas",1
descripcion_negocio,"Empecé con lo básico accesorios para PVC, tornillos cables, cemento pinturas y lo demás para ferretería y construcción",1
descripcion_negocio,Tengo un puesto de comidas rápidas y vendo arroz de leche a domicilio también,1
descripcion_negocio,Chaquetas,1
descripcion_negocio,Indumentaria para motociclista,1
descripcion_negocio,Fabricó ropa,1
descripcion_negocio,"Ropa,calzado y artesanias",1
descripcion_negocio,Repuestos eléctricos para vehículo,1
descripcion_negocio,"Tecnologías celulares , computadoras, accesorios, servicio técnico",1
descripcion_negocio,desayunos y almuerzo especialidad en mariscos,1
descripcion_negocio,Empresa de mensajería domicilios y más,1
descripcion_negocio,Utensilios de cocina  y hogar,1
descripcion_negocio,Tamales y capones navideños,1
descripcion_negocio,"Es un salón de uñas 
Se ofrece servicio de manicure y pedicure",1
descripcion_negocio,"Mi negocio es de comida italiana tipo pastas, sandwiches italianos, burritos, pizzas",1
descripcion_negocio,"Soy estilista y nails art , arreglo cabello uñas en todo lo relacionado con la belleza",1
descripcion_negocio,"Cerveza, cigarros,paquetes,agua gaseosa tinto",1
descripcion_negocio,Vendo pijamas para damas y niños,1
descripcion_negocio,Celulares y asesorios de teléfono,1
descripcion_negocio,Lavarropas  para apartamentos,1
descripcion_negocio,"Maquillaje
Ropa
Articulos para el hogar",1
descripcion_negocio,Creamos y fabricamos mueblespara el hogar,1
descripcion_negocio,Papelería dulceria útiles escolares y entre otros,1
descripcion_negocio,Vendo postres y salpicones,1
descripcion_negocio,Tienda de barrio y serigrafía,1
descripcion_negocio,Ventamas,1
descripcion_negocio,Todo lo relacionado con la demarcacion vial,1
descripcion_negocio,Soy independiente,1
descripcion_negocio,Muebles en madera,1
descripcion_negocio,"Vendo galletas,bombones ,chocolatinas,bocadillos etc,bolsas para la basura,velitas de incienso",1
descripcion_negocio,Instacion cielos Razos y decoración en yeso,1
descripcion_negocio,Prendedores y hebillas,1
descripcion_negocio,Presto servicios de mecánica automotriz reparación de motores servicios en general,1
descripcion_negocio,Se venden arepas rellenas de queso y trandicionales,1
descripcion_negocio,Repuestos electrónicos y reparación de electrodomésticos,1
descripcion_negocio,Reparo motos,1
descripcion_negocio,Deditos postres,1
descripcion_negocio,Venta y reparación de todo tipo de calzado,1
descripcion_negocio,Vendo neveras y lavadoras de segunda y servicios técnicos a domicilio,1
descripcion_negocio,Confecciones de pantalones para empresas de seguridad,1
descripcion_negocio,Vidrios y ventanas en aluminio,1
descripcion_negocio,Fabricación de calzado para dama y niñas,1
descripcion_negocio,Comidas rápidas y almuerzo  ejecutivo,1
descripcion_negocio,Vendo y cinfecviono ropa,1
descripcion_negocio,Vendo batidos de borojo con potencializado res y vitaminas,1
descripcion_negocio,Ropa usada por Internet,1
descripcion_negocio,Soy estilista integral y tengo mi negocio hace 18 años en el cual se hace todo lo relacionado con cortes uñas y demas,1
descripcion_negocio,Plantas Tipo vivero,1
descripcion_negocio,Reparación automotriz,1
descripcion_negocio,Se lavan y detallan toda clase de automóviles,1
descripcion_negocio,Tenis,1
descripcion_negocio,Productos dermatologicos bajo prescripción médica en alianza con laboratorios de certificación BPE en Colombia,1
descripcion_negocio,Productos capilares y de belleza,1
descripcion_negocio,"Cordones,plantillas y paraguas",1
descripcion_negocio,Prestó el servicio de mantenimiento y reparación de equipos de refrigeración y Lavadoras,1
descripcion_negocio,"No vendemos productos, somos un Call Center de cobranzas",1
descripcion_negocio,Prendas personalizadas,1
descripcion_negocio,Comidas rápidas típicas de la región caribe,1
descripcion_negocio,Productos ropa,1
descripcion_negocio,Arepas con queso asadas y por paquetes de 5 a domicilio,1
descripcion_negocio,Enpanadas chorizos arepas gaseosa masato y mas,1
descripcion_negocio,Heladeria y juegos infantiles,1
descripcion_negocio,Se venden helados,1
descripcion_negocio,"Suplementos deportivos ñ, proteínas, quemadores, reductora, suplementacion inmune para pacientes oncológicos",1
descripcion_negocio,"Gaseosas, dulces ,pan y abarrotes",1
descripcion_negocio,Vendemos todo los relacionado con desyunos almuerzo y comidas rápidas,1
descripcion_negocio,Joyas,1
descripcion_negocio,Plasticos y desechables,1
descripcion_negocio,"Vendo verduras,frutas",1
descripcion_negocio,"Producimos, empanadas, arepas de huevo, arepas rellenas, arepas trifasicas, papas, patacon y jugos naturales",1
descripcion_negocio,Compra venta y reparación de motos y bicicletas eléctricas,1
descripcion_negocio,Comerciante y transporte,1
descripcion_negocio,"Confesión textil de chaquetas en paño, impermeable, jean y cuerina",1
descripcion_negocio,Modisteria,1
descripcion_negocio,"Se vende tinto, agua aromatica, cigarrillos y demas golosinas en inmediaciones del peaje de tuta- boyaca",1
descripcion_negocio,Ropa deportiva para caballero,1
descripcion_negocio,"Tienda virtual de ropa calzado, bolsos  y accesorios de dama y niña",1
descripcion_negocio,Manualidades navideñas hechas en máquina y a mano,1
descripcion_negocio,Confecciones y modistería,1
descripcion_negocio,Prendas y productos de belleza,1
descripcion_negocio,Artesanias manualidades,1
descripcion_negocio,Salchipapaa  Chuzos  Empanada Butifarra,1
descripcion_negocio,Pasteles costeño,1
descripcion_negocio,Realizo manicure  pedicura uñas acrílico y keratinas,1
descripcion_negocio,Ofrezco mis servicios para realizar todo tipo de trabajo en construcción y remodelación de vivienda,1
descripcion_negocio,Ofrezco servicios de enfermería cuidado del adulto mayor,1
descripcion_negocio,Repuestos todo lo q tenga q ver con carro,1
descripcion_negocio,Somos un emprendimiento que se dedica a la confección de todo tipo de prendas en lana,1
descripcion_negocio,Somos una empresa dedicada a prestar servicios de enfermería en las domicilios,1
descripcion_negocio,Hacemos keratinas y todo lo relacionado con belleza,1
descripcion_negocio,Soy tatuadora vendo arte,1
descripcion_negocio,Purina para toda clase de animales,1
descripcion_negocio,Comida palos de queso emoenadas avena cubana,1
descripcion_negocio,Gaseosas pan desayunos golosinas,1
descripcion_negocio,Tapetes para sala alcoba comedor,1
descripcion_negocio,"Vendo  ropa confeccionada en un taller que pago por prendas y compro en almacenes al mayor como bocato,estampó y bordo uniforme a empresas como relax y l y h distribuciones e iglesiasconfeccionó toda clase de prendas de vestir",1
descripcion_negocio,Salchipapa perros anburguesa,1
descripcion_negocio,Pan cigarrillos algo de abarrotes,1
descripcion_negocio,"Gafas, pulseras, gorras, manillas",1
descripcion_negocio,"Empadas,papas rellenas Arepas desayunos tintos ,aromáticas,café en leche chocó listo,leche yotros",1
descripcion_negocio,Cable bonbillos reguladores todo lo relacionado con automotris,1
descripcion_negocio,Telas y espumas para fabricantes de muebles,1
descripcion_negocio,"Zapatos de niño 
  Hombre y
  Dama deportivo",1
descripcion_negocio,Nosotros hacemos tamales en la casa nos vendemos por encargo desde el día miércoles nosotros los ofrecemos y los entregamos el día domingo,1
descripcion_negocio,Mantenimiento automotriz,1
descripcion_negocio,"Mantenimiento de estructura de trailer, suspensión, alargues, modificaciones y quintaruedas",1
descripcion_negocio,Fabrico galletas para mascotas,1
descripcion_negocio,"es una pañalera, todo lo relacionado para el cuidado de tu bebé",1
descripcion_negocio,"Productos para adultos sexshop lenceria, jugueteria y lubricantes",1
descripcion_negocio,"Tengo una peluquería  integral donde se hace cabello, maniqure,pedicure, cejas ,pestañas ,depilación etc",1
descripcion_negocio,"Variedades,útiles escolares,recargas a celulares,cuentas de Netflix",1
descripcion_negocio,Accesorios aretes niñas ganchos papel regalo peluches detalles relogeria perfumes entre otras cosas,1
descripcion_negocio,"Empanadas, sandwich perro caliente hamburguesas salchipapas jugos naturales jugos gaseosa tinto aromatica café con leche",1
descripcion_negocio,Hago montajes de paredes flotantes en madera,1
descripcion_negocio,Colchones salas y comedores porcatalogoy adomicilio,1
descripcion_negocio,Es una negocio mediano con inyección de ampliación y aunque es pequeño vendo mucho todo lo relacionado con cerveza y Bar y Licores,1
descripcion_negocio,Hago uñas acricas y quiropedia lo estudie hace 10 años y medio para pagar la universidad y ahora otravez lo tengo y decoro fiestas y hago bufés,1
descripcion_negocio,"Tinto,perico,aromática,pan,tortas,huevos cocinados y jugo de naranja",1
descripcion_negocio,"Yo vendo publicidad, avisos, murales, venta de cuadros",1
descripcion_negocio,Todo lo relacionado con Bar y Licores,1
descripcion_negocio,Desayunos almuerzo platis especiales,1
descripcion_negocio,"Accesorios jyl es un negocio que tenemos mi esposo Juan y mi persona, virtual dónde comercializamos accesorios, ropa, pijamas etc",1
descripcion_negocio,Hamburguesas y arroces en la tarde,1
descripcion_negocio,"Son pañaleras multifuncionales para bebe es decir una pañalera te sirve como chaleco pañalera y canguro de bebé, ahora estamos en la fase de desarrollo puesto que aún se está desarrollando el prototipo que quede completamente perfecto para poder sacar el lote de producción, más que todo se ha creado una página web, que actualmente se debe volver a comprar y se han desarrollado varios prototipos funcionales que aún se deben corregir y mandar a realizar uno nuevo, también iniciar los trámites para ejecutar una patente de innovación ya que es un producto que no existe en el mercado actualmente, con estás funcionalidades específicas y este proceso de patentar también tiene un costo",1
descripcion_negocio,Se venden tortas cheskake postres obleas colombianas de chocolates,1
descripcion_negocio,"Venta al por menor de tornilleria en general y herramienta manual, electrica",1
descripcion_negocio,"Productos comestibles  gaseosas, tinto, jugos, paquetes, Bar y Licores y papeleria",1
descripcion_negocio,Vendemos Bar y Licores cerveza gaseasas mecatos dulce y tambien tengo una micelanea y papeleria,1
descripcion_negocio,Celulares computadores,1
descripcion_negocio,Prestamos servicio de limpieza de muebles colchones alfombras a domicilio,1
descripcion_negocio,Es satélite confecciones,1
descripcion_negocio,Venta de Cerveza y Refrescos,1
descripcion_negocio,"Vendo desayunos , almuerzos , jugos, fritos",1
descripcion_negocio,"Vendo maquillaje y  alas alumnas , compañeros de trabajo y bisutería",1
descripcion_negocio,Venta de insumos de alcohol mal detal,1
descripcion_negocio,Vendo accesorios de celulares mi nutos recargas,1
descripcion_negocio,Todo lo relacionado con papelerÃ­a,1
descripcion_negocio,Fotocopias se hace documentos fotos etc,1
descripcion_negocio,Diseños de lámparas con led de colores y impresión 3d,1
descripcion_negocio,Vendo verduras y frutas al menudeo,1
descripcion_negocio,Es vaselina anestesica con propiedades cicatrizantes para el proceso del tatuaje,1
descripcion_negocio,Arepas rellenas empanadas y comidas rapidas,1
descripcion_negocio,"Comercialización de prendas de vestir, calzado y accesorios",1
descripcion_negocio,Realizó domicilios de peluquería dentro y fuera del sector,1
descripcion_negocio,Celulares computadoras accesorios para celulares,1
descripcion_negocio,"Venta de Bar y Licores, cervezas, mekatos, cigarrillos, bebidas energízantes, gaseosas etc",1
descripcion_negocio,"Bueno comercializamos artículos de tecnología, y celulares, también accesorios y juegos de consolas de videojuegos",1
descripcion_negocio,Barcos en boteyasn sueteres estanpados imas,1
descripcion_negocio,Repuestos eléctricos de carro,1
descripcion_negocio,Perfumería relojes,1
descripcion_negocio,Cerveza licor cigarrilos,1
descripcion_negocio,Gelatina de pata,1
descripcion_negocio,Hago zapatos para almacenes,1
descripcion_negocio,"Mantenimiento de generadores ,motores , transformadores , máquinas de soldar ,servicio eléctrico y electronico",1
descripcion_negocio,Calzado camisetas jeans bermudas todo importado,1
descripcion_negocio,Relizo uñas acrilicas esculpidas semipermantes manicuir pericuir entre otros,1
descripcion_negocio,Cerdo,1
descripcion_negocio,Enfermería domicilio y curación de heridas,1
descripcion_negocio,Hago tortas personalizadas y tengo ruta de fritos en tiendas aparte hacemos lasañas panes postres bueno trabajo en todo lo que es gastronomía,1
descripcion_negocio,Gatorade,1
descripcion_negocio,Reparación y mantenimiento venta de repuestos para motocicletas,1
descripcion_negocio,Bueno compro calzado de todo tipo ya sea dama caballero niños al por mayor y yo revendo,1
descripcion_negocio,Lencería Hogar Juegos de cama y todo lo relacionado,1
descripcion_negocio,Venta De Medicamento Y Variedades,1
descripcion_negocio,"Vendo ropa y calzado femenino, algunas prendas masculinas",1
descripcion_negocio,Aguacates al mayor y detal,1
descripcion_negocio,Comercialización de zapatos deportivo y repostería,1
descripcion_negocio,"Venta de ropa, calzado y accesorios atravez de redes sociales y página web",1
descripcion_negocio,Juguetes,1
descripcion_negocio,Hacemos toda clase de llaves para casa carro y mantenimiento cambio de guardas y venta de cerraduras,1
descripcion_negocio,Keratinas cepilladosmanicurepedicuredepilacionmaquillajepeinado,1
descripcion_negocio,Soy chef profesional vendo comidas almuerzos tipo gourmet y se hace comidas  para todo tipo d eventos sociales,1
descripcion_negocio,Vendo variedades de alimentos de diferentes empresas yo soy distribucion,1
descripcion_negocio,"Calzado de Bata, ropa y accesorios",1
descripcion_negocio,"Es un restaurante de comida saludable, donde ofrecemos todos los dias un menú distinto junto con una carta de comida rápida pero saludable, es decir un estilo vegetariano",1
descripcion_negocio,"Tintos,pasteles Empanadas Confitería etc",1
descripcion_negocio,Fabricacion satélite de prendas varias,1
descripcion_negocio,Punto de recarga y venta de minutos,1
descripcion_negocio,Carcasas telefonoaudifonos etc,1
descripcion_negocio,Es  independiente  de venta  de  ropa Rioa  oara  mujer,1
descripcion_negocio,Sancochos bandejas como carne pollo pescado entre otras,1
descripcion_negocio,Carteras,1
descripcion_negocio,"Fabricación y suministro de carpintería comoncounas integrales, closer ,puertas , centro de entretenimiento",1
descripcion_negocio,Muebles y objetos,1
descripcion_negocio,Venta de queso bollos suero al detal,1
descripcion_negocio,"Fabricamos productos para embalaje: vinipel, cartón corrugado , zuncho, grapa ,cintas",1
descripcion_negocio,"Sacos ,,medias ,,zapatos y juguetes para perritos",1
descripcion_negocio,"Fabrico bolsas ecológicas publicitarias,ponchos y hamacas",1
descripcion_negocio,Gaseosas jugis paquete cafe tinto perico capuchino empanadas,1
descripcion_negocio,"Minutos a celular,llamadas internacionales,internet",1
descripcion_negocio,Huevos al mayor y detal,1
descripcion_negocio,"Ropa SPORT y deportiva , uniformes y dotaciones",1
descripcion_negocio,Venta de pan por paquetes,1
descripcion_negocio,Todo lo de construcion,1
descripcion_negocio,Ropa en todas las ocasiones bisutería calzado ropa interior,1
descripcion_negocio,"Ferreteria en general, tornillería y electricos 110v",1
descripcion_negocio,"Servicios de producción audiovisual, vídeo y fotografía",1
descripcion_negocio,Pijamas familiares,1
descripcion_negocio,"Vendo todo tipo de eventos familiares 
 quince años, bodas, aniversarios y empresariales",1
descripcion_negocio,Somos un consultorio odontologíco se presta el servicio odontológico,1
descripcion_negocio,Vendo celulares a crédito con facilidades de pago,1
descripcion_negocio,Arreglamos cualquier tipo de prenda y confeccionamos también,1
descripcion_negocio,"Alimentos preparados para eventos, refrigerios,productos de pasteleríacasi que todo en el área gastronómica, dependiendo de la solicitud del cliente",1
descripcion_negocio,Venta de pescado,1
descripcion_negocio,Tecnología,1
descripcion_negocio,Todo tipo de corte peinados y manicure,1
descripcion_negocio,Papelería en general tarjetas de presentación facturas volantes pendones avisos luminoso almanaques,1
descripcion_negocio,"Billar juegos, licor",1
descripcion_negocio,Shampoo acondicionador crema de manos lociones aseo personal,1
descripcion_negocio,Cerveza y mekato,1
descripcion_negocio,Venta y fabricación de ventana y puerta,1
descripcion_negocio,Tiene todo que ver con comidas de mar y bebidas alcohólicas y no alcohólicas,1
descripcion_negocio,Vendo sandalias al por mayor y adetal,1
descripcion_negocio,"Accesorios celular ,impresiones , productos aseo , de belleza  , bafles , celulares nuevos y usados",1
descripcion_negocio,Productos para mascotas,1
descripcion_negocio,Batidos verdes jugos naturales batidos con vitaminas y proteínas pastelitos horneados,1
descripcion_negocio,Fritospastelespostresjugos,1
descripcion_negocio,"Diseño, confección y clinica de ropa",1
descripcion_negocio,Vendo ropa  calzado  comidas  y trabajo con royal prestich,1
descripcion_negocio,"Elaboración de bolsos con la técnica de crochet y macramé utilizas herrajes de acero inoxidable y excelente calidad , también utilizamos hilos macramé ,fibra de arroz ,fique,yute, trapillo pluma,cuero para así innovar en cada producto",1
descripcion_negocio,Venta de productos varios y maquilaje,1
descripcion_negocio,"Ofrecemos, salud, moda y belleza al estilo de cada persona",1
descripcion_negocio,Preparación de comidas para eventos y fines de semana,1
descripcion_negocio,peluqueria y uñas,1
descripcion_negocio,Comidas y refrescos,1
descripcion_negocio,"Fritos, Empanadas, Papas, Arepas",1
descripcion_negocio,"Arroz, aceite,huevos, útiles de aseo",1
descripcion_negocio,Venta de Ropa y Calzado y comida,1
descripcion_negocio,"Manejo productos de belleza, papeleria variada, detalles por encargo, recargas, impresiones-fotocopias, iniciando con ropa y calzado",1
descripcion_negocio,Asadero de pollos,1
descripcion_negocio,Lo manejo virtual,1
descripcion_negocio,"Tratamientos de estetica corporal y facial, arreglo de unas",1
descripcion_negocio,Soy satélite,1
descripcion_negocio,"Bar y Licores , cervezas, jugos,paquetes",1
descripcion_negocio,Desayunos y detalles sorpresa,1
descripcion_negocio,Comercializó estantería para bodegas,1
descripcion_negocio,Ropa calzado perfumería papelería,1
descripcion_negocio,Es arrendando,1
descripcion_negocio,De todo en la materia yo lecomente empanadas buñuelos dulceria todo lo de greca,1
descripcion_negocio,"Realizo decoración  de fiestas toda ocasión , anchetas sorpresas , desayunos sorpresas  , invitaciones digitales",1
descripcion_negocio,Vendo gaseosas tinto cigarrillo empanadas,1
descripcion_negocio,Construcción y acabados de casas y apartamentos,1
descripcion_negocio,"Regalos, papelería, juguetes y piñateria",1
descripcion_negocio,Almuerzos a Domicilio,1
descripcion_negocio,"Gaseosas,jugos,arroz leche, paquete pasas,chocoramo",1
descripcion_negocio,Vendo un kit de productos capilares que consta de un shampoo de 300g un tratamiento de 500g y un Tonico de 150g,1
descripcion_negocio,Prestamos servicio de mantenimiento preventivos y correctivos de aires y neveras,1
descripcion_negocio,Ropa para hombre,1
descripcion_negocio,Servicio al cliente,1
descripcion_negocio,"Keratinas,tratamientos capilares y préstamos el servicio de peluquería tanto para damas,caballeros y niños",1
descripcion_negocio,"Realizamos cualquier tipo de arreglo de uñas en manos y pies, acrílicas, poligel, básicas etc además cejas y pestañas",1
descripcion_negocio,Perros calientes hamburguesas picadas pinchos,1
descripcion_negocio,Servicios de fisioterapia a domicilioa y venta de postres,1
descripcion_negocio,Pitahaya y granadilla,1
descripcion_negocio,Venta de frutas verduras granos y leche,1
descripcion_negocio,"Cigarrillo, jugos galletas dulces y minutos",1
descripcion_negocio,Almuerzos y desayunos,1
descripcion_negocio,"Vendo productos en madera para la decoración y el hogar en general, hacemos cocinas, closets, baños, camas, sillas, todo lo relacionado con madera",1
descripcion_negocio,Materiales para construir,1
descripcion_negocio,Bar y Licores importados y cervecería,1
descripcion_negocio,Almuerzos y comidas especiales para eventos,1
descripcion_negocio,Vendemos todo lo relacionado a comidas rápidas,1
descripcion_negocio,"Papel fotográfico, todo lo que sea personalizado, mugs,camisetas, gorras, lienzos",1
descripcion_negocio,"Vendo empanadas y comida especial para eventos según   la necesidad del cliente ,  es puesto ambulante  y se realiza desde la cocina de mi apartamento",1
descripcion_negocio,Producción de huevo y carne de pollo,1
descripcion_negocio,Elaboracion de Puerta y ventanas,1
descripcion_negocio,Fabricamos sudaderas tipo yoguer y camuflados para niños,1
descripcion_negocio,Bar y Licores entretenimiento ambiente familiar snacks,1
descripcion_negocio,Servicio de mesa de billar y venta de Bar y Licoress,1
descripcion_negocio,"Papelería colegios y oficinas, regalos, decoración y recargas y apuestas en linea",1
descripcion_negocio,Cuadernos,1
descripcion_negocio,Hacemos puertos ventanas rejas estructuras,1
descripcion_negocio,"Servicio técnico celular
Ventas por mayor y al fetal
Pantallas
Pacha
Display
Accesorios para celular",1
descripcion_negocio,Vendo desayunos juegos naturales almuerzos y fritos,1
descripcion_negocio,Restaurante de comidas preparadas de mar,1
descripcion_negocio,"Blower ,keratinas, aminoácidos,tintes",1
descripcion_negocio,Es una mini papelería dentro de mi apartamento en un conjunto residencial,1
descripcion_negocio,"Refrescos ,gaseosas ,panes y postres",1
descripcion_negocio,"Confecciono ropa de fiesta y vendo directamente para matrimonio, bautizo y primera comunión",1
descripcion_negocio,Ropa accesorios zapatos toallas,1
descripcion_negocio,Soy artista tattoo y perforadora tengo un local de tatuajes y body piercieng,1
descripcion_negocio,Tengo venta de gaseosas       Hielos bolis                              Mecatos                                        Y utililes escolares,1
descripcion_negocio,Vendo gas propano a domicilio,1
descripcion_negocio,"Mi negocio es de ventas de calzado , tenis al por mayor y fetal !",1
descripcion_negocio,Ventas de comidas desayunos almuerzos,1
descripcion_negocio,Reparación y mantenimiento de electrodomésticos,1
descripcion_negocio,Studio de Tatuajes y piercing,1
descripcion_negocio,Es un negocio pequeño que comenzó en el 2014 con una olla de sopa y ya ahora vendemos almuerzos ejecutivos,1
descripcion_negocio,Bueno hago sol presas para cumpleaños bautizó comunión desyuno y decoración etc,1
descripcion_negocio,Construyo equipo cargador de baterías a 110 / par cargar baterías para carros y motos de 12 a 2r voltios,1
descripcion_negocio,"Es una tienda de ropa femenina, tambien tenemos linea de maquillaje y perfumería",1
descripcion_negocio,Productos o cultivos transitorios en especial aji tipo chili y rocotto,1
descripcion_negocio,Uña Tienda de barrio víveres abarrotes verdura t Cerveza,1
descripcion_negocio,Seguridad industrial,1
descripcion_negocio,Sales marinas exfoliantes para el cuerpo sirve para estresa y tensión,1
descripcion_negocio,Calibración de equipos biomédicos,1
descripcion_negocio,Ofrezco un servicio,1
descripcion_negocio,"Elaboramos productos en madera. Muebles. Closet, camas, gabinetes para cocinas.",1
descripcion_negocio,Aire acondicionado,1
descripcion_negocio,Benta de serbesa  y fritos,1
descripcion_negocio,Servicio de soldadura  y mantenimiento,1
descripcion_negocio,Aparatos electrónicos,1
descripcion_negocio,Gaseosa  huevos  mercados,1
descripcion_negocio,Panes chuzoz hamburguesas,1
descripcion_negocio,Productos publicitarios mugs lapiceros y llaveros,1
descripcion_negocio,"Producto comestibles tales como 
Postres,galletas,yogures,tortas, gelatina 

Y opcional por pedidos 
Colonias y cremas",1
descripcion_negocio,"Productos cárnicos ahumados, salsas y servicio de catring",1
descripcion_negocio,"Helados ,mekatos , papelería",1
descripcion_negocio,Fritos y almuerzos desayuno,1
descripcion_negocio,Tengo la venta de pasteles de arroz y hayacas de Harina,1
descripcion_negocio,Lociones,1
descripcion_negocio,Vendemos accesorios de belleza,1
descripcion_negocio,Ropa Calzado,1
descripcion_negocio,Confecciones y ventas de ropa al por mayor y al detal,1
descripcion_negocio,Fabrico muebles,1
descripcion_negocio,Frabico toda clase de muebles,1
descripcion_negocio,"Venta de arepas comidas rapida, pinchos",1
descripcion_negocio,Confección de ropa de dama,1
descripcion_negocio,Confección y venta de ropa al por mayor,1
descripcion_negocio,Realizamos dibujo arquitectónico e instalaciones hidráulicas sanitarias en programa de AutoCAD,1
descripcion_negocio,Negocio Tipo Papeleria,1
descripcion_negocio,Arepitas rellenas  de carne pollo huevo jamón y queso y otras vati dades,1
descripcion_negocio,"Vendo accesorios en acero, personalizado y no personalizado llaveros, pulseras, cadenas)",1
descripcion_negocio,Todo lo relacionado con fritos,1
descripcion_negocio,Sudaderas y pijamas,1
descripcion_negocio,Verduras picada en bandejas,1
descripcion_negocio,Lencería camisetas y juguetes sexuales,1
descripcion_negocio,Insumos de panaderia,1
descripcion_negocio,Accesorios y manualidades en foamy,1
descripcion_negocio,Vendo ventanas puertas todo lo relacionado con hierro aluminio vidrio templado y acero,1
descripcion_negocio,Leche y queso en sasamentarias,1
descripcion_negocio,"Vendo hamburguesas
Perros calientes",1
descripcion_negocio,Elaboramos y comercializamos pijamas para niños,1
descripcion_negocio,"Doratte, es una tienda virtual de jabones artesanales de glicerina 100% orgánicos y con insumos completamente naturales Vendemos jabones faciales y corporales con propiedades para cuidar y reparar  la piel",1
descripcion_negocio,Elaboración de muñecos en tela,1
descripcion_negocio,Pollos carne de cerdo almuerzos   mecato y cerveza,1
descripcion_negocio,todo lo que es comida rápidas y asados perro hamburguesas salchiapas,1
descripcion_negocio,"Emprendimiento enfocado en la belleza se venden productos corporales,faciales,capilares y maquillaje",1
descripcion_negocio,Vendo  desayunos almuerzos tsmbien  comidas  rspidas  y  todo  relacionado  con  eventos sociales,1
descripcion_negocio,Almacén de ropa y confección,1
descripcion_negocio,Reposteria pasteleria y catering,1
descripcion_negocio,Ropa zapatillas  y accesorios,1
descripcion_negocio,"Ceviches de camarón, jugos de fruta",1
descripcion_negocio,Vendo lechona  cachapas y pizza,1
descripcion_negocio,Cámaras de seguridad e internet satelital,1
descripcion_negocio,Accesorio para celulares celulares reparo celular benta de carcasas,1
descripcion_negocio,Desayunos almuerzos comidas rapidas,1
descripcion_negocio,Vendo chuletas de cerdo y pollo desde la familiar hasta la personal,1
descripcion_negocio,Suministro de personal de aseo todero mensajeros para condominios,1
descripcion_negocio,Moñas y bisuteria,1
descripcion_negocio,Se forman deportistas y cada uno paga una pensión mensual,1
descripcion_negocio,"Licor ,gaseosas y productos de paquete",1
descripcion_negocio,No vendo hago oefiquir y manicur,1
descripcion_negocio,Nos dedicamos a la deshidratación venta y distribución de alimentos deshidratados,1
descripcion_negocio,Fabrica de muebles en madera y afines,1
descripcion_negocio,Vendo cosméticos y bisutería en general,1
descripcion_negocio,Tengo restaurante  desayunos  Almuerzos  perros hamburguesas y chitos papas gaseosas  dulces,1
descripcion_negocio,Repuestos para motocicleta,1
descripcion_negocio,Alquilo lavadoras y venta de  congelados,1
descripcion_negocio,Miscelanea y papeleria,1
descripcion_negocio,Vendemos clases de tenis para Niños y Adultos,1
descripcion_negocio,Tenemos con mi esposa un local de crepes y waflles También restaurante Ya hace 3 años,1
descripcion_negocio,Vendo todo lo relacionado con carnaza y galletas para mascotas,1
descripcion_negocio,Distribuimos productos de consumo masivo a tiendas,1
descripcion_negocio,"Trabajo con masajes de relajación ,reductivos ,limpieza facial es",1
descripcion_negocio,Elaboración de muebles en madera reciclada,1
descripcion_negocio,Tengo un satélite de confección donde se asen blusas para dama,1
descripcion_negocio,Ensaladas para elalmuerzo,1
descripcion_negocio,Gaseosa cervezas dulceria tinto,1
descripcion_negocio,Compra y venta de verdura,1
descripcion_negocio,Comercializó varios productos de belleza y estética,1
descripcion_negocio,"-Servicios de mantenimiento predictivo, preventivo,correctivo de PC y portatiles
- servicio de mantenimiento he instalación de CCTV 
- servicio de diseño instalación y mantenimiento de redes de cómputo cableado e inalambrico",1
descripcion_negocio,"Vendo productos de belleza, peluquería y papelería y dulces",1
descripcion_negocio,La bendicion de Dios,1
descripcion_negocio,Ago cortes para calzado,1
descripcion_negocio,"Impresiones, fotocopias, escaner, trabajos por computador, digitación, recargas",1
descripcion_negocio,Hamburguesas y empanadas,1
descripcion_negocio,"Vendo principalmente Hoodies, chamarras, cortavientos, franelas, chemises, gorras y mugs",1
descripcion_negocio,"Pijamas , medias ,boxer tenis",1
descripcion_negocio,Soy contratista de obra acabado pintura driwall PVC superboark para y pintura,1
descripcion_negocio,Cultivo y distribuyó raíz china,1
descripcion_negocio,Dictó clases de refuerzos y control de tareas a niños en sus casas,1
descripcion_negocio,Se vende licor,1
descripcion_negocio,"Tenemos el servicio de manicura y pedicura 
Uñas esculpidas 
Todo lo relacionado con uñas",1
descripcion_negocio,Porque vendo Zapatos,1
descripcion_negocio,"Soy estilista, hago peinados infantiles, todo lo referente con el cabello y trabajo a domicilio, y quiero montar mi propio salón",1
descripcion_negocio,pizzas,1
descripcion_negocio,"Son Ruanas para bebe , confeccionadas en tela peluche y conejo",1
descripcion_negocio,"Vendo pasteles, almuerzo halladas panes tortas paletas etc",1
descripcion_negocio,Buenos es arreglo de manos y pies,1
descripcion_negocio,Accesorios para mascotas,1
descripcion_negocio,Tengo como un jardín donde se hacen asesorías y refuerzos escolares se cuidan niños,1
descripcion_negocio,Snacks Mekatos,1
descripcion_negocio,Fabricacio de closets puertas de comunicacion muebles de baño pintura de muebles y todo lo relcionado con el ramo de carpinteria,1
descripcion_negocio,Panadería y pastelería,1
descripcion_negocio,Cerveza cigarrillos Bar y Licores,1
descripcion_negocio,Estoy empezando y es desde mi casa,1
descripcion_negocio,Cervezas y Bar y Licores,1
descripcion_negocio,"Tamales,chorizos,morcilla y fiambres",1
descripcion_negocio,Tinto cigarrillo desayunos almuerzos gaseosa paquetes entre otros,1
descripcion_negocio,Implantes medico quirurgucos,1
descripcion_negocio,Miel de abeja 100% pura miel del campo,1
descripcion_negocio,Pescado mojarra roja y negra,1
descripcion_negocio,Almuerzos ejecutivos,1
descripcion_negocio,Productos sexshop vibrador lubricante lencería,1
descripcion_negocio,Asados de carnes pachucha cerdo,1
descripcion_negocio,Pulseras y accesorios a man0,1
descripcion_negocio,"Vendemos jabones liquidos jabón para ropa,manos,loza, desengrasante",1
descripcion_negocio,Arroz manteca carnes y o otras cosas,1
descripcion_negocio,"Dulces ,mekatos,repuestos para celulares sin card, útiles escolares",1
descripcion_negocio,Un minimarket y detalles,1
descripcion_negocio,Comida rapidas,1
descripcion_negocio,Seguridad industrial elementos de protección industrial uniformes,1
descripcion_negocio,Tintosgolosinas enpanadas,1
descripcion_negocio,Lavamos motos y carros,1
descripcion_negocio,Agua oxigenada,1
descripcion_negocio,Este es mi brochure,1
descripcion_negocio,Enpanadas pasteles tortas de carnes de todo desayunos,1
descripcion_negocio,CORTES MANIGUIR PEDIGUIR ETC,1
descripcion_negocio,Tengo una venta de arroz con todos los accesorios,1
descripcion_negocio,"Carriles,  gorras,  riñoneras , billeteras",1
descripcion_negocio,Cables manos libres forros cargadores,1
descripcion_negocio,"Comida asados ) carne , pechuga , Panceta de cerdo , chorizo ,",1
descripcion_negocio,Todo relacionado con artes gráficas impresión de gran formato y publicidad,1
descripcion_negocio,"Vendo , maquillaje de trendy",1
descripcion_negocio,Tintos aromáticas café en leche empanadas pinchos paquetes gelatinas,1
descripcion_negocio,Productos de peluquería y de revista y papelerías como una multivariedades,1
descripcion_negocio,Cocinas closedts puertas,1
descripcion_negocio,Realizamos asesoría jurídica e investigaciones de siniestros,1
descripcion_negocio,"Vestido de bautizo , grados y diferentes ocasiones para niña",1
descripcion_negocio,"Venta de suministros computadores, impresoras y celulares
Servicio técnico",1
descripcion_negocio,Relojes lociones accesorio para telí©fonos celulares y otras cosas,1
descripcion_negocio,"Bebidas calientes 
Paquetería
Cigarrillos
Dulceria
Productos de aseo",1
descripcion_negocio,"Jugos de naranja,empanadas,galletas,dulces, bebidas frías y calientes,tapabocas,",1
descripcion_negocio,Camisetas sublimadas,1
descripcion_negocio,"Es un consultorio donde realizo tratamientos estéticos, corporales, tifo lo relacionado con estética y Cosmetologia",1
descripcion_negocio,"Cemento, arena,bloque,varilla",1
descripcion_negocio,Ago chaquetas para hombre,1
descripcion_negocio,"Multiservicios para Moteros , accesorios, repuestos , vinilos, calcas",1
descripcion_negocio,"Mekatos, chitos, galletas, dulces, gaseosas, helados, bandejas de deditos, útiles escolares, peluches",1
descripcion_negocio,Realizo remodelaciones de todo tipo en bienes inmuebles,1
descripcion_negocio,Licencias de conducción y mercancia de papelería,1
descripcion_negocio,Repuestos y accesorios para celulares,1
descripcion_negocio,Es un medio de comunicación comunitaria es un periódico en medio físico,1
descripcion_negocio,Yo soy manicurista,1
descripcion_negocio,De producto,1
descripcion_negocio,Nos dedicamos a la venta de llantas  usadas de autos y motos  y prÃ©stamos el servicio de reparaciÃ³n de las mismas y arreglo de rines,1
descripcion_negocio,Transpprte en moto o domicilios,1
descripcion_negocio,Víveres en general,1
descripcion_negocio,Arepapas y comida rapida,1
descripcion_negocio,"Venda de comida rápida, hamburguesas, arepas, salchipapas, ceviche, perros calientes, sandwich",1
descripcion_negocio,Vendo todo tipo de imagen religiosa animales y pesebres,1
descripcion_negocio,Taller de Costuras de zapatos enguarnecedores,1
descripcion_negocio,Tapizamos y remodelamos muebles,1
descripcion_negocio,Perros Calientes almuerzos,1
descripcion_negocio,"Desarrollamos productos , indumentaria para deportistas primordialmente ciclismo , con  un enfoque a la visibilidad , seguridad , proteccion , tambien desarrollamos carpas, cajones y maletas para cargo bike",1
descripcion_negocio,Uñas,1
descripcion_negocio,Yo pinto ago casas,1
descripcion_negocio,"Medicamentos, papelería, accesorios",1
descripcion_negocio,Soy contratista de obra civil,1
descripcion_negocio,Aguacate jaaz,1
descripcion_negocio,Vendo mercancía por encargo virtual y jugos gaseosa entre otros,1
descripcion_negocio,"Ahora mismo vemdemos procductos de crecimiento de barba y tinte de cabello  
Y ofrecemos cortes de cabello",1
descripcion_negocio,Pasamanos en acero inox y aluminio,1
descripcion_negocio,Soldadura,1
descripcion_negocio,vendemos ropa deportiva zapatos deportivos,1
descripcion_negocio,Venta de Mekatos y Play station,1
descripcion_negocio,Venta de Accesorios  y Servicio técnico de celulares,1
descripcion_negocio,Por ej Colágeno gingo biloba zarzaparrilla vitamina E todo sobre la medicina natural primero les doy charla y les muestro los productonq llevo y les ofrezco lo q necesitan o como ya tengo varios clientes me encargan,1
descripcion_negocio,"Tratamientos, tintes maquillaje , champuu",1
descripcion_negocio,"Productos para hogar, negocios en general de productos de aseo orgánicos , biodegradable y ecológicos",1
descripcion_negocio,"Almuerzos, alitas, hamburguesas y parrilla, servicio de catering",1
descripcion_negocio,Venta de empanadas y/o pasteles,1
descripcion_negocio,Ornamentación,1
descripcion_negocio,"Es un negocio de comidas rápidas, tengo un punto en monteria y otro en Bogotá",1
descripcion_negocio,Mi negocio se basa en la realización de planos arquitectónicos en autocad,1
descripcion_negocio,Vendo ropa zapato,1
descripcion_negocio,"Todo lo relacionado con accesorios para celulares, cárcasas, Manos libres, cargadores, beterias",1
descripcion_negocio,"Vendo trago, cerveza, cigarrillos, bebidas energizantes & hago servicio a domicilio",1
descripcion_negocio,"Vendemos artículos electrónicos para amplificación,y servicio de amplificacion para eventos",1
descripcion_negocio,Ofrecemos servicios de terapias para niños y vendemos kits nutricionales a bajo costo,1
descripcion_negocio,Accesorios y artículos para celulares,1
descripcion_negocio,Hago calzado deportivo,1
descripcion_negocio,Sopa almuerzos,1
descripcion_negocio,Vendo carne de cerdo al por mayor por encargos,1
descripcion_negocio,Tamales u comidas rápidas Vendo tamales y tengo negocio de comidas rápidas,1
descripcion_negocio,Papelería y variadades,1
descripcion_negocio,Comidas y bebidas,1
descripcion_negocio,Venta de artesanías,1
descripcion_negocio,"pasabocas , paquetes , yupi, frito lay",1
descripcion_negocio,Hacer ropa  y vender ropa a clientes  y colegio,1
descripcion_negocio,"Venta de árboles nativos, servicio de siembra y transporte",1
descripcion_negocio,"Organización de eventos sociales realizó matrimonio, quinceañeros y todos clases de eventos sociales",1
descripcion_negocio,Desayuno almuerzo cena y cafetería,1
descripcion_negocio,"Preparación y venta de alimentos, pollo broaxter y asado, almuerzo y comida,",1
descripcion_negocio,Ropa para dama caballero y niños,1
descripcion_negocio,"Miel de abeja pura, polen, propóleo principalmente",1
descripcion_negocio,Venta y compra de frijol,1
descripcion_negocio,"Cepillados
Planchado
Keratinas
Depilación en cera
Cejas y pestañas
Manicure-Pedicure
Spa Uñas",1
descripcion_negocio,Épicos de tratamiento de agua y repuestos,1
descripcion_negocio,Carne asada y chusos de cerdo,1
descripcion_negocio,Repuestos para carros,1
descripcion_negocio,todo lo relacionado con la canasta familiar,1
descripcion_negocio,Cremas y helados,1
descripcion_negocio,Desayuno almuerzo y cena por encargoVenta de comida almuerzos,1
descripcion_negocio,"Barberia, color ,corte ,keratina, corte dama , cepillado , tratamientos venta de productos",1
descripcion_negocio,Pescados,1
descripcion_negocio,Servicios de reparacion de prendas de vestitr y elaboracion de prendas,1
descripcion_negocio,Venta de mercado fuente de soda,1
descripcion_negocio,Accesorios y recargar,1
descripcion_negocio,Ofrezco variedad de tipos estilos de tatuajes tambien perforaciones piercing etc,1
descripcion_negocio,Pan gaseosas dulceria,1
descripcion_negocio,Ofresco servicios de fotografia y publicidad,1
descripcion_negocio,Fabricación y comercialización de hielo tubular,1
descripcion_negocio,"Manicura y pedicura tradicional y semipermanente
Depilación cera
Maquillaje profesional
Peluquería",1
descripcion_negocio,Fabricación de calzado de Dama,1
descripcion_negocio,Areglo de uñas en resina semipermanente y normal,1
descripcion_negocio,"B lower, cejas, uñas, pestañas",1
descripcion_negocio,Toda clase de muebles para el hogar,1
descripcion_negocio,Deportivos sudaderas Niños,1
descripcion_negocio,Tragos picadas y ala carta,1
descripcion_negocio,"Ropa de bebe y de mujer, accesorios de mujer, adornos, flores, lencería de cocina y baño, individuales de mesa, TODO TEJIDO EN CROCHET 100% A MANO",1
descripcion_negocio,Calzado Para dama,1
descripcion_negocio,"Tintes,derrissecado planchadokeratinas rallitos",1
descripcion_negocio,Servicio de picina  cerveza y comida,1
descripcion_negocio,Vendo deliciosas pizzas y lasañas,1
descripcion_negocio,Cocinas integrales restauracion,1
descripcion_negocio,De todo tiempo papelería belleza,1
descripcion_negocio,"Venta de calzado,ropa,accesorios",1
descripcion_negocio,Calzado para adulto y niño,1
descripcion_negocio,Venta de viveres abarrotes y detalles,1
descripcion_negocio,"Cerdo
Gallinas",1
descripcion_negocio,Comidas y sopas,1
descripcion_negocio,Se compran cobre hierro aluminios bronce archivo etc,1
descripcion_negocio,"Lasagnas,platos peruanos,comida colombiana, sandwiches",1
descripcion_negocio,Vendo frutas,1
descripcion_negocio,Venta de prendas de vestir según la necesidad del cliente yo vendo por redes sociales y wasthap y mi madre confeccióna las prendas que yo vendo,1
descripcion_negocio,Panadería y cafetería,1
descripcion_negocio,Uniformes en antifluido para barbería y peluquería,1
descripcion_negocio,Keratina cremas masajes capilares y otros productos más,1
descripcion_negocio,Alarmas de carro moto elevavidrios bloqueos lujos GPS de más,1
descripcion_negocio,"Compra y venta de muebles usados, electrodomésticos camas de todo",1
descripcion_negocio,Empanadas pasteles arepas,1
descripcion_negocio,Salchipapa perros choriperros anburgueza picada pataco con todo ete,1
descripcion_negocio,"Perfumes, cremas, desodorantes, maquillalle, ropa etc",1
descripcion_negocio,"Hamburguesas perros calientes, salchipapas",1
descripcion_negocio,Fabricamos y arreglamos calzado y afines al cuero,1
descripcion_negocio,"Productos de belleza
Alimentos",1
descripcion_negocio,Tatuajes y piercing,1
descripcion_negocio,Mecanica en general y electricidad,1
descripcion_negocio,"Piijamas,cobijas,chaquetas",1
descripcion_negocio,"Ropa deportiva como camisillas pantalonetas sudaderas, camisetas",1
descripcion_negocio,"Todo lo relacionado con el foamy, recordatorios para toda ocacion",1
descripcion_negocio,Talleres de música y arte,1
descripcion_negocio,Vendo alimentación a trabajadores de la finca y a las personas que lo requieran,1
descripcion_negocio,Panes comida helados gaseosas,1
descripcion_negocio,De todo un poco calzado ropa cosmeticos  y mucho más,1
descripcion_negocio,"Restaurante, turismo, recreación",1
descripcion_negocio,"Uniformes e implementos deportivos, personalización de productos textiles y diseño grafico",1
descripcion_negocio,Confecion de calzado,1
descripcion_negocio,Fabrico y vendo calzado,1
descripcion_negocio,Joyeria o accesorios,1
descripcion_negocio,"Abarrotes, víveres, legumbres, productos de aseo ect
Etc",1
descripcion_negocio,"Arroz
Azúcar
Sal
Salsas
Condimento
Gaseosas
Mecatos
Dulces",1
descripcion_negocio,Perfumes ropa calzado,1
descripcion_negocio,"Servicio técnico, mantenimiento preventivo y correctivo de equipos de refrigeración, venta de repuestos de refrigeración",1
descripcion_negocio,Soy técnico en refrigeración,1
descripcion_negocio,Empanadas precocidas 100% maíz  sin aditivos artificiales y con procesos artesanales,1
descripcion_negocio,Cebolla larga,1
descripcion_negocio,Contratamos obras instalamos driwall superboar enchapes y todo lo relacionado en terminados de obra civiles,1
descripcion_negocio,"Sopas, papas ,jugos, empanadas",1
descripcion_negocio,Corte de cabello para hombres,1
descripcion_negocio,Blusas de maya tejidas a mano,1
descripcion_negocio,Venta de gas de colgas,1
descripcion_negocio,"Artesanías de cartagena 
Como por ejemplo 
Chivas lumbreras echas en mármol 
Pulseras con el nombre de Cartagena 
Imágenes de las botas
Etc",1
descripcion_negocio,Perfumería maquillaje productos para el hogar,1
descripcion_negocio,"Abarrotes,aseo 
Miscelánea artículos de papelería",1
descripcion_negocio,Ventas de joyas accesorios de belleza,1
descripcion_negocio,"Venta de productos de belleza tratamientos capilares) productos de belleza por catalogocrema, maquillaje, perfumes) otros",1
descripcion_negocio,"Ropa para dama,caballero y niños",1
descripcion_negocio,"Mantenimiento general de equipos de cómputo, reparación, actualización, instalación de programas y puesta a punto",1
descripcion_negocio,Venta de frutas,1
descripcion_negocio,Leche y carne,1
descripcion_negocio,Pegar cierresajustar prendashacer prendasarreglar bastas planchados,1
descripcion_negocio,Fabricantes de bolsos billeteras para dama y caballero,1
descripcion_negocio,Vendo fresas por libras-Es negocio de venta de fresa,1
descripcion_negocio,"Ropa,dama caballero, hogar, cuidado personal",1
descripcion_negocio,Comercio al por mayor de bebidas alcohólicas y no alcohólicas,1
descripcion_negocio,Vestidos de niña y ropa imtima de dama,1
descripcion_negocio,"Picadas mixta de cerdo
Asados
Chorizos 
Morcillas 
Butifarras",1
descripcion_negocio,Aparatos eléctricos domésticos,1
descripcion_negocio,"Fumigaciones comerciales,residenciales,industriales,hospitalarias,institucionales y demás",1
descripcion_negocio,"Calzado para damas,caballeros y niños",1
descripcion_negocio,"Cheetos , refrescos dulces   y servicios telefónicos y pago de servicios",1
descripcion_negocio,Helados agua en bolsa refrescos,1
descripcion_negocio,Bolsos carteras,1
descripcion_negocio,Jugos empanadas perico café tinto aromática maicena avena fría gaseosa vive 100 coca-cola jugos y papas todo rico tortas pan galletas dulces cigarrillos de todo,1
descripcion_negocio,"Variedad de Helados con chocolates fruta dulces , ensaladas de frutas, obleas, jugos naturales, malteadas, fresas con crema",1
descripcion_negocio,Çalle en árboles y frutales,1
descripcion_negocio,Venta de catalagos x ropa,1
descripcion_negocio,Postres variedad en panadería almuerzos desayunos,1
descripcion_negocio,Grano Bar y Licores productos de aseo y abarrotes,1
descripcion_negocio,"Canasta familiar,gaseosas y panaderia",1
descripcion_negocio,"Es una tienda de barrio, se vende todo los productos de la canasta familiar",1
descripcion_negocio,"Programación y Automatización de Maquinas y Procesos Industriales, diseño de Tableros de Control eléctrico y electrónico",1
descripcion_negocio,Hacemos blower peinados uñas keratinas vendemos tintes colonias fragancias etc,1
descripcion_negocio,"Cárnicos, perecederos Bar y Licores, servicio de internet",1
descripcion_negocio,"Papa , tomate, cebolla, Verduras",1
descripcion_negocio,"Servicio de Catering para eventos, hacemos comida para reuniones sociales y Empresariales",1
descripcion_negocio,Ropa para damapijamasy también arreglos para hombres y niños-Mira yo compro productos y vendo al detal o si es posible al pormayortambiem confecciono  prendas  en mis ratos libres,1
descripcion_negocio,Lácteos,1
descripcion_negocio,Electrodomesticos y electromenores,1
descripcion_negocio,"Publicidad, impresión, sublimación, estampado",1
descripcion_negocio,"Pinchos de chorizo y butifarra, carne y viseras asadas",1
descripcion_negocio,Venta de catalogos Novaaventa Y marketing,1
descripcion_negocio,"Seres elementales artesanales y materas , talleres",1
descripcion_negocio,mangos salpicon avena fría empanadas y que mandarinazo,1
descripcion_negocio,"Panes,galleteria,tortas",1
descripcion_negocio,"Trabajos escritos, hojas de vida, mecateria, Productos postobon entre otros",1
descripcion_negocio,Venta de pasabocas-Venta de mekatos,1
descripcion_negocio,"Pescados del Magdalena, mojarra, carnes especiales, pollo asado",1
descripcion_negocio,Fritos al mayor y detal,1
descripcion_negocio,Venta de llavero artesanal al por mayor,1
descripcion_negocio,Herramientas para elaboración de bisituria,1
descripcion_negocio,En nuestro negocio encuentras  Luces LED radio de pantalla alarmas exploradora camara de reversa sensores y todo lo relacionado en  electricidad y mantenimiento,1
descripcion_negocio,"Sepillado y planchado
Aplicacion de queratina 
Y maniquiur y pediquiur",1
descripcion_negocio,Cafetería,1
descripcion_negocio,Venta de verduras  y frutas,1
descripcion_negocio,Productos naturales,1
descripcion_negocio,Lechona y platos especiales,1
descripcion_negocio,Vendo cerveza y aguardiente,1
descripcion_negocio,"Vendo ojaldras ,café empanadas masitas de maíz y",1
descripcion_negocio,Productos de Panaderia,1
descripcion_negocio,Comidas y frutas mekatos y mas,1
descripcion_negocio,Helados base de tres leches en diferentes presentaciones,1
descripcion_negocio,Desayunos en la mañana y comidas Rapidas fines de semana,1
descripcion_negocio,"Cafetería, comidas rápidas, jugos, waffles",1
descripcion_negocio,"Diseño, impresión escalado de piezas gráficas para sublimacion y estampados",1
descripcion_negocio,Vendemos ropa americana de segunda mano que transformamos y le colocamos nuevos accesorios,1
descripcion_negocio,Pollos de engorde para consumo,1
descripcion_negocio,"Auriculares Bluetooth, Impresoras Térmicas POS, Laptops, Celulares seminuevos Importados",1
descripcion_negocio,Cortes de todo estilo Barba cejas y más,1
descripcion_negocio,Confection de prendas de vestir,1
descripcion_negocio,Accesorios para Mascotas,1
descripcion_negocio,"Higienes faciales
Depilación
Maquillaje
Micropigmentacion 
Uñas
Pestañas pelo a pelo",1
descripcion_negocio,"Bolsos, carteras y accesorios",1
descripcion_negocio,"Corte de cabello 
Alisado orgánico 
Terapias capilares
Baporozono",1
descripcion_negocio,Ropa calzado y marroquineria,1
descripcion_negocio,Ropa de hombre de dama y de niños,1
descripcion_negocio,Congelados vendo todo lo relacionado con congelados,1
descripcion_negocio,"Venta de bolsos, aretes, monederos, mochilas y accesorios para mujeres en general",1
descripcion_negocio,"Porta cascos para moto  Percheros personalizados para gorras y ropa , cuadros personalizados y otros accesorios para moto",1
descripcion_negocio,Asesorías,1
descripcion_negocio,Cuidado de personas de la tercera edad y personas con discapacidad,1
descripcion_negocio,Ensamble de prendas de ropa interior y blusas y licras,1
descripcion_negocio,Cremas lociones aretes desodorantes y otras cosas mas,1
descripcion_negocio,"Impresiones colo y B/N, papelería general, fotocopias, recargas trabajos en computador y demas",1
descripcion_negocio,"Pestañinas, labiales, sombras, cremas",1
descripcion_negocio,Huevos plátanos y cafe,1
descripcion_negocio,Servicio de confección de pijamas,1
descripcion_negocio,"Cervezas helados gaseosas cocacola y postobon, ponys",1
descripcion_negocio,"Elaboracion a mano de bolsos, billeteras y accesorios en cuero",1
descripcion_negocio,Todo relación a la belleza,1
descripcion_negocio,Jeans camisetas boxer medias,1
descripcion_negocio,"Reparación de equipos de computo e impresoras, comunicación radio enlace y capacitación en informatica",1
descripcion_negocio,"Leche vegana , desodorantes naturales y productos de aseo",1
descripcion_negocio,Manejamos la distribución de pan alos negocios o tienda a tienda,1
descripcion_negocio,Venta de arepas,1
descripcion_negocio,Venta y hechuras de muebles en madera,1
descripcion_negocio,Comida a la carta y corriente juegos naturales fritos como ampanadas arepas de huevo y todo lo que pida el cliente,1
descripcion_negocio,Vestido uniformes pantalones ect,1
descripcion_negocio,"Venta de hamburguesas lasagnas 
Pataconas mixtas
Salchi papas 
Perros calientes",1
descripcion_negocio,Asados y guisados,1
descripcion_negocio,Venta de concentración para animales,1
descripcion_negocio,Fresas mangos y manzanas,1
descripcion_negocio,"Venta y reparación de Celulares, computadores Venta de accesorios para ambos",1
descripcion_negocio,"Keratina 
Aminoácidos 
Alizer
Mechas 
Rayitos
Tinte
Repolarizacion
Hidratacion 
Cepillado 
Planchado
Uñas acrilicas, gel, semipermanentes 
Esmaltado tradicional",1
descripcion_negocio,"Teneduría, Marroquinería",1
descripcion_negocio,Sublumacion y estampaciones y basicas,1
descripcion_negocio,Fabricación de almohadas,1
descripcion_negocio,"Burritos, quesadillas, tacos, gaseosas,bowl, flautas",1
descripcion_negocio,"Servicio de organización y catering para eventos , alquiler de MOBILIARIOS para decoración de fiestas",1
descripcion_negocio,Ingenieria soluciones tecnicas integrales,1
descripcion_negocio,"Ofrezco como su nombre lo dice AREPAS RELLENAS DE QUESO , Y AREPAS DE QUESO",1
descripcion_negocio,"Bar y Licores, juegos de diversión Billar, Bolirana), servicio de comidas rápidas",1
descripcion_negocio,"Sobre medidas 
Venta de prendas de vestir femeninas",1
descripcion_negocio,Venta de ropa Por catalogo,1
descripcion_negocio,"*Alquiler de equipos de sonido - Luces y efectos 
*artistas 
* pantallas led
* pista led 
*shows pirotécnicos 
* servicio de 𝕕𝕛 profesional 
* venta de suministros para bares  líquidos de humo - Polvora fría - exterior y suministros en general )",1
descripcion_negocio,"Corte y grabado láser, avisos luminosos, señalizaciones industriales, techos, cúpulas, entre otros",1
descripcion_negocio,"Perfumería, cremas de mano, maquillaje,  accesorios",1
descripcion_negocio,"Abarrotes, despensa y bebidas",1
descripcion_negocio,"Asesorías administrativas, financieras y contratación estatal",1
descripcion_negocio,Confección de chaquetas y jean,1
descripcion_negocio,Ventas De celulares Accesorios y servicios técnicos,1
descripcion_negocio,"Venta de lociones, cremas corporales, pijamas",1
descripcion_negocio,Servicios musicales en eventos familiares y comerciales,1
descripcion_negocio,El ciclo de la planta es de 50 días,1
descripcion_negocio,"Tamales morcilla alitas ,",1
descripcion_negocio,Venta de calzado decoración de fiesta,1
descripcion_negocio,Peinados keratina cepillados cortes y tintes,1
descripcion_negocio,"Manicura y pedicura 
Pestañas",1
descripcion_negocio,Mango Melon Guanabana Banano uva manzana,1
descripcion_negocio,Tortas y Postres,1
descripcion_negocio,"Ropa, juguetes, accesorios",1
descripcion_negocio,Productos de belleza,1
descripcion_negocio,"Servicio de reparación, venta de equipos y Accesorios",1
descripcion_negocio,Fabricación y reparación de muebles,1
descripcion_negocio,"Ofrezco masajes relajantes, masajes reductores, servicio de maquillaje, diseños de cejas depilación en cera",1
descripcion_negocio,Fabrico bolsos de dama,1
descripcion_negocio,Distribución de arroz a tiendas de barrio,1
descripcion_negocio,"Fritos jugos 
Carnes frías
Lacteos",1
descripcion_negocio,"Corte , montura de uñas en acrílico , manicura semipermanente , manicura tradicional, keratinas, sepillados , alisados, peinados para cualquier tipo de evento, corte con diseños, corte con barba, mascarillas , venta de productos de revista",1
descripcion_negocio,Pollo cerdo  de levante o por libra y leche,1
descripcion_negocio,"Venta de productos de catalogo , ropa interior y exterior ,colonias , maquillaje y productos de aseo personal",1
descripcion_negocio,"Masajes, limpieza facial",1
descripcion_negocio,Servicio de modisteria,1
descripcion_negocio,Cerveza al por mayor y al detal,1
descripcion_negocio,Fabricaccion  y ventas de  muebles  para el hogar,1
descripcion_negocio,frutas y verduras,1
descripcion_negocio,"Ofrece servicio técnico y reparación de impresoras láser y de tinta continua
Computadores portátiles
Y de mesa 
Vídeojuegos xbox 360 
Y play 3 y xbox one
Servicio técnico y reparación de celulares entre otros como venta de papelería y demás",1
descripcion_negocio,Miscelánea/Papeleria,1
descripcion_negocio,"Marcos, porta retratos, repisas instalaciones y reparaciones",1
descripcion_negocio,"Manicure 
Pedicure 
Planchados
Cepillados
Depilación
Keratina
Repolarizacion
Cejas en Gena 
pestañas postizas
Peinados para matrimonio
Trenzas
Tintes 
Mechas",1
descripcion_negocio,Pollo de engorde y abonos,1
descripcion_negocio,Venta de pollos,1
descripcion_negocio,Pollos pescado y leguenbres,1
descripcion_negocio,variedades,1
descripcion_negocio,"Venta de pollo y pescado fresco, condimentos desechables huevos etc",1
descripcion_negocio,Alquiler de estación de topografía,1
descripcion_negocio,Ropa y zapatos,1
descripcion_negocio,"Desayunos sorpresa
Muñecos 3 d en foamy
Decoración aulas de clase
Decoración cumpleaños",1
descripcion_negocio,Hago prendas y arreglos por encargo,1
descripcion_negocio,mercado productos de aseo gaseosas helados arepas etc,1
descripcion_negocio,"Reparación y mantenimiento de celulares tablets y computadores 
Venta de repuestos y accesorios para computadores celulares y tablets",1
descripcion_negocio,Venta de leche,1
descripcion_negocio,Blanqueamiento prótesis diseño de sonrisa ortodoncia Resinas,1
descripcion_negocio,"Zapatilla Adidas , Nike puma  zapatillas importadas",1
descripcion_negocio,Fabricamos camas somier salas a pedido tapizado entre otras,1
descripcion_negocio,Comida al carbón,1
descripcion_negocio,Figuras elaboradas en porcelanicron,1
descripcion_negocio,"Se realizan diferentes póster y anuncios, se hacen trabajos escritos, recomendaciones y resúmenes de libros, creación de presentaciones estudiantiles, carteles",1
descripcion_negocio,Ropa accesorios otros,1
descripcion_negocio,"Mi negocio es de patacones 
Con todo carne, chorizos,chicharrón de todo un poco  gaseosas jugos naturales",1
descripcion_negocio,Viveres verduras frutas granos lácteos carnes,1
descripcion_negocio,Todo tipo de estampados y sublimado,1
descripcion_negocio,"Confeccion de Prendas de vestir para toda ocasión, arreglo de ropa, dotación de uniformes y alta costura",1
descripcion_negocio,Medicamentos y gana servicios,1
descripcion_negocio,"Mantenimiento y reparación de plantas eléctricas diesel y gasolina Motobombas, electrobombas, motosierras, guadañadora, equipos afines a la construcción, tales como vibrocompactadores, apisonadosres, allanadoras, cortapavimentos,ect, etc",1
descripcion_negocio,Belleza automotriz,1
descripcion_negocio,"Uñas acrilicas, semipermanentes, higiene, diseño de cejas, peinados para niñas, uñas en gel y poligel etec",1
descripcion_negocio,limon,1
descripcion_negocio,Calle68an86a60,1
descripcion_negocio,"Bolsos blusas accesorios  tejidos a mano
Crochet",1
descripcion_negocio,Dotaciones y elementos de protección personal,1
descripcion_negocio,"Productos de alta cosmética de cuidado de la piel, maquillaje y fragancias",1
descripcion_negocio,"Sandalias, plataformas, tacones y todo lo relacionado con calzado para dama",1
descripcion_negocio,Entretenimiento y colección Y que es una puesto de venta informal de muñecos de colección y de películas,1
descripcion_negocio,Cervezas,1
descripcion_negocio,Plantas,1
descripcion_negocio,Satelite de confeciones  y arreglos de costura en general,1
descripcion_negocio,Servicio de repujado en acero,1
descripcion_negocio,"Carne ala llanera,  plato ejecutivo y eventos dentro y fuera de la ciudad",1
descripcion_negocio,"Cafetería Desayunos Almuerzos comidas rápidas ""Salchipapas""",1
descripcion_negocio,"Venta de celulares,  consolas, accesorios Servicio técnico de celulares tablets y computadores",1
descripcion_negocio,Venta de almuerzos,1
descripcion_negocio,"Juego pool, canales deportivos  y bebidas frías",1
descripcion_negocio,Equipos de audio instrumentos musicales miselanea electronica y reparacion tecnica y montage de los mismos,1
descripcion_negocio,"Electrodomésticos, Tecnología, Calzado",1
descripcion_negocio,"Servicios jurídicos, Asesorías jurídicas en temas legales, Asesorías en materia de derecho de familia, penal, administrativo  entre otras",1
descripcion_negocio,Carpinteria y tapizado,1
descripcion_negocio,"Venta de mesas, sillas, butacos y todo lo relacionado con eventos y seguridad industrial",1
descripcion_negocio,"Uñas de  manos y pies, cepillado,tinte, corte,  keratinas, maquillaje",1
descripcion_negocio,Peluquería manicure pedicure cepillado tintes trenzas maquillajes uñas depilación keratinas recogidos extensiones,1
descripcion_negocio,"Vidrios, espejos, divisiones de baño, marquesinas, barandas",1
descripcion_negocio,"Accesorios para celular, tecnología, arreglo de celulares",1
descripcion_negocio,"Desayuno
Almuerzo
Cena
Platos especiales
Comidas rápidas
Hamburguesas
Perros calientes
Salchipapas
Mazorcadas
Chorizo
Gaseosa cerveza jugos naturales",1
descripcion_negocio,Chorizos para asar,1
descripcion_negocio,"Tortas tematicas decoradas en fondant o en crema pastelera, cupcakes decorados, galletas, postres, etc",1
descripcion_negocio,"Almuerzos, empanadas, jugos natura, café, avena, bebidas, sanduiches, panes rellenos",1
descripcion_negocio,Toda clase de frito y comidas rapidas,1
descripcion_negocio,Transporte,1
descripcion_negocio,Reparación de motos y venta de repuestos de motos,1
descripcion_negocio,"Venta de camarones, pescados, chipichipi, caracoles",1
descripcion_negocio,Comidas rápidas como hamburguesas 🍔 perros calientes chorizos etc,1
descripcion_negocio,"Asados, pizza, desgranados, salchipapapa, hamburguesa, perros etc Servicio presencial y domicilio",1
descripcion_negocio,"Venta de toda clase de fritos patacones rellenos, papas rellenas, empanadas, deditos jugos",1
descripcion_negocio,"Creación de páginas web
Software de escritorio
App móviles",1
descripcion_negocio,Pijamas para niños y adultos,1
descripcion_negocio,Satélite de confección de prendas de vestir,1
descripcion_negocio,"Perros
Hamburguesa
Salchipapas",1
descripcion_negocio,Café artesanal de origen llanero,1
descripcion_negocio,"Pulseras, cadenas, aretes, anillos etcétera",1
descripcion_negocio,Hechura de chaquetas y uniformes,1
descripcion_negocio,"Bebidas calientes como cafes, jugos malteadas bocadillos",1
descripcion_negocio,Venta e insumos Químicos y/o laboratorio,1
descripcion_negocio,Soy manicurista integral hago domicilio pero quiero tener mi negocio,1
descripcion_negocio,"Cervezas, gaseosas, agua, guetord, antioqueño",1
descripcion_negocio,Instalación de publicidad y restauración de muebles y fabricación,1
descripcion_negocio,"Diseño de interiores 
Accesorios en madera y metales 
Construcción de anuncios con luminaria",1
descripcion_negocio,Almuerzo pollo apanado,1
descripcion_negocio,Fabricación y venta de calzado al por mayor y detal,1
descripcion_negocio,Pollo huevos cerdo,1
descripcion_negocio,Escobas de patio,1
descripcion_negocio,Artículos electrónicos y eléctricos personales y para el hogar,1
descripcion_negocio,Vasos de cheesecake  tortas individuales merengon etc,1
descripcion_negocio,Hospedaje y venta de comida a la carta de mar y tierra  en el dia y en la noche comida rapida,1
descripcion_negocio,Para el cabello ofrezco para los aminoácidos el producto maxilix para las uñas acrílico su primer Nike pasión night organic esmaltes masglo etc,1
descripcion_negocio,"Reparación , compra-venta de equipos nuevos y usados y venta de accesorios",1
descripcion_negocio,Cafe,1
descripcion_negocio,"Estampados,cuadros e impresiones",1
descripcion_negocio,"Perfumeria
Elementos de aseo personal
Maquillaje
Cremas corporales 
Ropa interior
De dama y caballero",1
descripcion_negocio,Tatuajes,1
descripcion_negocio,"Mantenimiento de Equipos de cómputo y Servidores y venta de repuestos, partes y computadores",1
descripcion_negocio,Lulo y tomate chonto,1
descripcion_negocio,"Confeccion de blusas, leggins, sudaderas, boxer,y arreglos en general",1
descripcion_negocio,Chorizos,1
descripcion_negocio,Servicio de asesoría nutricional y venta de suplementos,1
descripcion_negocio,"Venta de empanadas helados, venta de recargas pines, pago facturas, Bar y Licores",1
descripcion_negocio,Servicio de Minutos y mas,1
descripcion_negocio,Pijamas y prendas de vestir,1
descripcion_negocio,Confeccion de busos sábanas Chaquetas,1
descripcion_negocio,Lociones media boxer y juera de eso trabajo tambn en una empresa,1
descripcion_negocio,Elaboración de velas artesanales esencias y terapias holísticas,1
descripcion_negocio,Arreglos locativos y mantenimiento en general,1
descripcion_negocio,"Arepas rellenas 
Amburguesas
Perros 
Jugos naturales",1
descripcion_negocio,"Pollo criollo y semicriollo 
Venta de naranja,mandarina y limón, yotas
Venta de tamales, ayacos y rellenas",1
descripcion_negocio,Control integrado de plagas,1
descripcion_negocio,Venta de calzado nacional e importado,1
descripcion_negocio,Vendo impermeables para moto por mayor y detal,1
descripcion_negocio,"Materiales electricos
Istalaciones recidenciales",1
descripcion_negocio,"Venta de piyamas ,maquillaje ,medias",1
descripcion_negocio,Vendo frutas abarrotes verduras al por menor,1
descripcion_negocio,Venta de pijamas media's ropa interior,1
descripcion_negocio,"Inseminación artificial de bovinos, atención en especies mayores, servicio de atención a bovinos, equinos, en general",1
descripcion_negocio,Impresion Digital y Ligográfica,1
descripcion_negocio,Colchones camas comedores,1
descripcion_negocio,Venta y distribución de helados al por mayor y al detal,1
descripcion_negocio,Venta de Abarrotes y viveres,1
descripcion_negocio,Masajes de reduccion  limpiezas faciales depilacion con cera,1
descripcion_negocio,Chuzos combos alas rellenas salchipapas hamburguesasperros panserotis arepa con salchichón entre otros,1
descripcion_negocio,"Hamburguezas 
Perros calientes 
Sandwish
Y almuerzos",1
descripcion_negocio,"Carne 
Arroz
Azucar 
Aceite 
Verdura 
Grano de todo",1
descripcion_negocio,"Decoración de salones, catering para eventos, alquiler de mobiliario para fiestas todo lo relacionado con organización de eventos familiares y empresariales",1
descripcion_negocio,Zandalias para dama,1
descripcion_negocio,Fabricación y venta de paletas artesanales de frutas al por mayor y detal,1
descripcion_negocio,"Enlatados, granos, dulcería de limpieza y aseo, medicamentos y otros",1
descripcion_negocio,Venta y compra de frutas y plántulas,1
descripcion_negocio,"Ropa para dama, hombre y infantil",1
descripcion_negocio,"Licor, mecato, gaseosa",1
descripcion_negocio,Fabricación de ropa,1
descripcion_negocio,Mantenimiento y repuestos,1
descripcion_negocio,Cervezas  Poker  Águila coronita bluweisser costeñita club Colombia  Gaseosas  ventas de hielo cerveza Andina,1
descripcion_negocio,"contables, tributarias, impuestos",1
descripcion_negocio,Atención a la Primera Infancia y guías asistidas en el desarrollo académico,1
descripcion_negocio,"Almuerzos, desayunos, fritos, bebidas y jugos",1
descripcion_negocio,"Confecciono boxer de tela para hombre ,vinchas de perlas de merlano,y vinchas para niñas, ganchitos para el cabello para niñas y llaveros artesanales de fieltro",1
descripcion_negocio,"Esmaltado de uñas semipermanente y Tradicional
Cepillado
planchado
Colorimetría
Postura de pestañas 
Peinados 
Maquillaje 
Keratinas 
Tratamiento capilar",1
descripcion_negocio,"Arroces chinos, arroz paisa y comidas rápidas",1
descripcion_negocio,Acondicionamiento físico,1
descripcion_negocio,Dulces preparados como dulce de Mora dulce de fresa de melocoton de papayuela etc,1
descripcion_negocio,"Venta de ropa, calzado, accesorios para bebés",1
descripcion_negocio,Instalación de cielo raso pvc venta de PVC,1
descripcion_negocio,Venta de carne y pollo fresco,1
descripcion_negocio,Enseñanza y orientación de tareas y trabajos,1
descripcion_negocio,Vestidos para niñas en las tallas que van de 0_14,1
descripcion_negocio,Cosmeticos,1
descripcion_negocio,"Ropa deportiva, calzado deportivo, accesorios deportivos, viveres y abarrotes",1
descripcion_negocio,Lvebta de productos belleza desodorante lociones cremas maquillaje ollas etc,1
descripcion_negocio,"Uñas artificiales
Depilación 
Lifting de pestañas
Masajes
Limpiezas",1
descripcion_negocio,Artículos de decoración para el hogar,1
descripcion_negocio,Arroz azúcar harinas útiles de aseo aceites panadería lácteos carnes frías gaseosas jugos confitería todo lo de paquete papas etc verduras frutas etc,1
descripcion_negocio,"Venta mayorista de empanadas,papá rellena,arepas,pastel de yuca",1
descripcion_negocio,Bebidas alcohólica no alcohólica paquetes etc,1
descripcion_negocio,"Desayunos:
Patacones, queso, salchichón, arepas asadas
Almuerzos corrientes",1
descripcion_negocio,Venta de Cerveza al por mayor,1
descripcion_negocio,Venta de guacamole artesanal,1
descripcion_negocio,Accesorios para moteros maletas pierneros tanbags,1
descripcion_negocio,"Medicamentos, productos de belleza e higiene",1
descripcion_negocio,Hamburguesas perros salchipapas picadas chuzos de pollo gaseosas jugos,1
descripcion_negocio,"Venta de vidrios ,espejos , ventanas en aluminio ,marquesinas , diviciones de baño y oficina ,techos PVC , Pisos y arreglos locativos",1
descripcion_negocio,Alimentos para la canasta familiar,1
descripcion_negocio,Venta de extensiones de cabello humano,1
descripcion_negocio,Ropa accesorios,1
descripcion_negocio,Arreglo de uñas y planchado y peinados,1
descripcion_negocio,"Servicio a la mesa
Servicio a domicilio
Receta propia en hamburguesas, perros, Salchipapas, sandwich y tostadas",1
descripcion_negocio,"Correa, billeteras
Bolsos
Desodorantes
Ropa interior",1
descripcion_negocio,Distribución  para negocios de helado,1
descripcion_negocio,"Charlas, conferencias y capacitaciones presenciales y virtuales zoom) sobre la historia de la música acadėmica, sus compositores y sus obras",1
descripcion_negocio,"Cuidado de niños, asesorías de tareas, alimentación",1
descripcion_negocio,Gorras camisas conjuntos damas y caballeros,1
descripcion_negocio,Comprar Lavadoras Digitales y dobletina reparo y vendo con garantía Reparación de lavadoras digitales y dobletina en la ciudad a domicilio,1
descripcion_negocio,Maquillaje perfumeria joyeria relojería,1
descripcion_negocio,"Venta de productos al por menor de comestibles, Bar y Licores, papelería, miscelanea, productos de aseo, tabaco entre otros",1
descripcion_negocio,"Venta de ropa, para dama, hombre y niños",1
descripcion_negocio,Venta de bebidas alcohilicas para consumo y para llevar,1
descripcion_negocio,"Venta de cervezas, licor, sodas micheladas",1
descripcion_negocio,Lencería para cosina cortinas para sala y forros para muebles,1
descripcion_negocio,Puertasclosetscocinas integrales,1
descripcion_negocio,Árepas,1
descripcion_negocio,Panes pasteles mecato gaseosas jugos,1
descripcion_negocio,Canasta familiar víveres y abarrotes,1
descripcion_negocio,Negocio de comidas preparadas rápidas,1
descripcion_negocio,Detalles y Desayunos Sorpresa,1
descripcion_negocio,"Todo lo que abarrotes
Y mercancía",1
descripcion_negocio,Bolsos Accesorios productos parael hogar,1
descripcion_negocio,Empanadas tinto café jugos perro caliente anburguesa gaseosas,1
descripcion_negocio,"Vendo
Caldos
Perros calientes
Hamburguesas
Salchipapas
Pataconas con pollo y carne 
Pechuga gratinada",1
descripcion_negocio,"Empanadas, papas rellenas, pasteles de pollo, avena",1
descripcion_negocio,"Panela pulverizada, en sachets y libra",1
descripcion_negocio,todo tipo de prendas de vestir,1
descripcion_negocio,Rancho viveres y Bar y Licores,1
descripcion_negocio,Desayunos y almuerzos es un negocio de comidas corrientes,1
descripcion_negocio,Venta de Mekatos Cafeteria Refresqueria y Bar y Licores,1
descripcion_negocio,Somos un sitio especializado en Sancochos y platos tradicionales de la comida costeña!,1
descripcion_negocio,Miscelánea productos para el hogar útiles escolares impresiones,1
descripcion_negocio,Traemos queso al por mayor y detal y suero del magadalena y lo vendemos a tiendas,1
descripcion_negocio,Ropa Colonias etc,1
descripcion_negocio,Aseo bebida s Bar y Licores golosinas  lacteos,1
descripcion_negocio,Gaseosas recarga y variedades de aseo personal,1
descripcion_negocio,Comidas y bebidas Bar y Licores,1
descripcion_negocio,"Esto es una pequeña miselania vendo papelería, cosméticos, dulceria, gaseosas, cerveza, cargadores y detalles",1
descripcion_negocio,Arreglo de aptos y casas y alquiler de herramientas,1
descripcion_negocio,"Soy estilista integral profesional todo lo relacionado con la belleza, manicura, pedicura y tratamientos capilares intensivos, sin salir de casa ya que yo llego a la suya trabajo solo domicilios",1
descripcion_negocio,Perros gaseosas arepas de queao,1
descripcion_negocio,Vendo productos de belleza por catálogo,1
descripcion_negocio,"Maquillaje , aparte de eso maquillo peino  Hago domicilios",1
descripcion_negocio,Vendemos almuerzos y fritos,1
descripcion_negocio,Distribución de gaseosa y jugos al por mayor y al detal,1
descripcion_negocio,Papeleria lenceria ropa interior para niño damas adultos maquillajes pinta uñas tinte para cabello colonias boli chichas mekatos,1
descripcion_negocio,ROPA BOLSOS FRAGANCIAS CREMAS,1
descripcion_negocio,Cascos para motociclista a crédito,1
descripcion_negocio,"Tennis triple A, jean busos  chaquetas, blusas, camisetas",1
descripcion_negocio,Ropa infantil de niños y niñas 0-12 años,1
descripcion_negocio,Confecciono ropa de dama,1
descripcion_negocio,"Útiles escolares
 detalles ropa de paca",1
descripcion_negocio,Abarrotes granos frutas y verduras,1
descripcion_negocio,"Fotocopias, impresiones, transcripciones y resfresqueria",1
descripcion_negocio,Fabrico calzado,1
descripcion_negocio,"Tengo una fabrica de bolsos 
Y tambn tengo un local",1
descripcion_negocio,Mantenimiento de pisos lavado pulido brillado,1
descripcion_negocio,"conjunto De niñas De Tejidas Blusas, Faldas, bolsos ,gorros,bestido se Bañoo",1
descripcion_negocio,Es una peluqueria todo lo realcionado con el cabello y uñas tintes mechas balayage,1
descripcion_negocio,Soy manicurista realizo toda clase de uñaa,1
descripcion_negocio,"Minutos, recargas, fotocopias, consultas de Internet, helados, dulces, tinto, aromática, empanadas, papa criolla, trabajos para el colegio",1
descripcion_negocio,productos de picadas y tortas,1
descripcion_negocio,"Vendo los repuestos que se necesitan en los autos como son relay, luces, cables, cinta etc",1
descripcion_negocio,Vendo panes deditos pastelitos y chichas,1
descripcion_negocio,"Ropa, Calzado, Detalles miscelaneos",1
descripcion_negocio,"Soy Artesanavarios productosen Porcelanicron, Anchetas, afiches etc",1
descripcion_negocio,Panaderia Panes,1
descripcion_negocio,Picadas diarias pudines y comidas especiales,1
descripcion_negocio,Cervezas gaseosas jugos papas yupis todo lo relacionado con mekatos,1
descripcion_negocio,Detalles sorpresa,1
descripcion_negocio,Venta de equipos y repuestos para televicion y radio comunicaciones,1
descripcion_negocio,Vendo alitas muslo contramuslo y pechuga a la broster,1
descripcion_negocio,De el servicio que prestó como técnico en refrigeracion y electricidad,1
descripcion_negocio,Tejas acrilicas para autos,1
descripcion_negocio,Bar y Licores cervezas en el local y  domicilio,1
descripcion_negocio,Almuerso corriente pollo asado arros chinocenas,1
descripcion_negocio,Venta y fábrica de sábanas y cubrelechos,1
descripcion_negocio,"Producción, elaboración y venta de cerveza artesanal",1
descripcion_negocio,Elaboracion de Calzado,1
descripcion_negocio,Papelería dulces,1
descripcion_negocio,Vendo es un buen servicio,1
descripcion_negocio,Elaboro uñas,1
descripcion_negocio,Tengo un negosio de comidas y refrigerios,1
descripcion_negocio,Somos fabricantes de todo tipo de estructuras metalicas,1
descripcion_negocio,Vendo productos nutricionalez desayunos saludables y cenas,1
descripcion_negocio,Accesorios para celulares y reparación del mismo,1
descripcion_negocio,Desayunos almuerzos y comidas,1
descripcion_negocio,Celulares tablet y computadoras,1
descripcion_negocio,Se confecciona toda prenda de vestir y alkilo togas,1
descripcion_negocio,"Compro y vendo material reciclable, metales, plásticos, cartón, vidrio,",1
descripcion_negocio,Gaseosas mecatos y aseo personal,1
descripcion_negocio,Somos una empresa prestadora de soluciones TIC a instituciones y centros educativos a nivel nacional Ofrecemos una plataforma académica Integral adaptada a cada institución,1
descripcion_negocio,Vendo postes de eucalipto para cerramiento de zonas protegidas a entidades de servicio ambiental,1
descripcion_negocio,Fabrico prendas de vestir para damas,1
descripcion_negocio,Vendo mercancía ropa  calzado y accesorios,1
descripcion_negocio,Servicion de peluqueria y sala de belleza y se venden productos de cuidado capilar maquillaje y otros,1
descripcion_negocio,Galgerias arroz helados cerveza,1
descripcion_negocio,"se confecciona Ropa de dama, caballero",1
descripcion_negocio,Tengo 2 maquinas industriales una maquina plana y una dos agujas me diedico a hacer pantalones de dotación y prendas en APT,1
descripcion_negocio,Ropa exteriores,1
descripcion_negocio,Cerveza gaseosa comidas rápidas servicio de piscina,1
descripcion_negocio,Maquilo,1
descripcion_negocio,micelania y articulos de papeleria en general,1
descripcion_negocio,Pequeña comerciante venta de perfumes colonias cremas y papeleria,1
descripcion_negocio,Viveres y avarrotes,1
descripcion_negocio,Bueno yo me dedico a la crianza y venta de pollos semicriollos,1
descripcion_negocio,venta de te,1
descripcion_negocio,"Útiles escolares ,útiles de aseo, un poquito de  cada cosa",1
descripcion_negocio,Sistemas artificiales de uñas,1
descripcion_negocio,Pan gaseosas pudines mekatos jugos fritos Mini tienda,1
descripcion_negocio,Artesanía,1
descripcion_negocio,Soy agricultora de siembra de café,1
descripcion_negocio,Se vende gaseosa agua jugos recargas cosas para el hogar y cacharrerias,1
descripcion_negocio,Vestidos de baño y prendas en crochet,1
descripcion_negocio,"Vendemos prendas con diseño  personalizados sobre pedido, piezas únicas y transformación de prendas",1
descripcion_negocio,Productos  de primera necesidadpapelería produ tos de ASEO ETCSAla de internet   llamadas Recargas pago de servi ios etc,1
descripcion_negocio,Soy soldador,1
descripcion_negocio,elaboró prendas de vestir como camisas  suéter y prendas para damas y niños,1
descripcion_negocio,Verduras y cosas de la canasta familiar,1
descripcion_negocio,servitool,1
descripcion_negocio,Tengo negocio de lavadoras y negocio de deditos,1
descripcion_negocio,Vendo mi conocimiento e diceño,1
descripcion_negocio,Servicio técnico linea blanca,1
descripcion_negocio,Repuestos aceites todo lo relacionado con motos,1
descripcion_negocio,Elaboración y venta de empanadas,1
descripcion_negocio,Confeccionó a  terceras personas Vestidos shorts pantalones y blusas,1
descripcion_negocio,Lencería del hogar,1
descripcion_negocio,Zandalias,1
descripcion_negocio,Todo lo relacionado con empaques plásticos y desechables,1
descripcion_negocio,"MAGIKA Arte mineral  nos encargamos en fabricar accesorios únicos y exclusivos con gemas naturales, tejidos en alambrismo 100% hecho a mano ✋",1
descripcion_negocio,Mira vendo hamburguesas dobles y sencilla salchichapapas dobles y sencilla arepas mixtas arepa con queso arepas con quesillo y jamón,1
descripcion_negocio,Se vende plantas eléctricas resistencia transformadores parlantes se hacen turbos se venden sonidos etc,1
descripcion_negocio,Venta deCalzado para dama,1
descripcion_negocio,Reparación y mantenimiento de electrodomésticos y repuestos,1
descripcion_negocio,Arepas rellenas Empanadas Longanizas Masato Gaseosa Marranitas Pasteles,1
descripcion_negocio,Hago asesorías contables  y presto el servicio de afiliaciones a seguridad social a terceros,1
descripcion_negocio,Fotocopia trabajos transcripciones e impresiones  trabajos para estudiantes y otras personas  en general,1
descripcion_negocio,"Trajes de baño, pijamas, ropa deportiva",1
descripcion_negocio,"Chuleta,pechuga chorizo todo asado y va acompañado con yuca ,bollo ensalada y salsas y papas",1
descripcion_negocio,Almuerzos caseros,1
descripcion_negocio,Mercancía,1
descripcion_negocio,Venta de verduras al detal y al mayor,1
descripcion_negocio,Yo instalación de camaras de seguridad y qlarmas,1
descripcion_negocio,Aceites para la piel y el cabello,1
descripcion_negocio,Vendo todo lo relacionado con aseo del hogar gaseosas mecatos y ropa,1
descripcion_negocio,Realismo cocinas integrales para viviendas,1
descripcion_negocio,"Estampación por sublimado de mugs, termos, camisetas, pad mouse",1
descripcion_negocio,"Helados, bebidas frías, mekatos",1
descripcion_negocio,Empanadas arepas papas y jugos y limonada,1
descripcion_negocio,Comidas rápidas y postes,1
descripcion_negocio,Productos de panadería algo de víveres cafetería con venta de empanadas pasteles bebidas lácteos,1
descripcion_negocio,Ropa Venta de ropa,1
descripcion_negocio,Presas de pollo ala brostes,1
descripcion_negocio,Ropa calzadomiscelanea,1
descripcion_negocio,Buñuelos tinto Cigarrilos,1
descripcion_negocio,Víveres comidas carnes frías,1
descripcion_negocio,"Comida artesanal, productos de panadería, pizzas lasagñas panes rellenos",1
descripcion_negocio,Congelados,1
descripcion_negocio,Reposteria y plataformas digitales,1
descripcion_negocio,Manicure pedicure acrílico semipermanente,1
descripcion_negocio,pero hago chocolates Para toda ocasión En diferentes forma como corazones,1
descripcion_negocio,SALON DE BELLEZA Y PRODUCTOS DE BELLEZA  KERATINAS MASAJES PARA EL CABELLO,1
descripcion_negocio,Ropa de dama y niña,1
descripcion_negocio,Comidas rapidas hamburguesas artesanales picadas perros,1
descripcion_negocio,Cartón recuperado reciclado,1
descripcion_negocio,Maquillaje y accesorios de dama,1
descripcion_negocio,Patillas o sandías al por menor y al por mayo r,1
descripcion_negocio,Cortinas,1
descripcion_negocio,mercancia y colonias,1
descripcion_negocio,Manualidades confecciones lenceria,1
descripcion_negocio,"Ropa, zapatos, perfumes de todo un poco",1
descripcion_negocio,"Variedades para la parte escolar, aeeo personal y otras cositas",1
descripcion_negocio,Fabrico muebles y gimnasios para mascotas,1
descripcion_negocio,Torta y galletas,1
descripcion_negocio,Instalaciónes de gas luz y agua a traves de contrato con las empresas de servicio publico,1
descripcion_negocio,Comida rápidas,1
descripcion_negocio,Taller de soldadura transformación del metal,1
descripcion_negocio,Soy manicurista industrial realizo uñas en acrílico y gel manicura y pedicura semipermanente,1
descripcion_negocio,Vasos de carton Tapas de carton para panaderia paqueteado o al x mayor mezcladores de carton,1
descripcion_negocio,"Víveres abarrotes y Bar y Licores , bebidas",1
descripcion_negocio,Realizo blower tintes queratina en fin todo lo relacionado con la belleza,1
descripcion_negocio,"Vendo lociones cremas tratamiento para la piel para el cabello, maquillaje productos para la salud",1
descripcion_negocio,Es una pequeña miselania,1
descripcion_negocio,Es un negocio de comidas rápidas la especialidad son las hamburguesas,1
descripcion_negocio,Frutas verduras alimento,1
descripcion_negocio,Vendo galleteria y pasabocas para tiendas,1
descripcion_negocio,se realizan cuadros y espejos Mesas consolas,1
descripcion_negocio,Empanadas pasteles pan de yuca,1
descripcion_negocio,Desayunos sorpresa meriendas arreglos florales detalles organizo eventos,1
descripcion_negocio,Peluquería,1
descripcion_negocio,Organizo eventos familiares y rmpresariales,1
descripcion_negocio,Víveres y variedades,1
descripcion_negocio,Hago donas,1
descripcion_negocio,Elaboracion de Chaquetas,1
descripcion_negocio,"Productos de papeleria y miscelanea, dulceria, helados, relacionados con la impresion y pagos y recargas",1
descripcion_negocio,"Vendo cremas,perfumes y ropa",1
descripcion_negocio,Frutasverduras y trabajo con carnes,1
descripcion_negocio,Alimento y accesorios para mascotas,1
descripcion_negocio,Mochilas tejidas blusas floreros todo tejido a crochet,1
descripcion_negocio,Yogurt  de difresntes sabores suero delicioso postres de diferentes sabores,1
descripcion_negocio,Carnes Rojas y blancs,1
descripcion_negocio,Alquiler y Reparación de Lavadoras,1
descripcion_negocio,Productos para el hogar,1
descripcion_negocio,Productos comida rapida por encargo,1
descripcion_negocio,Vendo tratamientos para el cabello se hacen manicure pedicure peinados cepillado planchado todo lo relacionado con la belleza,1
descripcion_negocio,Venta de repuestos y arreglo de motocicletas,1
descripcion_negocio,"Fritanga, tamales rellenas",1
descripcion_negocio,Puertas metálicas ventanas,1
descripcion_negocio,Accesorios para  celular es y tablet,1
descripcion_negocio,Arroz panela leche gaseosas mecatos cervezas,1
descripcion_negocio,"Vendo viveres, abarrotes, licor",1
descripcion_negocio,"Vendo ropa accesorios de niñas bolso
Arreglo uñas hago recargas",1
descripcion_negocio,Realización de manualidades de fomi,1
descripcion_negocio,Perfumerías y productos de aseo Producto de belleza,1
descripcion_negocio,Mi negocio vende cremas para el cabello  bolsos de todo un poco,1
descripcion_negocio,elaboracion y venta de aretes collares en mostacilla canutillos piedras acero,1
descripcion_negocio,Arepas con huevo empanadas deditos jugos patacones chorizo arepas asadas,1
descripcion_negocio,Pan gaseosas mekatos fritos cigarros,1
descripcion_negocio,Alimentos preparados los fines de semana,1
descripcion_negocio,Todo lo relacionado con culinaria pasabocas para fiestas tamales almuerzos-Es un negocio propio en mi casa soy independiente,1
descripcion_negocio,Muebles de lujo en metal,1
descripcion_negocio,"Es un almacén de cerámicas, y artesanías decoración de alcancías y marranos",1
descripcion_negocio,"Arroz de pollo,papa,empanadas,patacon,chicha",1
descripcion_negocio,Accesorios para carros,1
descripcion_negocio,Panela y fibra de fique o cabuya,1
descripcion_negocio,"Venta de paqueteria , gaseosas , leche , pan",1
descripcion_negocio,Confeccion de prendas,1
descripcion_negocio,Todo lo relacionado con víveres y abarrotes,1
descripcion_negocio,"Gel dental, enjuague bucal, gel reductor, línea Routine de cuidado facial, fragancias femeninas y masculinas, línea infantil cuidado corporal Entre otros",1
descripcion_negocio,Venenos para matar hormiga y cucaracha,1
descripcion_negocio,Bebidas alcohólica,1
descripcion_negocio,Viveres Bar y Licores carnes frutas lácteos,1
descripcion_negocio,Peluquería y uñas,1
descripcion_negocio,"Carne a la llanera 
Chorrasco 
Baby disf
Picadas mixtas 
Rellena",1
descripcion_negocio,"Diseño , impresion de medios visuales , estampado de canosetas gorras , papeleria y avisos",1
descripcion_negocio,Tortas postres ponques,1
descripcion_negocio,"Venta de bloques, piedra y arena al por mayor y detal",1
descripcion_negocio,"Pinturas, remodelaciones, plomeria, y contruccion de casas",1
descripcion_negocio,Comida y servicios turisticos,1
descripcion_negocio,"Venta de accesorios para celulares, tecnología",1
descripcion_negocio,Todo referente a ferreteria para el hogar y arreglos locativos,1
descripcion_negocio,Manicure Pedicure acrílicas  semipermanentes,1
descripcion_negocio,Ensamble de ropa y sabanas,1
descripcion_negocio,Mojarras boca chicos y bagre blanquillos,1
descripcion_negocio,Bebidas y alimentos tradicionales,1
descripcion_negocio,"Educación por ciclos, semestralizado, refuerzo escolar, preparación para el Icfes",1
descripcion_negocio,Fritanga,1
descripcion_negocio,Útiles escolares y otros artículos varios,1
descripcion_negocio,Limpieza aseo general cuidado alimentos perecederos,1
descripcion_negocio,Producto de alimentos de aseo y cachorros,1
descripcion_negocio,"Venta de productos orgánicos: Yuca, Plátano, Miel de abejas, Chicha de corozo, Cacao",1
descripcion_negocio,"Envueltos,rellena , tortas y tamales",1
descripcion_negocio,ASESORIAS de tareas,1
descripcion_negocio,Todo lo relacionado con productos de panadería,1
descripcion_negocio,"Cigarrilllos, Bar y Licores y Golosinas",1
descripcion_negocio,Productos para bajar de peso y otras enfermedades,1
descripcion_negocio,Todos los de la canasta familiar,1
descripcion_negocio,Arepas y bebidas,1
descripcion_negocio,"Diseño Gráfico Publicidad y Mercadeo, y Prestaciones de Servicios Relacionados al Ramo",1
descripcion_negocio,Jugos naturales pastelez con arroz con cerdo y pollo mistos empanadas papas rellenas caravañolas patacones relleno i otros savores,1
descripcion_negocio,"Productos farmacéuticos ,naturales ,populares y de belleza",1
descripcion_negocio,Todo lo relacionado en cabello y uñas,1
descripcion_negocio,"Pizzas
Hamburguesas
Salchipapas
Patacón mixto",1
descripcion_negocio,Distribuidor de Ñame yuca maiz y se cultiva,1
descripcion_negocio,Pizzas y comida rapida,1
descripcion_negocio,Pintura de motos y carros con pintura especial de efectos,1
descripcion_negocio,"Picadas 
Hamburguesas
Perros calientes
Mazorcadas 
Patacones",1
descripcion_negocio,Hacemos terminación de jean,1
descripcion_negocio,Corte de dama caballero tintes manicura pedicure,1
descripcion_negocio,"Ensaladas de frutas, helados,cholaos,luladas y mucho más en cuestiones de helado y fruta",1
descripcion_negocio,Venta de licor gaseosas dulcería y víveres,1
descripcion_negocio,Y recaudo de facturas,1
descripcion_negocio,Carnes frias,1
descripcion_negocio,"Arepas rellenas,creeps,mazorcadas, tortas, pañuelos de choclo, butifarras,costillas,alitas BBQ, sopas",1
descripcion_negocio,Lubricantes - retardante y Juguetes sexuales,1
descripcion_negocio,"Ropa de dama 
Ropa de Caballero
Bolsos 
Relojes",1
descripcion_negocio,Camisetas estampadas de forma personalizada en varios colores y todas las talas,1
descripcion_negocio,"Confiteriadulces),mekatos,jugos,",1
descripcion_negocio,Alimentos aseo personal y bebidas,1
descripcion_negocio,Comidas jugos pasteles y cervezas,1
descripcion_negocio,Venta y recarga de extintores,1
descripcion_negocio,Corrientes sancochos arroz sopas y venta de fritos,1
descripcion_negocio,"Mojarra frita 
Cerdo frito 
Loncha de cerdo 
Cerveza",1
descripcion_negocio,Mercado mecato  legumbre licor gaseosa,1
descripcion_negocio,Cuadros al Óleo sobre lienzo,1
descripcion_negocio,Venta al mayor y detal de bisutería,1
descripcion_negocio,ObleaSsolteritasmangosaguagaseosagatoradecdrvezacigareeriaco fiteriamekatos,1
descripcion_negocio,"Desayunos, almuerzos ejecutivos",1
descripcion_negocio,"Polos, camisas, etc",1
descripcion_negocio,"Desayunos, almuerzos y cenas",1
descripcion_negocio,Cortes de básicos,1
descripcion_negocio,Almuerzo desayuno,1
descripcion_negocio,Fritanga de chuncullas,1
descripcion_negocio,Venta tienda a tienda productos gaseosos,1
descripcion_negocio,Maquillaje para mujer,1
descripcion_negocio,Platos corrientes y especiales comidas para eventos,1
descripcion_negocio,alimentos de la canasta familiar y papeleria,1
descripcion_negocio,"Pizza Artesanal, hamburguesa Artesanal, comidas rápidas, bebidas naturales y otros",1
descripcion_negocio,Costura,1
descripcion_negocio,Dulceria,1
descripcion_negocio,Todo lo relacionado con aires acondicionados automotriz,1
descripcion_negocio,Ropa colonias aseo alimento Venta por catálogo o revista,1
descripcion_negocio,Abarrotes y verduras,1
descripcion_negocio,"Ropa, calzado, maquillaje y accesorios",1
descripcion_negocio,"Venta de sábanas, cubrelechos, cobijas y almohadas",1
descripcion_negocio,Calzados ropa y bolsos,1
descripcion_negocio,"Productos para bajar de peso,salud y belleza",1
descripcion_negocio,"Batería de ollas
Picatodo
Sartenes
Juego de cubiertos
Lencería",1
descripcion_negocio,"Ropa caballero y dama, calzado caballero y dama, bolsos para dama,, pijamas",1
descripcion_negocio,"Deditos, empanadas, rollitos Pasabocas",1
descripcion_negocio,Variedades,1
descripcion_negocio,"Hamburguesa 
Perros calientes 
Empanadas 
Papas rellenas 
Mazorcadas 
Churros 
Pasteles de pollo",1
descripcion_negocio,"En la mañana fritos  empanadas, áreas de huevo, papá rellena etc)
Y desayunos
Al mediodía  almuerzos, jugos naturales
Adicional productos postobon gaseosas, agua botella, jugos hit entre otros)",1
descripcion_negocio,Jabones productos de aseo productos cárnicos ropa calzado,1
descripcion_negocio,"Venta de picadas de carne a la llanera,y chorizos",1
descripcion_negocio,Calzado para dama y niña,1
descripcion_negocio,Tratamiento capilares cepillados alisados,1
descripcion_negocio,Gavinete de cocina closes puertas cama más reparación y mantenimiento de los mismos,1
descripcion_negocio,Fabricación de productos eléctricos,1
descripcion_negocio,Raicez chinas,1
descripcion_negocio,"Producto de piñateria, electrodoméstico para hogar, cuaderno y producto de belleza",1
descripcion_negocio,Hamburguesas,1
descripcion_negocio,Todo lo Relacionado  con mercansia  y perfumeria cacharreria,1
descripcion_negocio,"Drogas, productos de aseo personal, recargas, medicina natural, productos de belleza",1
descripcion_negocio,Reparación  y mantenimiento,1
descripcion_negocio,"Vendo ropa para bebé,dama, caballero y niños,calzado",1
descripcion_negocio,Peluquería y productos de belleza,1
descripcion_negocio,"Hago prestacion de servicios como tecnico electricista, instalaciones electricas",1
descripcion_negocio,Ropa formal para dama cabelleros y niño,1
descripcion_negocio,Toda clase de artesanias collares manillas artesania en alambre como bicicletas arañas collares tejidos en piedras cuarzos etc,1
descripcion_negocio,Todo lo de papelería fotocopias impresiones servicio de recargas hago pijamas arreglo ropa,1
descripcion_negocio,"Accesorios para celulares, teclados de computadores, mouse para computador , parlantes",1
descripcion_negocio,Accesorios para celulares y variedades,1
descripcion_negocio,Hago buzos y arreglamos en general de ropa,1
descripcion_negocio,Todo lo relacionado con pudines y postres,1
descripcion_negocio,Vendo combos de alitas con papas fritas y Bar y Licores,1
descripcion_negocio,Vendo cerveza al por mayor para dos veredas y gaseosas pero más cerveza,1
descripcion_negocio,Yo vendo embutidos como chorizos y pollos rellenos carnes frias,1
descripcion_negocio,"Servicios de mantenimientos 
En general
Aires acondicionados,electricidad ,pintura ,
Actualmente esta registrado como es sip GR SAS",1
descripcion_negocio,Es una pastelería y panadería cafeteria,1
descripcion_negocio,Gaseosa miselanea y cosas de tienda no perecederas pan,1
descripcion_negocio,Todo lo relacionado en mercado aroiz panela aceite,1
descripcion_negocio,"Luladas
Maracuyadas 
Cholados",1
descripcion_negocio,Tengo un contrato con el colegio académico,1
descripcion_negocio,"Son confecciones, costuras en general",1
descripcion_negocio,"Arreglos de ropa
Confección de prendas livianas
Servicio satélite cco fexcion de sudaderas, uniformes antifluidos,linea quirúrgica",1
descripcion_negocio,Ensaladas de frutasmalteadasbrownies con helado,1
descripcion_negocio,Flores anchetas y organizadora de  eventos,1
descripcion_negocio,"Es una tienda de café, vendemos productos derivados del café en diferentes procesos de preparación como espresso, métodos filtrados, capuccino, entre otros También vendemos acompañamientos como tortas, pasteles, entre otros",1
descripcion_negocio,Lociones cremas esplas,1
descripcion_negocio,Vendo mercancia de marketing personal,1
descripcion_negocio,"Productos de revista, Lbel y yanbal",1
descripcion_negocio,Vidrios ventanas aluminios divisiones,1
descripcion_negocio,"Comidas rapidas; salchipapa, perros calientes, amburguesas, picadas, carne asada",1
descripcion_negocio,Pasteleria y reposteria personalizada,1
descripcion_negocio,Trabajo con almohadas y sabanas,1
descripcion_negocio,Mercado y dulceria,1
descripcion_negocio,Es pasteleria y chocolateria artesanal,1
descripcion_negocio,Corte cepillados tinturados arreglos de uñas,1
descripcion_negocio,"Artículos para bebé,  coches,  corrales y ropa",1
descripcion_negocio,Huevos de gallina,1
descripcion_negocio,LDR peluquerías,1
descripcion_negocio,"Licor, dulceria, viveres, jugos, tinto y demas",1
descripcion_negocio,"Ropa de bb, pañales , calzado, lociones,pijamas, empaques, bañeras, detalles",1
descripcion_negocio,Ropa infantil y marroquíneria,1
descripcion_negocio,Mecánica latoneria y pintura,1
descripcion_negocio,Somos una empresa dedicada a soluciones gráficas y de publicidad en gran formato  para empresas y particulares,1
descripcion_negocio,Procesamiento y elaboración de comidas,1
descripcion_negocio,"Tienda de abarrotes, cigarrillos, cerveza, gaseosas",1
descripcion_negocio,Vendo accesorios para damas y niñas Joyería en acero camisetas para toda la familia,1
descripcion_negocio,"Servicios de mantenimientos, conztrucciones civiles, metalmecanicas",1
descripcion_negocio,"Velas de aroma,  velas de parafina , recordatorios para toda ocasión",1
descripcion_negocio,"Vendo bolsos de dama, morrales, cangureras, tenis triple A y crop top",1
descripcion_negocio,"Hago rejas ,ventanas , puertas todo lo relacionado con cerrajería",1
descripcion_negocio,Mekatos fritos,1
descripcion_negocio,Todo lo que tiene que ver con fritos y picadas,1
descripcion_negocio,"chorizo 
Queso campesino
Bollos o envueltos",1
descripcion_negocio,Forros y tapizado Para autos y muenles,1
descripcion_negocio,"Tratamientos capilares, shampoo, mascarillas faciales, exfoliantes, entre otros",1
descripcion_negocio,Internet útiles escolares y otro productos,1
descripcion_negocio,Cerámicas publicitarias para lechonerias,1
descripcion_negocio,Corte de cabello keratinas peinados dama niña cepillados uñas depilacion pigmento de cejas,1
descripcion_negocio,"Asados, pollo,cerdo carne y chuleta",1
descripcion_negocio,"Fabricación
Closets
Cocinas
Puertas
Muebles de baño
Y todo lo relacionado con restauración de muebles, obra gris y blanca",1
descripcion_negocio,Bolsos,1
descripcion_negocio,"comida tipica, y comida rapida",1
descripcion_negocio,"Arepas solas y con:
Pollo
Queso
Carne 
Jamón
Tocineta 
Maicitos
Jamón
Mixta
Chorizos",1
descripcion_negocio,Bar y Licores y abarrotes,1
descripcion_negocio,Cemento varilla tubería cable alambre pintura,1
descripcion_negocio,Ropa productos de belleza entre otras y soy manicurista labor que realizo a domicilios,1
descripcion_negocio,Sueros yogures,1
descripcion_negocio,"Servicio de logística para eventos, alquiler de sillas, carpas,mesas, sonido, animación,recreación, alquiler de inflables y saltarín, etc",1
descripcion_negocio,Tienda de víveres y abarote,1
descripcion_negocio,"Servicio de desayunos y almuerzos caseros, tienda, papelería y variedades",1
descripcion_negocio,"Manicure, pedicure, arreglo de cabello, cejas, pestañas",1
descripcion_negocio,"Todo tipo de producto para el cuidado personal, para tu hogar y  toda tu familia",1
descripcion_negocio,Estampados de camisetas toallas conjuntos ect,1
descripcion_negocio,Bar y Licores en general,1
descripcion_negocio,Cortes  Cepillado planchado tintes depilación y productos de belleza,1
descripcion_negocio,"Uñas, cabello, maquillaje",1
descripcion_negocio,Chicharrón y costillas de cerdo,1
descripcion_negocio,Pasabocas para toda clases de evento,1
descripcion_negocio,"Panes, tortas, postres , galletas, almuerzos especiales y atención de pequeños eventos",1
descripcion_negocio,Juegos de sábanas cortinas acolchados vestidos conjuntos etc,1
descripcion_negocio,"Productos de consumo diario, arroz aceite, alimentos",1
descripcion_negocio,Vendemos productos  para carros como radio luces,1
descripcion_negocio,Constructora Electricidad plomeria camaras de vigilancia,1
descripcion_negocio,"Mantenimiento y reparacion de celulares, tables y computadores",1
descripcion_negocio,Soy enfermera presto servicios a domicilio y soy cosmetologa vendo paquetes faciales y corporales,1
descripcion_negocio,Banderines decorativos personalizados para todo tipo de negocio y eventos,1
descripcion_negocio,"Víveres, papelería, confites",1
descripcion_negocio,Tengo un pequeño emprendimiento de sandwis tipo cubanos caseros y jugos,1
descripcion_negocio,Víveres para la canasta familiar,1
descripcion_negocio,"Mi negocio vende abarrotes gaseosas, empanadas pasteles, productos de aseo, tinto, helados y muchas cosas mas",1
descripcion_negocio,"productos no perecederos y perecederos, cervezas ,,gaseosas ect",1
descripcion_negocio,Tapicería y restauración de muebles,1
descripcion_negocio,"Trajes,accesorios y otros",1
descripcion_negocio,Papeleria,1
descripcion_negocio,ropa bolsos zapatos  carteras chancletas  y demás,1
descripcion_negocio,Blowers depilacion colocacion de pestañas cejas semipermanentes tratamientos rayitos keratinas,1
descripcion_negocio,"Decoraciones para aula ,cuartos, decoraciones de fiesta cotillones sorpresas sourvenirs",1
descripcion_negocio,Apero para caballos,1
descripcion_negocio,"Servicios: esmaltado tradicional
Esmaltado semipermanente
Acrigel
Press on
Técnica Dipping
Técnica rubbers
Acrigel
Acrílico 
Cejas semipermanentes
Pestañas
Maquillaje
Y mucho mas",1
descripcion_negocio,Carne cerdo,1
descripcion_negocio,Venta de dulces y mekatos para niños y adultos a buen precio..,1
otra_categoria_negocio,Moda/accesorios,91
otra_categoria_negocio,Confecciones/modistería,63
otra_categoria_negocio,Abarrotes,40
otra_categoria_negocio,Confección y vemta,38
otra_categoria_negocio,Misceláneas,34
otra_categoria_negocio,Muebles/objetos,32
otra_categoria_negocio,Comida rápida,28
otra_categoria_negocio,Otro,24
otra_categoria_negocio,"Carniceria, Avícola",18
otra_categoria_negocio,Comida corriente,15
otra_categoria_negocio,Comida tradicional,12
otra_categoria_negocio,Confección y venta,11
otra_categoria_negocio,Pastelería/ panadería,9
otra_categoria_negocio,Otra.,7
otra_categoria_negocio,Mensajería/transporte,6
otra_categoria_negocio,Otra,6
otra_categoria_negocio,Maquila,5
otra_categoria_negocio,Belleza y estética,4
otra_categoria_negocio,Calzado,4
otra_categoria_negocio,Ropa y calzado,3
otra_categoria_negocio,Comidas rapidas,3
otra_categoria_negocio,Servicios de alquiler,3
otra_categoria_negocio,Postres,3
otra_categoria_negocio,Accesorios para celulares,3
otra_categoria_negocio,Bebidas y jugos,3
otra_categoria_negocio,Frutas y verduras,3
otra_categoria_negocio,Helados,2
otra_categoria_negocio,Moda y accesorios,2
otra_categoria_negocio,Publicidad,2
otra_categoria_negocio,Eventos,2
otra_categoria_negocio,Artesanía y manualidades,2
otra_categoria_negocio,Ropa,2
otra_categoria_negocio,Venta de ropa y calzado,2
otra_categoria_negocio,Salud y Belleza,2
otra_categoria_negocio,Más de un negocio,2
otra_categoria_negocio,Miselanea,2
otra_categoria_negocio,Ropa deportiva,2
otra_categoria_negocio,Otros,2
otra_categoria_negocio,Comidas rápidas,2
otra_categoria_negocio,Venta de Calzado,2
otra_categoria_negocio,Limpiones,2
otra_categoria_negocio,Zapatos,2
otra_categoria_negocio,Repuestos para carros,1
otra_categoria_negocio,Calle68an86a60,1
otra_categoria_negocio,"pasabocas , paquetes , yupi, frito lay",1
otra_categoria_negocio,Cuidado de personas de la tercera edad y personas con discapacidad,1
otra_categoria_negocio,Contratamos obras instalamos driwall superboar enchapes y todo lo relacionado en terminados de obra civiles,1
otra_categoria_negocio,Asesorías,1
otra_categoria_negocio,"Porta cascos para moto  Percheros personalizados para gorras y ropa , cuadros personalizados y otros accesorios para moto",1
otra_categoria_negocio,Confección y elaboracion de calzado,1
otra_categoria_negocio,Ropa calzado y marroquineria,1
otra_categoria_negocio,Venta de gas de colgas,1
otra_categoria_negocio,"Fumigaciones comerciales,residenciales,industriales,hospitalarias,institucionales y demás",1
otra_categoria_negocio,"Perfumería, cremas de mano, maquillaje,  accesorios",1
otra_categoria_negocio,"Corte y grabado láser, avisos luminosos, señalizaciones industriales, techos, cúpulas, entre otros",1
otra_categoria_negocio,"Venta de sábanas, cubrelechos, cobijas y almohadas",1
otra_categoria_negocio,"Batería de ollas
Picatodo
Sartenes
Juego de cubiertos
Lencería",1
otra_categoria_negocio,Miscelanea,1
otra_categoria_negocio,Entretenimiento y colección Y que es una puesto de venta informal de muñecos de colección y de películas,1
otra_categoria_negocio,Todo lo relacionado con aires acondicionados automotriz,1
otra_categoria_negocio,Lubricantes - retardante y Juguetes sexuales,1
otra_categoria_negocio,Venta tienda a tienda productos gaseosos,1
otra_categoria_negocio,Fritos al mayor y detal,1
otra_categoria_negocio,"Vendo ojaldras ,café empanadas masitas de maíz y",1
otra_categoria_negocio,Desayunos en la mañana y comidas Rapidas fines de semana,1
otra_categoria_negocio,"Calzado para damas,caballeros y niños",1
otra_categoria_negocio,"Servicio técnico, mantenimiento preventivo y correctivo de equipos de refrigeración, venta de repuestos de refrigeración",1
otra_categoria_negocio,"Servicio de Catering para eventos, hacemos comida para reuniones sociales y Empresariales",1
otra_categoria_negocio,"Servicio de organización y catering para eventos , alquiler de MOBILIARIOS para decoración de fiestas",1
otra_categoria_negocio,"*Alquiler de equipos de sonido - Luces y efectos 
*artistas 
* pantallas led
* pista led 
*shows pirotécnicos 
* servicio de 𝕕𝕛 profesional 
* venta de suministros para bares  líquidos de humo - Polvora fría - exterior y suministros en general )",1
otra_categoria_negocio,"Abarrotes,aseo 
Miscelánea artículos de papelería",1
otra_categoria_negocio,"Vidrios, espejos, divisiones de baño, marquesinas, barandas",1
otra_categoria_negocio,Confecion de calzado,1
otra_categoria_negocio,Comprar Lavadoras Digitales y dobletina reparo y vendo con garantía Reparación de lavadoras digitales y dobletina en la ciudad a domicilio,1
otra_categoria_negocio,"contables, tributarias, impuestos",1
otra_categoria_negocio,Atención a la Primera Infancia y guías asistidas en el desarrollo académico,1
otra_categoria_negocio,Instalación de cielo raso pvc venta de PVC,1
otra_categoria_negocio,Enseñanza y orientación de tareas y trabajos,1
otra_categoria_negocio,"Creación de páginas web
Software de escritorio
App móviles",1
otra_categoria_negocio,Cuidado personal,1
otra_categoria_negocio,Alquiler de estación de topografía,1
otra_categoria_negocio,Ropa y zapatos,1
otra_categoria_negocio,Miscelánea/Papeleria,1
otra_categoria_negocio,"Zapatilla Adidas , Nike puma  zapatillas importadas",1
otra_categoria_negocio,Fabricamos camas somier salas a pedido tapizado entre otras,1
otra_categoria_negocio,Fabricaccion  y ventas de  muebles  para el hogar,1
otra_categoria_negocio,Servicios musicales en eventos familiares y comerciales,1
otra_categoria_negocio,Reparación de motos y venta de repuestos de motos,1
otra_categoria_negocio,"Ropa, juguetes, accesorios",1
otra_categoria_negocio,Transporte,1
otra_categoria_negocio,"Servicio de reparación, venta de equipos y Accesorios",1
otra_categoria_negocio,Cerveza al por mayor y al detal,1
otra_categoria_negocio,Plantas,1
otra_categoria_negocio,"Venta de ropa, para dama, hombre y niños",1
otra_categoria_negocio,Gorras camisas conjuntos damas y caballeros,1
otra_categoria_negocio,Calzado infantil,1
otra_categoria_negocio,"Cuidado de niños, asesorías de tareas, alimentación",1
otra_categoria_negocio,Control integrado de plagas,1
otra_categoria_negocio,Vendo impermeables para moto por mayor y detal,1
otra_categoria_negocio,"Venta de piyamas ,maquillaje ,medias",1
otra_categoria_negocio,"Inseminación artificial de bovinos, atención en especies mayores, servicio de atención a bovinos, equinos, en general",1
otra_categoria_negocio,Impresion Digital y Ligográfica,1
otra_categoria_negocio,Colchones camas comedores,1
otra_categoria_negocio,"Decoración de salones, catering para eventos, alquiler de mobiliario para fiestas todo lo relacionado con organización de eventos familiares y empresariales",1
otra_categoria_negocio,Fabricación y venta de paletas artesanales de frutas al por mayor y detal,1
otra_categoria_negocio,Belleza automotriz,1
otra_categoria_negocio,Arreglos locativos y mantenimiento en general,1
otra_categoria_negocio,Elaboración de velas artesanales esencias y terapias holísticas,1
otra_categoria_negocio,"Diseño de interiores 
Accesorios en madera y metales 
Construcción de anuncios con luminaria",1
otra_categoria_negocio,comida preparada,1
otra_categoria_negocio,Servicio de asesoría nutricional y venta de suplementos,1
otra_categoria_negocio,"Mantenimiento y reparación de plantas eléctricas diesel y gasolina Motobombas, electrobombas, motosierras, guadañadora, equipos afines a la construcción, tales como vibrocompactadores, apisonadosres, allanadoras, cortapavimentos,ect, etc",1
otra_categoria_negocio,"Venta de ropa, calzado, accesorios para bebés",1
otra_categoria_negocio,"Venta de vidrios ,espejos , ventanas en aluminio ,marquesinas , diviciones de baño y oficina ,techos PVC , Pisos y arreglos locativos",1
otra_categoria_negocio,"Correa, billeteras
Bolsos
Desodorantes
Ropa interior",1
otra_categoria_negocio,Distribución  para negocios de helado,1
otra_categoria_negocio,Venta de calzado nacional e importado,1
otra_categoria_negocio,Venta de ropa,1
otra_categoria_negocio,"Venta de bloques, piedra y arena al por mayor y detal",1
otra_categoria_negocio,Pan gaseosas pudines mekatos jugos fritos Mini tienda,1
otra_categoria_negocio,Vendo mercancía ropa  calzado y accesorios,1
otra_categoria_negocio,Vendo postes de eucalipto para cerramiento de zonas protegidas a entidades de servicio ambiental,1
otra_categoria_negocio,Detalles sorpresa,1
otra_categoria_negocio,De el servicio que prestó como técnico en refrigeracion y electricidad,1
otra_categoria_negocio,Tejas acrilicas para autos,1
otra_categoria_negocio,Venta y fábrica de sábanas y cubrelechos,1
otra_categoria_negocio,"Producción, elaboración y venta de cerveza artesanal",1
otra_categoria_negocio,Papelería dulces,1
otra_categoria_negocio,Elaboro uñas,1
otra_categoria_negocio,Tengo un negosio de comidas y refrigerios,1
otra_categoria_negocio,Somos fabricantes de todo tipo de estructuras metalicas,1
otra_categoria_negocio,Desayuno y almuerzos,1
otra_categoria_negocio,Desayunos almuerzos y comidas,1
otra_categoria_negocio,Se confecciona toda prenda de vestir y alkilo togas,1
otra_categoria_negocio,"Compro y vendo material reciclable, metales, plásticos, cartón, vidrio,",1
otra_categoria_negocio,Gaseosas mecatos y aseo personal,1
otra_categoria_negocio,Todo lo relacionado con culinaria pasabocas para fiestas tamales almuerzos-Es un negocio propio en mi casa soy independiente,1
otra_categoria_negocio,Vidrios ventanas aluminios divisiones,1
otra_categoria_negocio,"Comidas rapidas; salchipapa, perros calientes, amburguesas, picadas, carne asada",1
otra_categoria_negocio,Se vende gaseosa agua jugos recargas cosas para el hogar y cacharrerias,1
otra_categoria_negocio,"Útiles escolares ,útiles de aseo, un poquito de  cada cosa",1
otra_categoria_negocio,Trabajo con almohadas y sabanas,1
otra_categoria_negocio,venta de te,1
otra_categoria_negocio,Detalles y Desayunos Sorpresa,1
otra_categoria_negocio,"Vendo
Caldos
Perros calientes
Hamburguesas
Salchipapas
Pataconas con pollo y carne 
Pechuga gratinada",1
otra_categoria_negocio,"Empanadas, papas rellenas, pasteles de pollo, avena",1
otra_categoria_negocio,todo tipo de prendas de vestir,1
otra_categoria_negocio,Panes pasteles mecato gaseosas jugos,1
otra_categoria_negocio,Somos un sitio especializado en Sancochos y platos tradicionales de la comida costeña!,1
otra_categoria_negocio,Gaseosas recarga y variedades de aseo personal,1
otra_categoria_negocio,Comidas y bebidas Bar y Licores,1
otra_categoria_negocio,"Esto es una pequeña miselania vendo papelería, cosméticos, dulceria, gaseosas, cerveza, cargadores y detalles",1
otra_categoria_negocio,Arreglo de aptos y casas y alquiler de herramientas,1
otra_categoria_negocio,Panaderia Panes,1
otra_categoria_negocio,Picadas diarias pudines y comidas especiales,1
otra_categoria_negocio,Vendo es un buen servicio,1
otra_categoria_negocio,"se confecciona Ropa de dama, caballero",1
otra_categoria_negocio,Tengo 2 maquinas industriales una maquina plana y una dos agujas me diedico a hacer pantalones de dotación y prendas en APT,1
otra_categoria_negocio,Ropa exteriores,1
otra_categoria_negocio,Cerveza gaseosa comidas rápidas servicio de piscina,1
otra_categoria_negocio,Maquilo,1
otra_categoria_negocio,micelania y articulos de papeleria en general,1
otra_categoria_negocio,Pasteleria y reposteria personalizada,1
otra_categoria_negocio,Es pasteleria y chocolateria artesanal,1
otra_categoria_negocio,Accesorios para carros,1
otra_categoria_negocio,Bebidas,1
otra_categoria_negocio,"Son confecciones, costuras en general",1
otra_categoria_negocio,Ensaladas de frutasmalteadasbrownies con helado,1
otra_categoria_negocio,Flores anchetas y organizadora de  eventos,1
otra_categoria_negocio,"Hago rejas ,ventanas , puertas todo lo relacionado con cerrajería",1
otra_categoria_negocio,Mekatos fritos,1
otra_categoria_negocio,Cemento varilla tubería cable alambre pintura,1
otra_categoria_negocio,Constructora Electricidad plomeria camaras de vigilancia,1
otra_categoria_negocio,Tengo un pequeño emprendimiento de sandwis tipo cubanos caseros y jugos,1
otra_categoria_negocio,Ganaderia,1
otra_categoria_negocio,Bolsos,1
otra_categoria_negocio,"Servicios jurídicos, Asesorías jurídicas en temas legales, Asesorías en materia de derecho de familia, penal, administrativo  entre otras",1
otra_categoria_negocio,"Arepas solas y con:
Pollo
Queso
Carne 
Jamón
Tocineta 
Maicitos
Jamón
Mixta
Chorizos",1
otra_categoria_negocio,"Servicio de logística para eventos, alquiler de sillas, carpas,mesas, sonido, animación,recreación, alquiler de inflables y saltarín, etc",1
otra_categoria_negocio,Estampados,1
otra_categoria_negocio,Todo lo Relacionado  con mercansia  y perfumeria cacharreria,1
otra_categoria_negocio,Todo lo relacionado con productos de panadería,1
otra_categoria_negocio,Pintura de motos y carros con pintura especial de efectos,1
otra_categoria_negocio,Hacemos terminación de jean,1
otra_categoria_negocio,"Educación por ciclos, semestralizado, refuerzo escolar, preparación para el Icfes",1
otra_categoria_negocio,Tengo un contrato con el colegio académico,1
otra_categoria_negocio,Es una pastelería y panadería cafeteria,1
otra_categoria_negocio,"Artículos para bebé,  coches,  corrales y ropa",1
otra_categoria_negocio,"Vendo ropa para bebé,dama, caballero y niños,calzado",1
otra_categoria_negocio,"Ropa de bb, pañales , calzado, lociones,pijamas, empaques, bañeras, detalles",1
otra_categoria_negocio,Ropa infantil y marroquíneria,1
otra_categoria_negocio,Mecánica latoneria y pintura,1
otra_categoria_negocio,Somos una empresa dedicada a soluciones gráficas y de publicidad en gran formato  para empresas y particulares,1
otra_categoria_negocio,Procesamiento y elaboración de comidas,1
otra_categoria_negocio,Vendo accesorios para damas y niñas Joyería en acero camisetas para toda la familia,1
otra_categoria_negocio,"Servicios de mantenimientos, conztrucciones civiles, metalmecanicas",1
otra_categoria_negocio,"Vendo bolsos de dama, morrales, cangureras, tenis triple A y crop top",1
otra_categoria_negocio,"Productos de revista, Lbel y yanbal",1
otra_categoria_negocio,Vendo mercancia de marketing personal,1
otra_categoria_negocio,Lociones cremas esplas,1
otra_categoria_negocio,"Es una tienda de café, vendemos productos derivados del café en diferentes procesos de preparación como espresso, métodos filtrados, capuccino, entre otros También vendemos acompañamientos como tortas, pasteles, entre otros",1
otra_categoria_negocio,"Hago prestacion de servicios como tecnico electricista, instalaciones electricas",1
otra_categoria_negocio,Ropa formal para dama cabelleros y niño,1
otra_categoria_negocio,Ropa calzado,1
otra_categoria_negocio,Todo lo de papelería fotocopias impresiones servicio de recargas hago pijamas arreglo ropa,1
otra_categoria_negocio,Hago buzos y arreglamos en general de ropa,1
otra_categoria_negocio,Todo lo relacionado con pudines y postres,1
otra_categoria_negocio,Vendo combos de alitas con papas fritas y Bar y Licores,1
otra_categoria_negocio,"Juego pool, canales deportivos  y bebidas frías",1
otra_categoria_negocio,Pet shop,1
otra_categoria_negocio,Pues vendo bolsos de dama jean short blusas sandalias,1
otra_categoria_negocio,"Dulces, paletas, maní, coco, maíz",1
otra_categoria_negocio,"Decoración 
Montaje y desmontaje de eventos 
Suministro de comida y menaje 
Organización de todo el evento",1
otra_categoria_negocio,Todo lo relacionado con panadería y trtas y postres,1
otra_categoria_negocio,"Montura y lentes ópticos 
Distribuidor de monturas  al detal",1
otra_categoria_negocio,detalles sorpresa,1
otra_categoria_negocio,Muebleria para el hogar,1
otra_categoria_negocio,"Zapatos, medias , ropa",1
otra_categoria_negocio,"Asesoría jurídica 
Representación judicial
Compraventa de muebles e inmuebles",1
otra_categoria_negocio,Cuidado de niños y asesoría de tareas,1
otra_categoria_negocio,"Realmente son productos naturales para el cuidado del cuerpo y la salud, para toda la familia.",1
otra_categoria_negocio,"Impresión, escaner, venta de refrigerios",1
otra_categoria_negocio,"Dulcería, galleteria, productos para el aseo, papelería, agua, gaseosa, ect.",1
otra_categoria_negocio,Lavado de motos mecanica,1
otra_categoria_negocio,"Fabricación de estructuras metálicas y aluminio, ventanería, divisiones de baño",1
otra_categoria_negocio,"Mantenimiento  de motores 
Plantas de tratamiento  de agua
Sistema de filtración de piscina y iluminación",1
otra_categoria_negocio,"Ropa, calzado, accesorios",1
otra_categoria_negocio,Vendo suerte básicos largos y cortos para damas.,1
otra_categoria_negocio,Lentes recetados y gafas de sol,1
otra_categoria_negocio,"Ventanas ,puertas ,portones todo lo relacionado con soldadura",1
otra_categoria_negocio,"Lavado y desinfeccion de todo tipo de muebles, colchones, tapetes alfombras, persianas y lavado de automoviles",1
otra_categoria_negocio,"Mascotas
Guardería canina 
Artículos para mascotas 
Vacunas 
Desparasitación",1
otra_categoria_negocio,Arreglos locativos y remodelaciones,1
otra_categoria_negocio,Mantenimiento y limpieza de edificios,1
otra_categoria_negocio,"Servicios

Entrenamiento personalizado.
Creación de somatocarta.
Adaptación fisiológica a los diversos estímulos.
Acompañamiento en competencia.
Sugerencias de alimentación y suplementación.
Creación de videos",1
otra_categoria_negocio,Productos automotrices,1
otra_categoria_negocio,"Gafas oscuras, nocturnas y para eventos sociales",1
otra_categoria_negocio,"Nos especializamos en el comercio de ropa para clima cálido y el turismo, nuestro producto estrella son las pantalonetas las manejaremos en diferentes estilos para dama y caballero",1
otra_categoria_negocio,"Lavada de carros y motos, polichada, desengrasado, lavado de motor",1
otra_categoria_negocio,Hogar y deporte,1
otra_categoria_negocio,Venta de ropa deportiva,1
otra_categoria_negocio,Venta de mercancía tenis y ropa,1
otra_categoria_negocio,"Globos, ánchetas, desayunos sorpresas y artículos para fiesta",1
otra_categoria_negocio,Estructura y terminados de obra en construcción,1
otra_categoria_negocio,Brillado de pisos de mármol,1
otra_categoria_negocio,"Instalación de cielorraso en drywall, pvc y icopor  y arreglamos paredes en estuco veneciano y plástico",1
otra_categoria_negocio,"Comida, accesorios, baños peluqueria",1
otra_categoria_negocio,"Cerveza, gaseosa, golosinas",1
otra_categoria_negocio,Utensilio para el hogar,1
otra_categoria_negocio,Ventas al por mayor de piezas para motocicleta elaboradas en aluminio,1
otra_categoria_negocio,"DISEÑO CORPORATIVO
3D",1
otra_categoria_negocio,Restaurante y Comida Preparada,1
otra_categoria_negocio,"Vendemos ropa, accesorios, calzado.",1
otra_categoria_negocio,"Ventanas, rejas",1
otra_categoria_negocio,"Procesos de pérdida de peso y productos naturales como colágenos, fibras etc",1
otra_categoria_negocio,Venta de ropa para dama y caballero. Venta de perfumería,1
otra_categoria_negocio,Venta de repuestos y reparación y mantenimiento de motocicletas,1
otra_categoria_negocio,Víveres,1
otra_categoria_negocio,Fabricación de puertas ..ventanas ..portones ...estructuras metálicas para casas,1
otra_categoria_negocio,"Diseño de piezas, afiches, volantes, letreros, avisos, edición de videos, locución y presentación",1
otra_categoria_negocio,"Café de especialidad, de origen",1
otra_categoria_negocio,Servicio de cafe internet,1
otra_categoria_negocio,"Escolar,oficina y variedades",1
otra_categoria_negocio,Vestimentas tradicionales del departamento y municipio; mantas guajiras,1
otra_categoria_negocio,Servicio de sellado de bolsa plástica,1
otra_categoria_negocio,Muebles en madera y aglomerados,1
otra_categoria_negocio,"Centro de fotocopiado, productos de papelería, venta de minutos, ferretería, venta de recargas",1
otra_categoria_negocio,Carpintería metalica y de madera,1
otra_categoria_negocio,De todo un poco queso abarrotes,1
otra_categoria_negocio,Venta de detalles y regalos para ocasiones especiales,1
otra_categoria_negocio,Fabricamos calzado en cuero y sintético,1
otra_categoria_negocio,Jugueteria pelíches utilez,1
otra_categoria_negocio,Mantenimiento y venta de mangueras hidraulica,1
otra_categoria_negocio,Ventanas Divisiones en vidrio y Acrílico cielo en PVC Domos,1
otra_categoria_negocio,Venta de Medicamentos al por mayor y detal,1
otra_categoria_negocio,Mantenimiento y reparaciones,1
otra_categoria_negocio,"sala de internet, impresiones - copias - papleria",1
otra_categoria_negocio,Insumos para el hogar y salsas para restaurantes y supermercados,1
otra_categoria_negocio,Ventas colonias cremas ropa maquillaje,1
otra_categoria_negocio,"Ropa 
Accesorios
Maquillaje
Productos para el cuidado facial",1
otra_categoria_negocio,"Bolsos, collares, aretes, bufandas, relojes, maquillaje y bisuteria.",1
otra_categoria_negocio,Cubrelechos cobijas sábanas cortinas etc.,1
otra_categoria_negocio,"Tubos y accesorios de pvc, cartulinas, cuadernos, cemento, audífonos, tubos y accesorios cortinas. Thinner, disolventes, accesorios para el hogar, impermeables, desechables, lijas, impresiones, fotocopias, etc.",1
otra_categoria_negocio,Venta de aceites y filtros para carros y cambios de aceite,1
otra_categoria_negocio,Venta de calzado de moda y ropa,1
otra_categoria_negocio,Hilos e hilazas  insumos para confección,1
otra_categoria_negocio,Productos.  Como gorras AAA  .relojes. camisas . Pantalones . Conjuntos deportivos,1
otra_categoria_negocio,Distribución de soportes de TV al por mayor,1
otra_categoria_negocio,Fabricación y restauración de muebles,1
otra_categoria_negocio,Enseres,1
otra_categoria_negocio,"Repuestos de moro
Moto",1
otra_categoria_negocio,"Diseño y adecuación de interiores, mobiliario para oficinas, locales y demás.   
Decoración de interiores.",1
otra_categoria_negocio,"Impresión de diseños, diseños gráficos",1
otra_categoria_negocio,"Lavado de vehículos
Alineación y balanceo 
Cambio de aceite
Detailing",1
otra_categoria_negocio,Cuidado de Niños,1
otra_categoria_negocio,Mecanica,1
otra_categoria_negocio,"Belleza, cuidado del cabello y del rostro, manicure pedicure, pestañas",1
otra_categoria_negocio,"Flores, peluches y detalles",1
otra_categoria_negocio,Perfumería y ropa por catálogo,1
otra_categoria_negocio,"Desayunos sorpresas, decoración con globos",1
otra_categoria_negocio,Embellecimiento automotriz,1
otra_categoria_negocio,Peluqueria  y venta de ropa,1
otra_categoria_negocio,Calzado y ropa,1
otra_categoria_negocio,Accesorios en cuero para dama y caballero,1
otra_categoria_negocio,Muebles y demas,1
otra_categoria_negocio,Fabricacion e instalacion de ventaneria en aluminio arquitectonico y europeo,1
otra_categoria_negocio,"Servicios de construciones, mantenimientos, reparaciones y adecuaciones civiles para viviendas, conjuntos residenciales, oficinas",1
otra_categoria_negocio,"Servicios de mantenimiento y reparación aires acondicionados, neveras y lavadoras",1
otra_categoria_negocio,"Técnico Instalador de Redes Internas para el servicio de gas combustible residencial y comercial. 
Calibración y conexión de equipos a gas.
Diseño de redes...",1
otra_categoria_negocio,Estantería para materas mobiliario,1
otra_categoria_negocio,Fabricación de estructuras en hierro y guadua,1
otra_categoria_negocio,Alquiler de lavadoras por horas,1
otra_categoria_negocio,"impresion Digital gran formato, señalización , decoración entre otrso servicios",1
otra_categoria_negocio,Publicidad avisos volantes Acrilicos Papeleria comercial,1
otra_categoria_negocio,"Tinto,cafe,aguadepanela con queso,aromatica,maizena,jugos,gaseosas,empanadas,variedad de sanduches,dulceria,buñuelos,pandebonos,galletas,tortas....",1
otra_categoria_negocio,Formación educativa en liderazgo,1
otra_categoria_negocio,"Publicidad en General, Impresión Digital Laser,  Impresión Libros",1
otra_categoria_negocio,Venta de ropa interior,1
otra_categoria_negocio,Servicios eléctricos automotrices y venta de repuestos,1
otra_categoria_negocio,Libros,1
otra_categoria_negocio,Reparación de bicicletas y venta de repuestos,1
otra_categoria_negocio,Servicio de Lavado y mantenimiento de las cortinas manuales y motorizadas,1
otra_categoria_negocio,"Aceites ,grasas , valvulinas , refrigerantes , hidráulico y otras cosas",1
otra_categoria_negocio,Pan gaseosas jugos,1
otra_categoria_negocio,Remodelaciones,1
otra_categoria_negocio,Sandalia para dama y niña,1
otra_categoria_negocio,Lavadoras,1
otra_categoria_negocio,"Elaboración de muebles en melamina, desarrollo ideas que la gente tiene para su hogar.
Remodelaciones de vivienda",1
otra_categoria_negocio,"Aseo hogar, personal, gaseosas snacks, arroz, café, azúcar, y algunas cosas de papelería",1
otra_categoria_negocio,Muebles modulares en general,1
otra_categoria_negocio,Pulseras aretes cadenas,1
otra_categoria_negocio,"Distribución de alimentos catering, desayunos Sorpresa, arreglos Florales, cajas Dulceras, eventos sociales",1
otra_categoria_negocio,Repuesteria general para motocicletas y Mecánica general,1
otra_categoria_negocio,Respuestas y partes de bicicletas y servicio de mecánica,1
otra_categoria_negocio,Venta de Frito,1
otra_categoria_negocio,"Limpieza, desinfeccion e higiene de muebles, alfombras, tapetes y cojinería de autos",1
otra_categoria_negocio,Contenido para adultos,1
otra_categoria_negocio,"Ropa, calzado,bolsos y otros.",1
otra_categoria_negocio,Desayuno y almuerzo,1
otra_categoria_negocio,"Termos, vasos, camisetas personalizados",1
otra_categoria_negocio,"Ventas, asesoría de imagen, crédito",1
otra_categoria_negocio,Dulces paqueticos galletas todo lo relacionado con dulces,1
otra_categoria_negocio,"Pijamas, camisetas",1
otra_categoria_negocio,"Aluminio, acero, vidrio. Fabricación e instalación",1
otra_categoria_negocio,Regalos para hombres y mujeres ramos de fresas con  chocolate correas billetera gafas llaveros cajas sorpresa,1
otra_categoria_negocio,Cerrajería metalica,1
otra_categoria_negocio,Ventas de jugos,1
otra_categoria_negocio,"Anchetas
Desayunos
Cajas sorpresa
Empaques para regalo
Tarjetas
Globos",1
otra_categoria_negocio,Alimentos tales como pan y bebidas gaseosas,1
otra_categoria_negocio,"Ropa de Dama y caballero, Ropa interior de Dama y cabellero",1
otra_categoria_negocio,"Enseñanza, preparación física y técnica en el deporte voleibol para señoritas, desde los 8 años hasta los 18 años de edad",1
otra_categoria_negocio,Servicio de mecánica y repuestos automotriz,1
otra_categoria_negocio,Dulceria .. jugos  .. paqueteria,1
otra_categoria_negocio,"Diseños de sonrisa,  blanqueamiento dental , prótesis dentales",1
otra_categoria_negocio,"Bolsos de lujo versión triple a, accesorios, cachivaches",1
otra_categoria_negocio,Guardería y cuidado canino,1
otra_categoria_negocio,"Fabricación y distribución de bayetilla blanca o roja, tela toalla, toallas, limpiones, uniformes, delantales",1
otra_categoria_negocio,"Ropa, cosméticos, productos para el hogar",1
otra_categoria_negocio,"Cerámicas ,pegantes, cocinas",1
otra_categoria_negocio,"Gafas oftalmológicas, de sol, lentes de contacto y soluciones oftalmológicas",1
otra_categoria_negocio,Alquiler andamos,1
otra_categoria_negocio,"Venta de pijamas, blusas y medias",1
otra_categoria_negocio,Ropa y accesorios para caballero,1
otra_categoria_negocio,"Bolsos 
Gafas 
Relojes 
Carteras 
Perfumes",1
otra_categoria_negocio,"Recuperación del agua físico químico, instalaciones hidráulicas, y venta de químicos",1
otra_categoria_negocio,"jamones, queso, chirizos, tocineta, salchichas, pollo, mariscos, salsas y todo lo relacionado con productos  para la preparación de comidas rápidas",1
otra_categoria_negocio,"Amortiguadores
Cableados
Bobinas
Bombas de combustible
Correas
Tensores
Termostatos",1
otra_categoria_negocio,Arriendo o venta a crédito de lotes con servicio,1
otra_categoria_negocio,"Productos : comedores , camas,camarotes,peinadora, salas.
Servicios: restauración de comedores ,tapizado de muebles",1
otra_categoria_negocio,"Distribuyo tornilleria, herramienta, elementos de ferreteria",1
otra_categoria_negocio,Toda clase de arreglos de prendas de vestir,1
otra_categoria_negocio,"Venta de vitaminas, proteínas, pre entrenos y accesorios para gym",1
otra_categoria_negocio,"Baño de mascotas peluquería, vendo cachorros, educación canina",1
otra_categoria_negocio,Ofrecemos la mejor ropa y jugueteria para niños y niñas ropa importa con excelente calidad en tela y materiales de juego,1
otra_categoria_negocio,"Zapatos AAA
Camisetas 
Y mochonas",1
otra_categoria_negocio,Tortas y postre,1
otra_categoria_negocio,"Hojas de vida ,creación y actualización de rut, afiliación a arl , secopp 2 , sigep 2, redacción, impresiones, escaneo ,copias , cuentas de cobro",1
otra_categoria_negocio,"Peluches, regalos sorpresas , anchetas",1
otra_categoria_negocio,Alquiler de equipos de audio y video,1
otra_categoria_negocio,"Productos para pesca deportiva: cañas, carreteles",1
otra_categoria_negocio,"Regalos en general
Fresas con chocolate
Flores
Desayunos sorpresa",1
otra_categoria_negocio,"Carteleras, agendas decoradas en fomy, tarjetas, pines, cajas etc",1
otra_categoria_negocio,Diseño e impresion,1
otra_categoria_negocio,Ropa lociones productos aseo,1
otra_categoria_negocio,Grabación de publicidad para radio y televisión,1
otra_categoria_negocio,Lavado polinchado desmanchado,1
otra_categoria_negocio,"Venta de soat, pagos de facturas, recaudos a bancos , recargas, apuestas deportivas",1
otra_categoria_negocio,"Venta de productos para cuidado de mascotas, cuido y comida para ellos y accesorios de belleza y jugueteria",1
otra_categoria_negocio,"Vidrio al por menor, ventas y puertas en aluminio, closet, cocinas integrales",1
otra_categoria_negocio,Venta de repuestos,1
otra_categoria_negocio,Arreglos,1
otra_categoria_negocio,"Medias, camisetas, busos",1
otra_categoria_negocio,"Servicio de mantenimiento y reparación de motocicletas, y venta de partes y piezas nuevas para motocicletas",1
otra_categoria_negocio,"Bebidas calientes, paqueteria, dulceria y bebidas frias",1
otra_categoria_negocio,Aceite azúcar arroz etc carne pollo y lácteos bebidas y venga de pipetas de gas,1
otra_categoria_negocio,"Diseño gráfico, desarrollo web",1
otra_categoria_negocio,"Venta de bolsos
Y maletas",1
otra_categoria_negocio,Ropa marca personal  calzado lentes formulados accesorios relojería,1
otra_categoria_negocio,Pisos en caucho para gym y toda clase de superficie plana . Jabónes desengrasantes para todo el sector automotriz.,1
otra_categoria_negocio,Bebidas como cerveza gaseosa,1
otra_categoria_negocio,"Juegos, bebidas alcohólicas, gaseosas, snack",1
otra_categoria_negocio,Negocio de comidas preparadas rápidas,1
otra_categoria_negocio,Ropa infantil de niños y niñas 0-12 años,1
otra_categoria_negocio,Desayunos y almuerzos es un negocio de comidas corrientes,1
otra_categoria_negocio,Productos,1
otra_categoria_negocio,Manicure pedicure acrilicos y semipermanentes,1
otra_categoria_negocio,Transpprte en moto o domicilios,1
otra_categoria_negocio,Yo pinto ago casas,1
otra_categoria_negocio,Soy contratista de obra civil,1
otra_categoria_negocio,Artesanías,1
otra_categoria_negocio,Realizamos dibujo arquitectónico e instalaciones hidráulicas sanitarias en programa de AutoCAD,1
otra_categoria_negocio,Lencería camisetas y juguetes sexuales,1
otra_categoria_negocio,Accesorios y manualidades en foamy,1
otra_categoria_negocio,Vendo ventanas puertas todo lo relacionado con hierro aluminio vidrio templado y acero,1
otra_categoria_negocio,Calibración de equipos biomédicos,1
otra_categoria_negocio,Realizo remodelaciones de todo tipo en bienes inmuebles,1
otra_categoria_negocio,Reparación y mantenimiento de electrodomésticos,1
otra_categoria_negocio,Bueno hago sol presas para cumpleaños bautizó comunión desyuno y decoración etc,1
otra_categoria_negocio,Construyo equipo cargador de baterías a 110 / par cargar baterías para carros y motos de 12 a 2r voltios,1
otra_categoria_negocio,Productos o cultivos transitorios en especial aji tipo chili y rocotto,1
otra_categoria_negocio,Seguridad industrial,1
otra_categoria_negocio,Muebles y objetos,1
otra_categoria_negocio,Aire acondicionado,1
otra_categoria_negocio,Servicio de soldadura  y mantenimiento,1
otra_categoria_negocio,Aparatos electrónicos,1
otra_categoria_negocio,Es un medio de comunicación comunitaria es un periódico en medio físico,1
otra_categoria_negocio,"Multiservicios para Moteros , accesorios, repuestos , vinilos, calcas",1
otra_categoria_negocio,Software para puntos de venta,1
otra_categoria_negocio,Por ej Colágeno gingo biloba zarzaparrilla vitamina E todo sobre la medicina natural primero les doy charla y les muestro los productonq llevo y les ofrezco lo q necesitan o como ya tengo varios clientes me encargan,1
otra_categoria_negocio,Tengo como un jardín donde se hacen asesorías y refuerzos escolares se cuidan niños,1
otra_categoria_negocio,Miel de abeja 100% pura miel del campo,1
otra_categoria_negocio,Pescado mojarra roja y negra,1
otra_categoria_negocio,Productos sexshop vibrador lubricante lencería,1
otra_categoria_negocio,"Vendemos jabones liquidos jabón para ropa,manos,loza, desengrasante",1
otra_categoria_negocio,Medicamentos,1
otra_categoria_negocio,Venta de tamales,1
otra_categoria_negocio,Soldadura,1
otra_categoria_negocio,Venta de Accesorios  y Servicio técnico de celulares,1
otra_categoria_negocio,"Productos para hogar, negocios en general de productos de aseo orgánicos , biodegradable y ecológicos",1
otra_categoria_negocio,Pasamanos en acero inox y aluminio,1
otra_categoria_negocio,Ornamentación,1
otra_categoria_negocio,Mi negocio se basa en la realización de planos arquitectónicos en autocad,1
otra_categoria_negocio,"Todo lo relacionado con accesorios para celulares, cárcasas, Manos libres, cargadores, beterias",1
otra_categoria_negocio,"Tienda de accesorios de  mascotas, consultas",1
otra_categoria_negocio,"Vendemos artículos electrónicos para amplificación,y servicio de amplificacion para eventos",1
otra_categoria_negocio,Ofrecemos servicios de terapias para niños y vendemos kits nutricionales a bajo costo,1
otra_categoria_negocio,Accesorios y artículos para celulares,1
otra_categoria_negocio,Hago calzado deportivo,1
otra_categoria_negocio,Vendo carne de cerdo al por mayor por encargos,1
otra_categoria_negocio,Productos publicitarios mugs lapiceros y llaveros,1
otra_categoria_negocio,Elaboración de muñecos en tela,1
otra_categoria_negocio,Vendo todo lo relacionado con carnaza y galletas para mascotas,1
otra_categoria_negocio,Servicio técnico accesorios y personalización de motocicletas,1
otra_categoria_negocio,Venta de productos de aseo personal y aseo hogar venta de comida y accesorios para Mascotas,1
otra_categoria_negocio,Servicio a domicilio,1
otra_categoria_negocio,"Medicamentos, productos de aseo personal, cosméticos",1
otra_categoria_negocio,Repuestos gas,1
otra_categoria_negocio,"Arroz, pasta, aceite, gaseosas, dulces, galletas y demas",1
otra_categoria_negocio,Muñecos,1
otra_categoria_negocio,"Viveres ,Bar y Licores ,bebidas ,medicamentos",1
otra_categoria_negocio,COMIDA PREPARADAS,1
otra_categoria_negocio,"Jamón, queso, charcurteria",1
otra_categoria_negocio,Abrazaderas para la tubería de los edificios,1
otra_categoria_negocio,Venta de comidas rápidas como chuzo picada fritos,1
otra_categoria_negocio,Vendo piña golden llanera en corabastos,1
otra_categoria_negocio,"Ofresco mis servicios como, drywall, enchapes, techos de PVC, ornamentación, obra blanca, obra gris en general",1
otra_categoria_negocio,Presto servicio de mantenimiento e instalación de equipos de seguridad electrónica,1
otra_categoria_negocio,MERCADO Y PERSEVERO,1
otra_categoria_negocio,ARREGLO Y ROPA,1
otra_categoria_negocio,Construccion y ferreteria,1
otra_categoria_negocio,Lavado de autos y comidas,1
otra_categoria_negocio,"Copias, impresiones",1
otra_categoria_negocio,Venta de todo tipo de productos para el aseo hogar,1
otra_categoria_negocio,"Tomate
Cebolla
Papa criolla",1
otra_categoria_negocio,"Compro y vendo lentes oftalmicos para gafas, no tengo un establecimiento",1
otra_categoria_negocio,Cultivo y distribuyó cebollín chino,1
otra_categoria_negocio,Arreglo de puertas de carros asesoríos y demas,1
otra_categoria_negocio,"Salchipapas, hamburguesas, perro caliente, tinti",1
otra_categoria_negocio,Compra y venta de verdura,1
otra_categoria_negocio,"-Servicios de mantenimiento predictivo, preventivo,correctivo de PC y portatiles
- servicio de mantenimiento he instalación de CCTV 
- servicio de diseño instalación y mantenimiento de redes de cómputo cableado e inalambrico",1
otra_categoria_negocio,Carnes frías yogurt pollo,1
otra_categoria_negocio,Ago cortes para calzado,1
otra_categoria_negocio,"Impresiones, fotocopias, escaner, trabajos por computador, digitación, recargas",1
otra_categoria_negocio,Soy contratista de obra acabado pintura driwall PVC superboark para y pintura,1
otra_categoria_negocio,Cultivo y distribuyó raíz china,1
otra_categoria_negocio,Dictó clases de refuerzos y control de tareas a niños en sus casas,1
otra_categoria_negocio,Vendemos clases de tenis para Niños y Adultos,1
otra_categoria_negocio,PapelerÃ­a y miscelánea,1
otra_categoria_negocio,Alquilo lavadoras y venta de  congelados,1
otra_categoria_negocio,Accesorio para celulares celulares reparo celular benta de carcasas,1
otra_categoria_negocio,Suministro de personal de aseo todero mensajeros para condominios,1
otra_categoria_negocio,Se forman deportistas y cada uno paga una pensión mensual,1
otra_categoria_negocio,Nos dedicamos a la deshidratación venta y distribución de alimentos deshidratados,1
otra_categoria_negocio,Repuestos para motocicleta,1
otra_categoria_negocio,"Se vende tinto, agua aromatica, cigarrillos y demas golosinas en inmediaciones del peaje de tuta- boyaca",1
otra_categoria_negocio,"Tengo un criadero de pollos, los cuales sacrifico, y luego los vendo",1
otra_categoria_negocio,Seguridad industrial elementos de protección industrial uniformes,1
otra_categoria_negocio,"Jugos de naranja,empanadas,galletas,dulces, bebidas frías y calientes,tapabocas,",1
otra_categoria_negocio,es de abarrotes y mucho mas,1
otra_categoria_negocio,Servicios de fisioterapia a domicilioa y venta de postres,1
otra_categoria_negocio,"Servicio técnico celular
Ventas por mayor y al fetal
Pantallas
Pacha
Display
Accesorios para celular",1
otra_categoria_negocio,"Cigarrillo, jugos galletas dulces y minutos",1
otra_categoria_negocio,Desayunos y detalles sorpresa,1
otra_categoria_negocio,Comercializó estantería para bodegas,1
otra_categoria_negocio,Es arrendando,1
otra_categoria_negocio,Venta al Mayor y al detal de Papayas,1
otra_categoria_negocio,Construcción y acabados de casas y apartamentos,1
otra_categoria_negocio,Mantenimiento e instalaciones,1
otra_categoria_negocio,Ropa para hombre,1
otra_categoria_negocio,Pitahaya y granadilla,1
otra_categoria_negocio,Ofrezco mis servicios para realizar todo tipo de trabajo en construcción y remodelación de vivienda,1
otra_categoria_negocio,Todo tipo de corte peinados y manicure,1
otra_categoria_negocio,Punto de recarga y venta de minutos,1
otra_categoria_negocio,Mantenimiento automotriz,1
otra_categoria_negocio,"Mantenimiento de estructura de trailer, suspensión, alargues, modificaciones y quintaruedas",1
otra_categoria_negocio,Fabrico galletas para mascotas,1
otra_categoria_negocio,Hago montajes de paredes flotantes en madera,1
otra_categoria_negocio,"Venta al por menor de tornilleria en general y herramienta manual, electrica",1
otra_categoria_negocio,Cable bonbillos reguladores todo lo relacionado con automotris,1
otra_categoria_negocio,Sabanas 100 % algodón,1
otra_categoria_negocio,Hacemos puertos ventanas rejas estructuras,1
otra_categoria_negocio,Elaboracion de Puerta y ventanas,1
otra_categoria_negocio,"Vendo empanadas y comida especial para eventos según   la necesidad del cliente ,  es puesto ambulante  y se realiza desde la cocina de mi apartamento",1
otra_categoria_negocio,"Papel fotográfico, todo lo que sea personalizado, mugs,camisetas, gorras, lienzos",1
otra_categoria_negocio,"Especial para atender a las personas y ponerlas bellas, cuento con herramientas y productos de calidad",1
otra_categoria_negocio,Trabajo por pedidos,1
otra_categoria_negocio,Confecciones y modistería,1
otra_categoria_negocio,Traigo cerdo de cordoba hacia medellin,1
otra_categoria_negocio,Vendo ropa  calzado  comidas  y trabajo con royal prestich,1
otra_categoria_negocio,Venta de celulares a crédito y al detal,1
otra_categoria_negocio,Venta de pescado,1
otra_categoria_negocio,"Fabricación y suministro de carpintería comoncounas integrales, closer ,puertas , centro de entretenimiento",1
otra_categoria_negocio,Mi negosio es familiar sacamos 30 paquetes de arepas de lunes a viernes a 4000 paquete,1
otra_categoria_negocio,Fabricación y reparación en gral de muebles de madera y tapizados,1
otra_categoria_negocio,Venta de queso bollos suero al detal,1
otra_categoria_negocio,"Fabricamos productos para embalaje: vinipel, cartón corrugado , zuncho, grapa ,cintas",1
otra_categoria_negocio,"Empanadas , pasteles, gaseosas y demas mekatos",1
otra_categoria_negocio,"Minutos a celular,llamadas internacionales,internet",1
otra_categoria_negocio,"Ferreteria en general, tornillería y electricos 110v",1
otra_categoria_negocio,"Servicios de producción audiovisual, vídeo y fotografía",1
otra_categoria_negocio,"Vendo todo tipo de eventos familiares 
 quince años, bodas, aniversarios y empresariales",1
otra_categoria_negocio,Somos un consultorio odontologíco se presta el servicio odontológico,1
otra_categoria_negocio,Lo manejo virtual,1
otra_categoria_negocio,Artesanias manualidades,1
otra_categoria_negocio,Ofrezco servicios de enfermería cuidado del adulto mayor,1
otra_categoria_negocio,Relojes lociones accesorio para telí©fonos celulares y otras cosas,1
otra_categoria_negocio,Ropa al por mayor,1
otra_categoria_negocio,Cerbezas,1
otra_categoria_negocio,Camisetas y sudaderas,1
otra_categoria_negocio,"Bueno comercializamos artículos de tecnología, y celulares, también accesorios y juegos de consolas de videojuegos",1
otra_categoria_negocio,Barcos en boteyasn sueteres estanpados imas,1
otra_categoria_negocio,Gelatina de pata,1
otra_categoria_negocio,Cuido adultos mayores,1
otra_categoria_negocio,VÃ­veres de la costa y granero,1
otra_categoria_negocio,Tengo venta de gaseosas       Hielos bolis                              Mecatos                                        Y utililes escolares,1
otra_categoria_negocio,Este es mi brochure,1
otra_categoria_negocio,miselanea,1
otra_categoria_negocio,Repuestos todo lo q tenga q ver con carro,1
otra_categoria_negocio,Cables manos libres forros cargadores,1
otra_categoria_negocio,Todo relacionado con artes gráficas impresión de gran formato y publicidad,1
otra_categoria_negocio,FotografÃ­a,1
otra_categoria_negocio,"Vendo , maquillaje de trendy",1
otra_categoria_negocio,Tintos aromáticas café en leche empanadas pinchos paquetes gelatinas,1
otra_categoria_negocio,Venta de suplementos alimenticios,1
otra_categoria_negocio,Venta de Restaurantes y Comidas al,1
otra_categoria_negocio,Realizamos asesoría jurídica e investigaciones de siniestros,1
otra_categoria_negocio,"Venta de suministros computadores, impresoras y celulares
Servicio técnico",1
otra_categoria_negocio,"Ensaladas caseras , fruta picada, sopas caseras, pulpas para jugÃ³",1
otra_categoria_negocio,Productos de tienda papelerÃ­a minutos recargas y Restaurantes y Comidas,1
otra_categoria_negocio,MiscelÃ¡neas,1
otra_categoria_negocio,Vendo accesorios de celulares mi nutos recargas,1
otra_categoria_negocio,Somos una empresa dedicada a prestar servicios de enfermería en las domicilios,1
otra_categoria_negocio,Soy tatuadora vendo arte,1
otra_categoria_negocio,Purina para toda clase de animales,1
otra_categoria_negocio,Gaseosas pan desayunos golosinas,1
otra_categoria_negocio,Celulares computadores,1
otra_categoria_negocio,Cerdo,1
otra_categoria_negocio,Enfermería domicilio y curación de heridas,1
otra_categoria_negocio,Reparación y mantenimiento venta de repuestos para motocicletas,1
otra_categoria_negocio,Aguacates al mayor y detal,1
otra_categoria_negocio,Juguetes,1
otra_categoria_negocio,Hacemos toda clase de llaves para casa carro y mantenimiento cambio de guardas y venta de cerraduras,1
otra_categoria_negocio,Vendo variedades de alimentos de diferentes empresas yo soy distribucion,1
otra_categoria_negocio,Marmol,1
otra_categoria_negocio,Restaurantes y Comidas-Tintos Cigarrillos,1
otra_categoria_negocio,Servicios de BarberÃ­a,1
otra_categoria_negocio,"Mantenimiento de generadores ,motores , transformadores , máquinas de soldar ,servicio eléctrico y electronico",1
otra_categoria_negocio,Es un taller de confecciÃ³n le confeccionamos a terceros,1
otra_categoria_negocio,Todo lo relacionado con cafeterÃ­a,1
otra_categoria_negocio,Producto de aseo para instituciones educativas principalmente,1
otra_categoria_negocio,"Puertas de seguridad, cortinas, chimeneas, modulares, divisiones de baño",1
otra_categoria_negocio,ARTESANIA,1
otra_categoria_negocio,Perros gaseosas arepas de queao,1
otra_categoria_negocio,Pan,1
otra_categoria_negocio,Comidas rápidas y postes,1
otra_categoria_negocio,Productos de panadería algo de víveres cafetería con venta de empanadas pasteles bebidas lácteos,1
otra_categoria_negocio,Ropa calzadomiscelanea,1
otra_categoria_negocio,"Comida artesanal, productos de panadería, pizzas lasagñas panes rellenos",1
otra_categoria_negocio,pero hago chocolates Para toda ocasión En diferentes forma como corazones,1
otra_categoria_negocio,Ropa de dama y niña,1
otra_categoria_negocio,Cartón recuperado reciclado,1
otra_categoria_negocio,Cortinas,1
otra_categoria_negocio,Congelados,1
otra_categoria_negocio,Tengo negocio de lavadoras y negocio de deditos,1
otra_categoria_negocio,"Helados, bebidas frías, mekatos",1
otra_categoria_negocio,Vendo mi conocimiento e diceño,1
otra_categoria_negocio,Servicio técnico linea blanca,1
otra_categoria_negocio,Repuestos aceites todo lo relacionado con motos,1
otra_categoria_negocio,Elaboración y venta de empanadas,1
otra_categoria_negocio,Confeccionó a  terceras personas Vestidos shorts pantalones y blusas,1
otra_categoria_negocio,Lencería del hogar,1
otra_categoria_negocio,Todo lo relacionado con empaques plásticos y desechables,1
otra_categoria_negocio,Perros calientes,1
otra_categoria_negocio,Mira vendo hamburguesas dobles y sencilla salchichapapas dobles y sencilla arepas mixtas arepa con queso arepas con quesillo y jamón,1
otra_categoria_negocio,Empanadas arepas papas y jugos y limonada,1
otra_categoria_negocio,"Estampación por sublimado de mugs, termos, camisetas, pad mouse",1
otra_categoria_negocio,Servicios de publicidad y locucion,1
otra_categoria_negocio,Calzado botas de dama,1
otra_categoria_negocio,"Vendo alimentos, como 3mpsnadas arepas bebidas calientes paquetes dulces etc",1
otra_categoria_negocio,Confeccionó ropa de dama y caballeros,1
otra_categoria_negocio,Toda clase de Acabados Venta e instalación,1
otra_categoria_negocio,Hago cerámicas Virgenes y alcancías,1
otra_categoria_negocio,Comida,1
otra_categoria_negocio,Se hacen trabajos en aluminio,1
otra_categoria_negocio,Gaseosas Glasial Botellas De aguas Jugos de cajas,1
otra_categoria_negocio,Hago diferentes diseños e impresión como tarjetas almanaques y toda clase de papelería,1
otra_categoria_negocio,Vendo chorizos empacados al vacío,1
otra_categoria_negocio,"En el restaurante vendo almuerzos, pollo asado , presas de pollo Maduros dedos de queso empanadas sancochos consomes papá rellenas papás aborrajadas",1
otra_categoria_negocio,Árepas,1
otra_categoria_negocio,Realizo vente de tamales,1
otra_categoria_negocio,yuca y queso Yo traigo yuca queso de  otros  pueblos y vendo en mu casa,1
otra_categoria_negocio,"Mecatos y gaseosas, viveres",1
otra_categoria_negocio,"Comidas rápidas, micheladas, malteadas, frappé, mangadas, cerezadas",1
otra_categoria_negocio,Desayunos  almuerzos y cena,1
otra_categoria_negocio,Vebfo ensaladas preparadas,1
otra_categoria_negocio,Confección de prendas de vestir,1
otra_categoria_negocio,Papelería y variadades,1
otra_categoria_negocio,Comidas y bebidas,1
otra_categoria_negocio,Venta deCalzado para dama,1
otra_categoria_negocio,Arepas rellenas Empanadas Longanizas Masato Gaseosa Marranitas Pasteles,1
otra_categoria_negocio,Hago asesorías contables  y presto el servicio de afiliaciones a seguridad social a terceros,1
otra_categoria_negocio,Cascos para motociclista a crédito,1
otra_categoria_negocio,"Variedades para la parte escolar, aeeo personal y otras cositas",1
otra_categoria_negocio,Es una pequeña miselania,1
otra_categoria_negocio,Desayunos sorpresa meriendas arreglos florales detalles organizo eventos,1
otra_categoria_negocio,Organizo eventos familiares y rmpresariales,1
otra_categoria_negocio,Elaboracion de Chaquetas,1
otra_categoria_negocio,elaboró prendas de vestir como camisas  suéter y prendas para damas y niños,1
otra_categoria_negocio,Soy soldador,1
otra_categoria_negocio,Vendemos almuerzos y fritos,1
otra_categoria_negocio,Distribución de gaseosa y jugos al por mayor y al detal,1
otra_categoria_negocio,"Tennis triple A, jean busos  chaquetas, blusas, camisetas",1
otra_categoria_negocio,Fotocopia trabajos transcripciones e impresiones  trabajos para estudiantes y otras personas  en general,1
otra_categoria_negocio,Confecciono ropa de dama,1
otra_categoria_negocio,"Útiles escolares
 detalles ropa de paca",1
otra_categoria_negocio,"Fotocopias, impresiones, transcripciones y resfresqueria",1
otra_categoria_negocio,Mantenimiento de pisos lavado pulido brillado,1
otra_categoria_negocio,"Minutos, recargas, fotocopias, consultas de Internet, helados, dulces, tinto, aromática, empanadas, papa criolla, trabajos para el colegio",1
otra_categoria_negocio,productos de picadas y tortas,1
otra_categoria_negocio,Vendo panes deditos pastelitos y chichas,1
otra_categoria_negocio,"Ropa, Calzado, Detalles miscelaneos",1
otra_categoria_negocio,Fabrico calzado,1
otra_categoria_negocio,Comidas preparadas,1
otra_categoria_negocio,Vasos de carton Tapas de carton para panaderia paqueteado o al x mayor mezcladores de carton,1
otra_categoria_negocio,Taller de soldadura transformación del metal,1
otra_categoria_negocio,Comida rápidas,1
otra_categoria_negocio,"Chuleta,pechuga chorizo todo asado y va acompañado con yuca ,bollo ensalada y salsas y papas",1
otra_categoria_negocio,Almuerzos caseros,1
otra_categoria_negocio,mercancia y colonias,1
otra_categoria_negocio,Es un negocio de comidas rápidas la especialidad son las hamburguesas,1
otra_categoria_negocio,Alquiler y Reparación de Lavadoras,1
otra_categoria_negocio,Productos comida rapida por encargo,1
otra_categoria_negocio,Muebles,1
otra_categoria_negocio,Venta de repuestos y arreglo de motocicletas,1
otra_categoria_negocio,"Fritanga, tamales rellenas",1
otra_categoria_negocio,Arroz panela leche gaseosas mecatos cervezas,1
otra_categoria_negocio,"Vendo ropa accesorios de niñas bolso
Arreglo uñas hago recargas",1
otra_categoria_negocio,Pan gaseosas mekatos fritos cigarros,1
otra_categoria_negocio,Alimentos preparados los fines de semana,1
otra_categoria_negocio,Alimento y accesorios para mascotas,1
otra_categoria_negocio,"Vendo cremas,perfumes y ropa",1
otra_categoria_negocio,"Productos de papeleria y miscelanea, dulceria, helados, relacionados con la impresion y pagos y recargas",1
otra_categoria_negocio,Fabrico muebles y gimnasios para mascotas,1
otra_categoria_negocio,Torta y galletas,1
otra_categoria_negocio,Confección de ropa,1
otra_categoria_negocio,Accesorios para motos y bicicletas,1
otra_categoria_negocio,Servicios,1
otra_categoria_negocio,BANANO FRESCO TIPO EXPORTACIÓN Pequeños productores de banano peprobanurcoop,1
otra_categoria_negocio,Tortiyas para  haser  sopa,1
otra_categoria_negocio,"Fabrico y vendo camas para mascotas, perros y gatos",1
otra_categoria_negocio,Comidas,1
otra_categoria_negocio,Cigarrillo confitería en general,1
otra_categoria_negocio,Ofrezco un servicio de asesoría de tareas y cuidado de niños,1
otra_categoria_negocio,Ztunning,1
otra_categoria_negocio,"Avisos luminosos , valla publicitarias , señales de tránsito,  pendones afiches",1
otra_categoria_negocio,Vendo un producto orgánico para acabar las cucarachas  y la última cena de los ratones,1
otra_categoria_negocio,Huevos,1
otra_categoria_negocio,"Ropa, belleza, productos comestibles",1
otra_categoria_negocio,"Suministros para eléctricos y ferretería, pinturas",1
otra_categoria_negocio,taller de Zapatos,1
otra_categoria_negocio,"Fabrico lavaderos de e ropa en granito pulido, mesones de cocina,  pasis de escalas,",1
otra_categoria_negocio,Realizó fotografía de eventos sociales y foto modelaje,1
otra_categoria_negocio,Son productos para autos lavado en seco No se usa agua,1
otra_categoria_negocio,Limon,1
otra_categoria_negocio,Es venta de obleas pero no está registrado en cámara y comercio ya q mi negocio es en mi casa,1
otra_categoria_negocio,Vendo chance lotería minutos recargas,1
otra_categoria_negocio,Hago masajes y limpieza faciales plasma botox drenaje linfático y posoperatorio,1
otra_categoria_negocio,Taller de motos,1
otra_categoria_negocio,Vendo medicamentos,1
otra_categoria_negocio,Distribución de productos snacks,1
otra_categoria_negocio,servicios técnicos plomería pintura electricidad cerrajería,1
otra_categoria_negocio,"Compro chatarra,cobre, bronce, aluminio, reciclaje en general",1
otra_categoria_negocio,Servicio de reparación,1
otra_categoria_negocio,COMIDA PREPARADA,1
otra_categoria_negocio,Comidas Prepradas,1
otra_categoria_negocio,ARREGLO Y ROPA AL POR MAYOR,1
otra_categoria_negocio,"Yo vendo todo lo relacionado para las mascotas 
Comida
Juguete
Accesorios 
Se hacen baños y cortes para las mascotas
Vacunas",1
otra_categoria_negocio,Sistemas de seguridad electrónica,1
otra_categoria_negocio,MISELANEA,1
otra_categoria_negocio,Jean,1
otra_categoria_negocio,Productos y servicios para el embellecimiento de motos,1
otra_categoria_negocio,Se trata de prestaciones de servicio en instalación eléctrica residencialcomercial y industrial,1
otra_categoria_negocio,Doy refuerzos académicos y escolares a niños y niñas de 3 años de edad en adelante,1
otra_categoria_negocio,Minitienda,1
otra_categoria_negocio,Me dedico a hacer y vender pinturas,1
otra_categoria_negocio,Carpas estructuras metálicas,1
otra_categoria_negocio,Soy Tecnologo ing automotriz y vendo arreglos preventivos y correctivos automotrices por ahora a Domicilio,1
otra_categoria_negocio,Estampó camiseta y publicidad,1
otra_categoria_negocio,Tornillos de vehículos,1
otra_categoria_negocio,Vinipel industrial Papel Chicle,1
otra_categoria_negocio,Estamos haciendo arte y empresa con material reciclado somos líderes en el mercado en pesebre más grandes,1
otra_categoria_negocio,Vendo camisetas urbanas,1
otra_categoria_negocio,Servicio técnico mecánico automotriz,1
otra_categoria_negocio,"Productos personalizados 
Decoración de fiestas
Tortas
Pendones
Volantes
Tarjetas de presentación 
Tarjeta de invitación 
Tazas personalizadas
Camisetas estampadas 
Y otros",1
otra_categoria_negocio,"Accesorios para Celular por mayor, películas, memorias con música",1
otra_categoria_negocio,Reparación de llantas pinchadas,1
otra_categoria_negocio,Reparación automotriz,1
otra_categoria_negocio,Pasabocas postress para,1
otra_categoria_negocio,Tolvas para trituración de carbón,1
otra_categoria_negocio,VENTA DE REPUESTOS,1
otra_categoria_negocio,Mangos al por mayor,1
otra_categoria_negocio,Yo soy técnico en seguridad electrónica instaló y vendo cámaras de seguridad,1
otra_categoria_negocio,"Presto servicios de internet, llamadas nacionales, internacionales, venta de producto cosmético, papelería y otros",1
otra_categoria_negocio,Control de plagas,1
otra_categoria_negocio,Vendo huevos de gallina purina y criolla 100% de campo,1
otra_categoria_negocio,Tengo una tienda de abarrotes y bebidas,1
otra_categoria_negocio,"Empecé con lo básico accesorios para PVC, tornillos cables, cemento pinturas y lo demás para ferretería y construcción",1
otra_categoria_negocio,Calzado de todo tipo,1
otra_categoria_negocio,Servicios publicitarios activaciones de marcas y perifoneo,1
otra_categoria_negocio,Prestó el servicio de Asesoría de tareas y refuerzo escolar hasta 3 grado de primaria,1
otra_categoria_negocio,Productos Eroticos,1
otra_categoria_negocio,Mis servicios es lavar y planchar a los conductores del sector buses intermunicipal,1
otra_categoria_negocio,Soy la tornero pintor carros y motos,1
otra_categoria_negocio,Realizamos decoración en foami,1
otra_categoria_negocio,Venta de zapatos y bolsos virtual,1
otra_categoria_negocio,Ornamentación fabricación,1
otra_categoria_negocio,Plantas Tipo vivero,1
otra_categoria_negocio,Vendo batidos de borojo con potencializado res y vitaminas,1
otra_categoria_negocio,Fabricación de calzado para dama y niñas,1
otra_categoria_negocio,Todo lo relacionado con la demarcacion vial,1
otra_categoria_negocio,"Ropa,calzado y artesanias",1
otra_categoria_negocio,Repuestos eléctricos para vehículo,1
otra_categoria_negocio,Utensilios de cocina  y hogar,1
otra_categoria_negocio,Vendo pijamas para damas y niños,1
otra_categoria_negocio,Lavarropas  para apartamentos,1
otra_categoria_negocio,Hacemso reparaciones istalaciones mantenimiento se aires neveras labadoras ny suministro de repuestos,1
otra_categoria_negocio,Producimos lechuga hidropónica,1
otra_categoria_negocio,Carbón,1
otra_categoria_negocio,Ventamas,1
otra_categoria_negocio,Vendo neveras y lavadoras de segunda y servicios técnicos a domicilio,1
otra_categoria_negocio,Prestó el servicio de mantenimiento y reparación de equipos de refrigeración y Lavadoras,1
otra_categoria_negocio,"No vendemos productos, somos un Call Center de cobranzas",1
otra_categoria_negocio,"Vendo verduras,frutas",1
otra_categoria_negocio,Compra venta y reparación de motos y bicicletas eléctricas,1
otra_categoria_negocio,Se lavan y detallan toda clase de automóviles,1
otra_categoria_negocio,Instacion cielos Razos y decoración en yeso,1
otra_categoria_negocio,Presto servicios de mecánica automotriz reparación de motores servicios en general,1
otra_categoria_negocio,Repuestos electrónicos y reparación de electrodomésticos,1
otra_categoria_negocio,Reparo motos,1
otra_categoria_negocio,"servicios de recargas, imprsiones, copias ,consultas y venta de utiles relacionados con papelerias",1
tipo_credito,Primer Crédito,4200
tipo_credito,Renovación,1
